station,system,subsystem,schedule_name,total_pm,on_time,late,avg_days_late,compliance_pct
AHNR,AFC,AFC SWITCH,QUARTERLY,9,3,6,42.7,33.3
AHNR,AFC,AVM,MONTHLY,42,18,24,4.9,42.9
AHNR,AFC,EC,HALF YEARLY,1,0,1,101.0,0.0
AHNR,AFC,EC,QUARTERLY,5,0,5,107.4,0.0
AHNR,AFC,EFO,QUARTERLY,10,6,4,-0.8,60.0
AHNR,AFC,GATE,MONTHLY,220,122,98,6.4,55.5
AHNR,AFC,SC,HALF YEARLY,2,1,1,-60.5,50.0
AHNR,AFC,SWING BARRIER,MONTHLY,6,2,4,51.7,33.3
AHNR,AFC,TOM,QUARTERLY,24,12,12,35.8,50.0
AHNR,AFC,TVM,BI-WEEKLY,12,3,9,16.5,25.0
AHNR,AFC,TVM,MONTHLY,36,27,9,2.6,75.0
AHNR,TELECOM,CCTV,HALF YEARLY,39,39,0,-110.0,100.0
AHNR,TELECOM,CCTV,QUARTERLY,309,240,69,-10.9,77.7
AHNR,TELECOM,CLOCK,HALF YEARLY,36,20,16,-70.4,55.6
AHNR,TELECOM,CLOCK,QUARTERLY,12,10,2,8.2,83.3
AHNR,TELECOM,EPABX,HALF YEARLY,4,2,2,7.5,50.0
AHNR,TELECOM,EPABX,MONTHLY,25,12,13,4.0,48.0
AHNR,TELECOM,EPABX,QUARTERLY,7,4,3,35.1,57.1
AHNR,TELECOM,PAS/PIDS,HALF YEARLY,41,11,30,18.6,26.8
AHNR,TELECOM,PAS/PIDS,MONTHLY,73,58,15,-17.8,79.5
AHNR,TELECOM,PAS/PIDS,QUARTERLY,656,352,304,8.7,53.7
AHNR,TELECOM,PAS/PIDS,YEARLY,31,31,0,-295.4,100.0
AHNR,TELECOM,RADIO,MONTHLY,16,8,8,1.0,50.0
AHNR,TELECOM,RADIO,QUARTERLY,1,0,1,296.0,0.0
AHNR,TELECOM,SDH/MPLS,HALF YEARLY,1,0,1,9.0,0.0
AHNR,TELECOM,SDH/MPLS,QUARTERLY,2,1,1,4.5,50.0
AHNR,TELECOM,SMPS,HALF YEARLY,2,0,2,100.0,0.0
AHNR,TELECOM,SMPS,MONTHLY,34,20,14,12.8,58.8
AHNR,TELECOM,TELE SWITCH,HALF YEARLY,4,2,2,-22.5,50.0
AHNR,TELECOM,TELE SWITCH,QUARTERLY,8,4,4,-0.8,50.0
AHNR,TELECOM,TER ROOM,MONTHLY,3,2,1,-13.0,66.7
AHNR,TELECOM,UPS,HALF YEARLY,2,1,1,-40.0,50.0
AHNR,TELECOM,UPS,MONTHLY,31,17,14,17.0,54.8
AHNR,TELECOM,UPS,YEARLY,3,1,2,-105.3,33.3
AHRM,AFC,AFC SWITCH,QUARTERLY,23,11,12,-7.0,47.8
AHRM,AFC,AVM,MONTHLY,47,22,25,10.8,46.8
AHRM,AFC,EC,QUARTERLY,28,21,7,-20.1,75.0
AHRM,AFC,EFO,QUARTERLY,14,10,4,-30.0,71.4
AHRM,AFC,EMERGENCY SWITCH,MONTHLY,18,9,9,13.6,50.0
AHRM,AFC,GATE,MONTHLY,271,153,118,-1.0,56.5
AHRM,AFC,RCTM,BI-WEEKLY,33,19,14,13.3,57.6
AHRM,AFC,RCTM,MONTHLY,20,12,8,17.2,60.0
AHRM,AFC,SWING BARRIER,MONTHLY,12,7,5,2.6,58.3
AHRM,AFC,TOM,QUARTERLY,14,12,2,-30.0,85.7
AHRM,AFC,TVM,BI-WEEKLY,173,89,84,14.5,51.4
AHRM,AFC,TVM,MONTHLY,114,76,38,15.5,66.7
AHRM,TELECOM,CCTV,QUARTERLY,634,503,131,-37.3,79.3
AHRM,TELECOM,CCTV,YEARLY,1,1,0,-365.0,100.0
AHRM,TELECOM,CLOCK,HALF YEARLY,2,1,1,-19.5,50.0
AHRM,TELECOM,CLOCK,QUARTERLY,86,57,29,-2.8,66.3
AHRM,TELECOM,EPABX,HALF YEARLY,4,4,0,-100.8,100.0
AHRM,TELECOM,EPABX,MONTHLY,21,9,12,18.8,42.9
AHRM,TELECOM,EPABX,QUARTERLY,125,73,52,-11.8,58.4
AHRM,TELECOM,PAS/PIDS,HALF YEARLY,20,16,4,-74.8,80.0
AHRM,TELECOM,PAS/PIDS,MONTHLY,12,2,10,63.7,16.7
AHRM,TELECOM,PAS/PIDS,QUARTERLY,741,444,297,-9.8,59.9
AHRM,TELECOM,RADIO,HALF YEARLY,9,7,2,-76.4,77.8
AHRM,TELECOM,RADIO,MONTHLY,12,7,5,10.9,58.3
AHRM,TELECOM,SDH/MPLS,HALF YEARLY,2,1,1,-50.5,50.0
AHRM,TELECOM,SDH/MPLS,MONTHLY,3,0,3,75.0,0.0
AHRM,TELECOM,SDH/MPLS,QUARTERLY,2,1,1,46.5,50.0
AHRM,TELECOM,SMPS,HALF YEARLY,2,2,0,-81.0,100.0
AHRM,TELECOM,SMPS,MONTHLY,36,22,14,-2.8,61.1
AHRM,TELECOM,TER ROOM,MONTHLY,2,1,1,-2.5,50.0
AHRM,TELECOM,UPS,HALF YEARLY,2,2,0,-180.0,100.0
AHRM,TELECOM,UPS,MONTHLY,5,1,4,37.4,20.0
AIIM,AFC,AFC SWITCH,QUARTERLY,9,6,3,-14.3,66.7
AIIM,AFC,AVM,MONTHLY,10,0,10,60.5,0.0
AIIM,AFC,EC,QUARTERLY,6,0,6,50.0,0.0
AIIM,AFC,EFO,QUARTERLY,10,9,1,-43.7,90.0
AIIM,AFC,EMERGENCY SWITCH,MONTHLY,7,1,6,38.6,14.3
AIIM,AFC,GATE,MONTHLY,192,57,135,7.3,29.7
AIIM,AFC,SWING BARRIER,MONTHLY,4,0,4,48.5,0.0
AIIM,AFC,TOM,QUARTERLY,47,39,8,-49.0,83.0
AIIM,AFC,TVM,MONTHLY,30,15,15,-0.7,50.0
AIIM,IT,IT SWITCH,QUARTERLY,7,6,1,-70.0,85.7
AIIM,TELECOM,CCTV,QUARTERLY,272,190,82,-11.6,69.9
AIIM,TELECOM,CLOCK,QUARTERLY,28,4,24,36.3,14.3
AIIM,TELECOM,EPABX,MONTHLY,12,0,12,37.7,0.0
AIIM,TELECOM,EPABX,QUARTERLY,7,4,3,-10.3,57.1
AIIM,TELECOM,NETWORKING,QUARTERLY,2,0,2,27.0,0.0
AIIM,TELECOM,PAS/PIDS,QUARTERLY,744,497,247,-13.4,66.8
AIIM,TELECOM,RADIO,MONTHLY,4,1,3,27.5,25.0
AIIM,TELECOM,SMPS,MONTHLY,6,0,6,39.7,0.0
AIIM,TELECOM,UPS,HALF YEARLY,3,3,0,-180.0,100.0
AIIM,TELECOM,UPS,MONTHLY,5,0,5,40.4,0.0
AJDT,TELECOM,CCTV,QUARTERLY,63,0,63,94.2,0.0
AJDT,TELECOM,CLOCK,HALF YEARLY,2,2,0,-52.0,100.0
AJDT,TELECOM,CLOCK,QUARTERLY,47,3,44,84.8,6.4
AJDT,TELECOM,EARTH PIT,QUARTERLY,8,4,4,32.8,50.0
AJDT,TELECOM,EARTH PIT,YEARLY,2,0,2,12.0,0.0
AJDT,TELECOM,EPABX,HALF YEARLY,1,1,0,-52.0,100.0
AJDT,TELECOM,EPABX,QUARTERLY,1,0,1,95.0,0.0
AJDT,TELECOM,PAS/PIDS,HALF YEARLY,19,19,0,-52.0,100.0
AJDT,TELECOM,PAS/PIDS,MONTHLY,16,10,6,-1.1,62.5
AJDT,TELECOM,PAS/PIDS,QUARTERLY,545,429,116,-18.7,78.7
AJDT,TELECOM,RADIO,HALF YEARLY,2,2,0,-52.0,100.0
AJDT,TELECOM,RADIO,MONTHLY,12,6,6,10.2,50.0
AJDT,TELECOM,SDH/MPLS,QUARTERLY,2,1,1,2.5,50.0
AJDT,TELECOM,SMPS,HALF YEARLY,2,2,0,-52.0,100.0
AJDT,TELECOM,SMPS,MONTHLY,30,16,14,2.2,53.3
AJG,AFC,AFC SWITCH,QUARTERLY,18,12,6,-15.8,66.7
AJG,AFC,AVM,MONTHLY,9,3,6,91.0,33.3
AJG,AFC,EC,HALF YEARLY,8,0,8,18.5,0.0
AJG,AFC,EFO,QUARTERLY,12,8,4,-15.8,66.7
AJG,AFC,EMERGENCY SWITCH,MONTHLY,2,0,2,105.0,0.0
AJG,AFC,GATE,MONTHLY,103,53,50,5.5,51.5
AJG,AFC,TOM,QUARTERLY,3,1,2,47.3,33.3
AJG,AFC,TVM,MONTHLY,63,46,17,4.2,73.0
AJG,TELECOM,CCTV,QUARTERLY,139,46,93,28.5,33.1
AJG,TELECOM,CLOCK,QUARTERLY,16,6,10,7.7,37.5
AJG,TELECOM,EPABX,MONTHLY,32,16,16,25.4,50.0
AJG,TELECOM,EPABX,QUARTERLY,4,3,1,-30.5,75.0
AJG,TELECOM,PAS/PIDS,HALF YEARLY,9,0,9,44.0,0.0
AJG,TELECOM,PAS/PIDS,QUARTERLY,397,151,246,18.4,38.0
AJG,TELECOM,RADIO,MONTHLY,5,2,3,46.4,40.0
AJG,TELECOM,SMPS,MONTHLY,22,10,12,11.5,45.5
AJG,TELECOM,TELE SWITCH,QUARTERLY,8,6,2,-28.5,75.0
AJG,TELECOM,UPS,MONTHLY,18,6,12,20.8,33.3
APMN,AFC,AFC ROUTER,QUARTERLY,1,0,1,65.0,0.0
APMN,AFC,AFC SWITCH,QUARTERLY,6,6,0,-18.5,100.0
APMN,AFC,AVM,MONTHLY,9,3,6,8.3,33.3
APMN,AFC,EC,QUARTERLY,5,1,4,0.6,20.0
APMN,AFC,EFO,QUARTERLY,4,2,2,15.0,50.0
APMN,AFC,EMERGENCY SWITCH,MONTHLY,5,1,4,16.0,20.0
APMN,AFC,GATE,MONTHLY,48,30,18,-0.4,62.5
APMN,AFC,SWING BARRIER,MONTHLY,6,2,4,8.3,33.3
APMN,AFC,TOM,QUARTERLY,6,4,2,-20.0,66.7
APMN,AFC,TVM,MONTHLY,28,24,4,-0.4,85.7
APMN,TELECOM,CCTV,HALF YEARLY,10,9,1,-89.7,90.0
APMN,TELECOM,CCTV,QUARTERLY,130,72,58,-15.6,55.4
APMN,TELECOM,CLOCK,QUARTERLY,52,43,9,-48.4,82.7
APMN,TELECOM,EARTH PIT,QUARTERLY,4,2,2,-31.5,50.0
APMN,TELECOM,EPABX,MONTHLY,24,20,4,8.5,83.3
APMN,TELECOM,EPABX,QUARTERLY,1,0,1,27.0,0.0
APMN,TELECOM,PAS/PIDS,HALF YEARLY,3,3,0,-107.0,100.0
APMN,TELECOM,PAS/PIDS,MONTHLY,3,1,2,42.7,33.3
APMN,TELECOM,PAS/PIDS,QUARTERLY,150,132,18,-62.5,88.0
APMN,TELECOM,PEST CONTROL,MONTHLY,5,4,1,10.6,80.0
APMN,TELECOM,RADIO,MONTHLY,7,6,1,3.0,85.7
APMN,TELECOM,SDH/MPLS,QUARTERLY,3,1,2,6.7,33.3
APMN,TELECOM,SMPS,MONTHLY,15,9,6,-0.9,60.0
APMN,TELECOM,TELE ROUTER,QUARTERLY,2,0,2,27.0,0.0
APMN,TELECOM,TELE SWITCH,QUARTERLY,2,0,2,27.0,0.0
APOT,AFC,AFC SWITCH,QUARTERLY,4,1,3,131.2,25.0
APOT,AFC,AVM,MONTHLY,18,10,8,-4.4,55.6
APOT,AFC,GATE,MONTHLY,143,59,84,18.5,41.3
APOT,AFC,SC,HALF YEARLY,1,1,0,-67.0,100.0
APOT,AFC,TOM,QUARTERLY,27,15,12,-4.9,55.6
APOT,AFC,TVM,BI-WEEKLY,14,8,6,6.9,57.1
APOT,AFC,TVM,MONTHLY,31,13,18,6.4,41.9
APOT,TELECOM,CCTV,HALF YEARLY,281,277,4,-55.1,98.6
APOT,TELECOM,CCTV,MONTHLY,31,0,31,26.5,0.0
APOT,TELECOM,CCTV,QUARTERLY,816,666,150,-14.6,81.6
APOT,TELECOM,CLOCK,HALF YEARLY,1,0,1,71.0,0.0
APOT,TELECOM,CLOCK,QUARTERLY,20,10,10,35.4,50.0
APOT,TELECOM,EPABX,QUARTERLY,72,51,21,-11.9,70.8
APOT,TELECOM,PAS/PIDS,HALF YEARLY,4,2,2,-28.5,50.0
APOT,TELECOM,PAS/PIDS,MONTHLY,7,3,4,46.0,42.9
APOT,TELECOM,PAS/PIDS,QUARTERLY,1037,569,468,-2.5,54.9
APOT,TELECOM,RADIO,HALF YEARLY,5,2,3,-63.4,40.0
APOT,TELECOM,RADIO,MONTHLY,4,2,2,26.2,50.0
APOT,TELECOM,SDH/MPLS,MONTHLY,2,1,1,-12.0,50.0
APOT,TELECOM,SDH/MPLS,QUARTERLY,2,2,0,-87.5,100.0
APOT,TELECOM,SMPS,MONTHLY,2,0,2,16.0,0.0
APOT,TELECOM,TELE SWITCH,QUARTERLY,4,0,4,101.0,0.0
APOT,TELECOM,UPS,HALF YEARLY,4,3,1,-112.2,75.0
APOT,TELECOM,UPS,MONTHLY,6,0,6,73.0,0.0
ASDM,AFC,AFC ROUTER,QUARTERLY,1,0,1,121.0,0.0
ASDM,AFC,AFC SWITCH,QUARTERLY,8,5,3,4.9,62.5
ASDM,AFC,AVM,MONTHLY,29,11,18,25.9,37.9
ASDM,AFC,EC,QUARTERLY,7,5,2,6.4,71.4
ASDM,AFC,EFO,QUARTERLY,8,5,3,-0.9,62.5
ASDM,AFC,EMERGENCY SWITCH,MONTHLY,4,1,3,87.8,25.0
ASDM,AFC,GATE,MONTHLY,284,187,97,-1.5,65.8
ASDM,AFC,SWING BARRIER,MONTHLY,3,1,2,140.0,33.3
ASDM,AFC,TOM,QUARTERLY,21,11,10,8.5,52.4
ASDM,AFC,TVM,BI-WEEKLY,71,48,23,4.3,67.6
ASDM,AFC,TVM,MONTHLY,13,4,9,62.4,30.8
ASDM,TELECOM,CCTV,MONTHLY,4,2,2,67.0,50.0
ASDM,TELECOM,CCTV,QUARTERLY,217,117,100,62.4,53.9
ASDM,TELECOM,CLOCK,HALF YEARLY,10,10,0,-66.3,100.0
ASDM,TELECOM,CLOCK,QUARTERLY,49,28,21,41.0,57.1
ASDM,TELECOM,EARTH PIT,QUARTERLY,2,0,2,314.0,0.0
ASDM,TELECOM,EPABX,HALF YEARLY,1,0,1,199.0,0.0
ASDM,TELECOM,EPABX,MONTHLY,37,12,25,22.6,32.4
ASDM,TELECOM,EPABX,QUARTERLY,20,15,5,-19.6,75.0
ASDM,TELECOM,PAS/PIDS,HALF YEARLY,6,4,2,-57.7,66.7
ASDM,TELECOM,PAS/PIDS,MONTHLY,29,1,28,15.4,3.4
ASDM,TELECOM,PAS/PIDS,QUARTERLY,417,232,185,-25.3,55.6
ASDM,TELECOM,RADIO,MONTHLY,12,5,7,9.5,41.7
ASDM,TELECOM,SMPS,MONTHLY,32,18,14,2.0,56.2
ASDM,TELECOM,TELE ROUTER,QUARTERLY,6,0,6,40.0,0.0
ASDM,TELECOM,TELE SWITCH,QUARTERLY,6,0,6,40.0,0.0
ASDM,TELECOM,UPS,HALF YEARLY,4,4,0,-164.5,100.0
ASDM,TELECOM,UPS,MONTHLY,22,13,9,14.6,59.1
ATHA,AFC,AFC SWITCH,QUARTERLY,8,8,0,-26.5,100.0
ATHA,AFC,AFC SWITCH,YEARLY,4,4,0,-271.0,100.0
ATHA,AFC,AVM,MONTHLY,44,16,28,15.8,36.4
ATHA,AFC,EC,QUARTERLY,8,8,0,-26.5,100.0
ATHA,AFC,EFO,QUARTERLY,14,9,5,-19.3,64.3
ATHA,AFC,EMERGENCY SWITCH,MONTHLY,2,0,2,96.0,0.0
ATHA,AFC,GATE,MONTHLY,116,57,59,4.7,49.1
ATHA,AFC,RCTM,BI-WEEKLY,32,0,32,16.8,0.0
ATHA,AFC,RCTM,MONTHLY,10,1,9,53.3,10.0
ATHA,AFC,SWING BARRIER,MONTHLY,21,8,13,13.7,38.1
ATHA,AFC,TOM,QUARTERLY,20,12,8,-6.2,60.0
ATHA,AFC,TVM,BI-WEEKLY,62,0,62,17.0,0.0
ATHA,AFC,TVM,MONTHLY,20,2,18,53.5,10.0
ATHA,TELECOM,CCTV,HALF YEARLY,4,4,0,-82.5,100.0
ATHA,TELECOM,CCTV,QUARTERLY,153,90,63,8.2,58.8
ATHA,TELECOM,CLOCK,QUARTERLY,17,6,11,56.8,35.3
ATHA,TELECOM,EPABX,HALF YEARLY,1,1,0,-179.0,100.0
ATHA,TELECOM,EPABX,QUARTERLY,7,5,2,-34.1,71.4
ATHA,TELECOM,PAS/PIDS,HALF YEARLY,8,0,8,114.0,0.0
ATHA,TELECOM,PAS/PIDS,MONTHLY,80,0,80,203.5,0.0
ATHA,TELECOM,PAS/PIDS,QUARTERLY,325,212,113,-14.9,65.2
ATHA,TELECOM,RADIO,MONTHLY,9,3,6,25.6,33.3
ATHA,TELECOM,SDH/MPLS,QUARTERLY,2,1,1,40.0,50.0
ATHA,TELECOM,SMPS,HALF YEARLY,4,2,2,-33.5,50.0
ATHA,TELECOM,SMPS,MONTHLY,32,20,12,1.5,62.5
ATHA,TELECOM,TER ROOM,MONTHLY,1,0,1,7.0,0.0
ATHA,TELECOM,UPS,HALF YEARLY,7,5,2,-49.4,71.4
ATHA,TELECOM,UPS,MONTHLY,27,14,13,16.3,51.9
ATHA,TELECOM,UPS,YEARLY,1,0,1,292.0,0.0
AVIT4,AFC,AFC SWITCH,QUARTERLY,30,30,0,-55.8,100.0
AVIT4,AFC,AVM,MONTHLY,20,4,16,20.8,20.0
AVIT4,AFC,EC,HALF YEARLY,7,4,3,-21.0,57.1
AVIT4,AFC,EFO,QUARTERLY,8,4,4,25.0,50.0
AVIT4,AFC,EMERGENCY SWITCH,MONTHLY,8,4,4,37.8,50.0
AVIT4,AFC,GATE,MONTHLY,253,178,75,-1.8,70.4
AVIT4,AFC,SC,HALF YEARLY,3,2,1,-66.0,66.7
AVIT4,AFC,SWING BARRIER,MONTHLY,10,2,8,20.8,20.0
AVIT4,TELECOM,CCTV,HALF YEARLY,44,0,44,11.7,0.0
AVIT4,TELECOM,CCTV,QUARTERLY,313,213,100,-11.1,68.1
AVIT4,TELECOM,CLOCK,QUARTERLY,114,74,40,-26.7,64.9
AVIT4,TELECOM,EARTH PIT,QUARTERLY,7,5,2,10.0,71.4
AVIT4,TELECOM,EARTH PIT,YEARLY,2,2,0,-342.0,100.0
AVIT4,TELECOM,EPABX,HALF YEARLY,1,0,1,18.0,0.0
AVIT4,TELECOM,EPABX,MONTHLY,48,30,18,0.3,62.5
AVIT4,TELECOM,EPABX,QUARTERLY,13,8,5,-18.1,61.5
AVIT4,TELECOM,EPABX,YEARLY,1,1,0,-1.0,100.0
AVIT4,TELECOM,NETWORKING,QUARTERLY,6,4,2,1.0,66.7
AVIT4,TELECOM,NETWORKING,YEARLY,2,2,0,-8.0,100.0
AVIT4,TELECOM,PAS/PIDS,HALF YEARLY,82,70,12,-114.3,85.4
AVIT4,TELECOM,PAS/PIDS,MONTHLY,27,17,10,5.0,63.0
AVIT4,TELECOM,PAS/PIDS,QUARTERLY,943,566,377,-12.3,60.0
AVIT4,TELECOM,PAS/PIDS,YEARLY,1,0,1,12.0,0.0
AVIT4,TELECOM,PEST CONTROL,MONTHLY,8,5,3,-0.9,62.5
AVIT4,TELECOM,PEST CONTROL,QUARTERLY,2,1,1,-8.0,50.0
AVIT4,TELECOM,RADIO,MONTHLY,14,8,6,8.1,57.1
AVIT4,TELECOM,SDH/MPLS,HALF YEARLY,1,0,1,26.0,0.0
AVIT4,TELECOM,SDH/MPLS,QUARTERLY,3,2,1,9.0,66.7
AVIT4,TELECOM,SMPS,HALF YEARLY,6,4,2,-44.7,66.7
AVIT4,TELECOM,SMPS,MONTHLY,38,26,12,-3.1,68.4
AVIT7,AFC,AFC ROUTER,QUARTERLY,1,0,1,97.0,0.0
AVIT7,AFC,AFC SWITCH,QUARTERLY,10,5,5,89.3,50.0
AVIT7,AFC,AVM,MONTHLY,16,8,8,35.5,50.0
AVIT7,AFC,EC,QUARTERLY,4,0,4,97.0,0.0
AVIT7,AFC,EFO,QUARTERLY,8,8,0,-33.8,100.0
AVIT7,AFC,EMERGENCY SWITCH,MONTHLY,8,4,4,35.5,50.0
AVIT7,AFC,GATE,MONTHLY,180,90,90,1.7,50.0
AVIT7,AFC,RCTM,BI-WEEKLY,15,6,9,15.3,40.0
AVIT7,AFC,RCTM,MONTHLY,10,7,3,17.9,70.0
AVIT7,AFC,SCVM,BI-WEEKLY,31,10,21,16.0,32.3
AVIT7,AFC,SCVM,MONTHLY,19,12,7,20.4,63.2
AVIT7,AFC,SWING BARRIER,MONTHLY,4,2,2,35.5,50.0
AVIT7,AFC,TOM,QUARTERLY,44,33,11,8.0,75.0
AVIT7,AFC,TVM,BI-WEEKLY,63,22,41,15.2,34.9
AVIT7,AFC,TVM,MONTHLY,33,19,14,27.4,57.6
AVIT7,TELECOM,CCTV,HALF YEARLY,56,28,28,9.0,50.0
AVIT7,TELECOM,CCTV,QUARTERLY,569,507,62,-47.9,89.1
AVIT7,TELECOM,CCTV,YEARLY,4,4,0,-245.0,100.0
AVIT7,TELECOM,CLOCK,HALF YEARLY,4,4,0,-46.0,100.0
AVIT7,TELECOM,CLOCK,QUARTERLY,129,111,18,-49.8,86.0
AVIT7,TELECOM,EARTH PIT,QUARTERLY,14,6,8,-17.6,42.9
AVIT7,TELECOM,EPABX,HALF YEARLY,6,2,4,12.2,33.3
AVIT7,TELECOM,EPABX,MONTHLY,8,4,4,72.5,50.0
AVIT7,TELECOM,EPABX,QUARTERLY,31,23,8,-33.8,74.2
AVIT7,TELECOM,PAS/PIDS,HALF YEARLY,42,34,8,-32.7,81.0
AVIT7,TELECOM,PAS/PIDS,MONTHLY,469,119,350,57.7,25.4
AVIT7,TELECOM,PAS/PIDS,QUARTERLY,837,705,132,-29.3,84.2
AVIT7,TELECOM,RADIO,HALF YEARLY,3,2,1,-39.7,66.7
AVIT7,TELECOM,RADIO,MONTHLY,4,2,2,102.8,50.0
AVIT7,TELECOM,RADIO,QUARTERLY,1,0,1,144.0,0.0
AVIT7,TELECOM,SDH/MPLS,QUARTERLY,3,3,0,-27.0,100.0
AVIT7,TELECOM,SMPS,HALF YEARLY,3,2,1,-10.0,66.7
AVIT7,TELECOM,SMPS,MONTHLY,36,26,10,-5.8,72.2
AVIT7,TELECOM,UPS,HALF YEARLY,1,1,0,-115.0,100.0
AVIT7,TELECOM,UPS,MONTHLY,9,1,8,62.6,11.1
AZU2,AFC,AFC SWITCH,QUARTERLY,7,1,6,54.0,14.3
AZU2,AFC,AVM,MONTHLY,37,12,25,31.5,32.4
AZU2,AFC,EC,HALF YEARLY,7,4,3,-38.6,57.1
AZU2,AFC,EC,QUARTERLY,4,0,4,246.0,0.0
AZU2,AFC,EFO,QUARTERLY,8,4,4,11.5,50.0
AZU2,AFC,GATE,MONTHLY,215,128,87,4.9,59.5
AZU2,AFC,SC,HALF YEARLY,2,2,0,-78.0,100.0
AZU2,AFC,SWING BARRIER,MONTHLY,10,2,8,16.4,20.0
AZU2,AFC,TOM,QUARTERLY,16,8,8,11.5,50.0
AZU2,AFC,TVM,BI-WEEKLY,30,21,9,0.4,70.0
AZU2,AFC,TVM,MONTHLY,27,15,12,3.6,55.6
AZU2,TELECOM,CCTV,HALF YEARLY,108,56,52,-20.8,51.9
AZU2,TELECOM,CCTV,MONTHLY,2,0,2,20.0,0.0
AZU2,TELECOM,CCTV,QUARTERLY,667,603,64,-45.3,90.4
AZU2,TELECOM,CCTV,YEARLY,14,14,0,-365.0,100.0
AZU2,TELECOM,CLOCK,HALF YEARLY,19,2,17,33.6,10.5
AZU2,TELECOM,CLOCK,QUARTERLY,71,48,23,-8.5,67.6
AZU2,TELECOM,EPABX,HALF YEARLY,2,1,1,15.5,50.0
AZU2,TELECOM,EPABX,MONTHLY,20,12,8,3.6,60.0
AZU2,TELECOM,EPABX,QUARTERLY,8,7,1,-35.0,87.5
AZU2,TELECOM,EPABX,YEARLY,1,1,0,-358.0,100.0
AZU2,TELECOM,PAS/PIDS,HALF YEARLY,29,15,14,-5.8,51.7
AZU2,TELECOM,PAS/PIDS,MONTHLY,247,65,182,120.4,26.3
AZU2,TELECOM,PAS/PIDS,QUARTERLY,752,547,205,-9.6,72.7
AZU2,TELECOM,PAS/PIDS,YEARLY,1,1,0,-267.0,100.0
AZU2,TELECOM,RADIO,HALF YEARLY,2,0,2,86.5,0.0
AZU2,TELECOM,RADIO,MONTHLY,17,10,7,9.1,58.8
AZU2,TELECOM,RADIO,QUARTERLY,2,0,2,61.0,0.0
AZU2,TELECOM,SDH/MPLS,HALF YEARLY,1,1,0,-75.0,100.0
AZU2,TELECOM,SDH/MPLS,QUARTERLY,3,2,1,-8.7,66.7
AZU2,TELECOM,SMPS,HALF YEARLY,4,2,2,-8.5,50.0
AZU2,TELECOM,SMPS,MONTHLY,36,24,12,-0.1,66.7
AZU2,TELECOM,TELE SWITCH,HALF YEARLY,4,4,0,-127.5,100.0
AZU2,TELECOM,TELE SWITCH,QUARTERLY,10,6,4,-11.8,60.0
AZU2,TELECOM,TER ROOM,MONTHLY,2,1,1,-9.5,50.0
AZU2,TELECOM,UPS,HALF YEARLY,3,2,1,-65.7,66.7
AZU2,TELECOM,UPS,MONTHLY,36,22,14,5.1,61.1
AZU2,TELECOM,UPS,YEARLY,4,4,0,-116.0,100.0
AZU7,AFC,AFC ROUTER,QUARTERLY,2,1,1,37.5,50.0
AZU7,AFC,AFC ROUTER,YEARLY,1,1,0,-365.0,100.0
AZU7,AFC,AFC SWITCH,QUARTERLY,26,21,5,-31.2,80.8
AZU7,AFC,AVM,MONTHLY,38,24,14,5.0,63.2
AZU7,AFC,CSM,MONTHLY,1,0,1,24.0,0.0
AZU7,AFC,EC,HALF YEARLY,11,4,7,20.2,36.4
AZU7,AFC,EFO,QUARTERLY,12,10,2,-10.8,83.3
AZU7,AFC,EMERGENCY SWITCH,MONTHLY,11,2,9,38.7,18.2
AZU7,AFC,GATE,MONTHLY,206,110,96,8.3,53.4
AZU7,AFC,RCTM,BI-WEEKLY,59,51,8,2.5,86.4
AZU7,AFC,RCTM,MONTHLY,6,6,0,-5.5,100.0
AZU7,AFC,SWING BARRIER,MONTHLY,17,5,12,24.0,29.4
AZU7,AFC,TOM,QUARTERLY,13,11,2,-16.9,84.6
AZU7,AFC,TVM,BI-WEEKLY,110,90,20,3.4,81.8
AZU7,AFC,TVM,MONTHLY,20,12,8,58.4,60.0
AZU7,TELECOM,CCTV,HALF YEARLY,64,64,0,-23.4,100.0
AZU7,TELECOM,CCTV,MONTHLY,7,0,7,144.0,0.0
AZU7,TELECOM,CCTV,QUARTERLY,425,316,109,-19.4,74.4
AZU7,TELECOM,CLOCK,HALF YEARLY,4,2,2,-21.0,50.0
AZU7,TELECOM,CLOCK,MONTHLY,4,2,2,72.5,50.0
AZU7,TELECOM,CLOCK,QUARTERLY,60,35,25,25.9,58.3
AZU7,TELECOM,EPABX,HALF YEARLY,8,8,0,-17.5,100.0
AZU7,TELECOM,EPABX,MONTHLY,26,16,10,28.6,61.5
AZU7,TELECOM,EPABX,QUARTERLY,87,64,23,-13.1,73.6
AZU7,TELECOM,PAS/PIDS,HALF YEARLY,374,368,6,-86.7,98.4
AZU7,TELECOM,PAS/PIDS,MONTHLY,27,4,23,166.5,14.8
AZU7,TELECOM,PAS/PIDS,QUARTERLY,882,595,287,-1.7,67.5
AZU7,TELECOM,PAS/PIDS,YEARLY,2,2,0,-365.0,100.0
AZU7,TELECOM,RADIO,MONTHLY,53,33,20,7.2,62.3
AZU7,TELECOM,RADIO,QUARTERLY,1,0,1,382.0,0.0
AZU7,TELECOM,SDH/MPLS,HALF YEARLY,1,1,0,-33.0,100.0
AZU7,TELECOM,SDH/MPLS,QUARTERLY,1,0,1,64.0,0.0
AZU7,TELECOM,SMPS,HALF YEARLY,6,6,0,-74.0,100.0
AZU7,TELECOM,SMPS,MONTHLY,33,19,14,0.7,57.6
AZU7,TELECOM,TER ROOM,MONTHLY,1,1,0,1.0,100.0
AZU7,TELECOM,UPS,HALF YEARLY,6,6,0,-170.5,100.0
AZU7,TELECOM,UPS,MONTHLY,18,9,9,24.7,50.0
AZU7,TELECOM,UPS,YEARLY,2,2,0,-272.0,100.0
BACH,AFC,AFC ROUTER,QUARTERLY,3,1,2,63.0,33.3
BACH,AFC,AFC SWITCH,QUARTERLY,14,5,9,8.4,35.7
BACH,AFC,AVM,MONTHLY,4,0,4,43.0,0.0
BACH,AFC,EMERGENCY SWITCH,MONTHLY,2,0,2,43.0,0.0
BACH,AFC,GATE,MONTHLY,198,121,77,-2.0,61.1
BACH,AFC,RCTM,BI-WEEKLY,27,20,7,3.0,74.1
BACH,AFC,RCTM,MONTHLY,15,11,4,1.3,73.3
BACH,AFC,SC,HALF YEARLY,2,1,1,-12.0,50.0
BACH,AFC,SWING BARRIER,MONTHLY,1,0,1,43.0,0.0
BACH,AFC,TOM,QUARTERLY,25,15,10,1.8,60.0
BACH,AFC,TVM,BI-WEEKLY,108,80,28,4.0,74.1
BACH,AFC,TVM,MONTHLY,64,48,16,0.7,75.0
BACH,TELECOM,CCTV,QUARTERLY,359,220,139,3.3,61.3
BACH,TELECOM,CLOCK,HALF YEARLY,2,0,2,29.0,0.0
BACH,TELECOM,CLOCK,QUARTERLY,102,65,37,4.3,63.7
BACH,TELECOM,EARTH PIT,QUARTERLY,10,4,6,8.2,40.0
BACH,TELECOM,EARTH PIT,YEARLY,4,2,2,-176.5,50.0
BACH,TELECOM,EPABX,HALF YEARLY,1,0,1,29.0,0.0
BACH,TELECOM,EPABX,MONTHLY,68,40,28,-0.4,58.8
BACH,TELECOM,EPABX,QUARTERLY,3,0,3,42.3,0.0
BACH,TELECOM,PAS/PIDS,HALF YEARLY,8,0,8,29.0,0.0
BACH,TELECOM,PAS/PIDS,MONTHLY,2,0,2,55.0,0.0
BACH,TELECOM,PAS/PIDS,QUARTERLY,1118,672,446,5.2,60.1
BACH,TELECOM,RADIO,MONTHLY,17,10,7,-0.4,58.8
BACH,TELECOM,SDH/MPLS,QUARTERLY,2,0,2,46.0,0.0
BACH,TELECOM,SMPS,HALF YEARLY,2,0,2,51.0,0.0
BACH,TELECOM,SMPS,MONTHLY,34,20,14,-0.4,58.8
BACH,TELECOM,UPS,HALF YEARLY,2,2,0,-96.0,100.0
BACH,TELECOM,UPS,MONTHLY,34,20,14,-0.4,58.8
BAPU,AFC,AFC ROUTER,QUARTERLY,5,3,2,-6.0,60.0
BAPU,AFC,AFC SWITCH,QUARTERLY,24,21,3,-34.6,87.5
BAPU,AFC,AVM,MONTHLY,56,32,24,1.5,57.1
BAPU,AFC,EC,QUARTERLY,28,28,0,-31.8,100.0
BAPU,AFC,EFO,QUARTERLY,15,13,2,-32.9,86.7
BAPU,AFC,EMERGENCY SWITCH,MONTHLY,16,12,4,-1.1,75.0
BAPU,AFC,GATE,MONTHLY,225,135,90,0.7,60.0
BAPU,AFC,SC,HALF YEARLY,2,1,1,9.5,50.0
BAPU,AFC,SWING BARRIER,MONTHLY,16,12,4,-1.1,75.0
BAPU,AFC,TOM,QUARTERLY,48,42,6,-32.0,87.5
BAPU,AFC,TVM,BI-WEEKLY,111,88,23,4.4,79.3
BAPU,AFC,TVM,MONTHLY,63,52,11,0.7,82.5
BAPU,IT,IT SWITCH,QUARTERLY,1,0,1,14.0,0.0
BAPU,TELECOM,CCTV,HALF YEARLY,72,46,26,-26.4,63.9
BAPU,TELECOM,CCTV,QUARTERLY,289,193,96,-4.8,66.8
BAPU,TELECOM,CLOCK,HALF YEARLY,2,2,0,-31.0,100.0
BAPU,TELECOM,CLOCK,QUARTERLY,111,74,37,-1.5,66.7
BAPU,TELECOM,EARTH PIT,QUARTERLY,10,4,6,8.4,40.0
BAPU,TELECOM,EARTH PIT,YEARLY,2,0,2,13.0,0.0
BAPU,TELECOM,EPABX,HALF YEARLY,2,1,1,8.5,50.0
BAPU,TELECOM,EPABX,MONTHLY,65,41,24,-0.2,63.1
BAPU,TELECOM,EPABX,QUARTERLY,5,3,2,-2.8,60.0
BAPU,TELECOM,PAS/PIDS,HALF YEARLY,23,15,8,-16.7,65.2
BAPU,TELECOM,PAS/PIDS,QUARTERLY,854,580,274,-1.7,67.9
BAPU,TELECOM,RADIO,MONTHLY,48,30,18,0.1,62.5
BAPU,TELECOM,SDH/MPLS,HALF YEARLY,4,4,0,-24.5,100.0
BAPU,TELECOM,SDH/MPLS,QUARTERLY,6,4,2,-0.7,66.7
BAPU,TELECOM,SMPS,HALF YEARLY,2,2,0,-20.0,100.0
BAPU,TELECOM,SMPS,MONTHLY,32,18,14,1.2,56.2
BAPU,TELECOM,TELE ROUTER,HALF YEARLY,4,0,4,8.5,0.0
BAPU,TELECOM,TELE ROUTER,QUARTERLY,10,6,4,-2.8,60.0
BAPU,TELECOM,TELE SWITCH,HALF YEARLY,4,0,4,8.5,0.0
BAPU,TELECOM,TELE SWITCH,QUARTERLY,10,6,4,-2.8,60.0
BCC Shastri Park,IT,IT SWITCH,QUARTERLY,12,8,4,-40.6,66.7
BCC Shastri Park,TELECOM,CCTV,HALF YEARLY,16,16,0,-180.0,100.0
BCC Shastri Park,TELECOM,CCTV,QUARTERLY,70,16,54,55.6,22.9
BCC Shastri Park,TELECOM,CLOCK,MONTHLY,56,32,24,3.0,57.1
BCC Shastri Park,TELECOM,EPABX,QUARTERLY,622,460,162,-11.7,74.0
BCC Shastri Park,TELECOM,EPABX,YEARLY,11,11,0,-364.0,100.0
BCC Shastri Park,TELECOM,NETWORKING,QUARTERLY,22,21,1,-8.6,95.5
BCC Shastri Park,TELECOM,NETWORKING,YEARLY,6,6,0,-256.0,100.0
BCC Shastri Park,TELECOM,PAS/PIDS,MONTHLY,123,51,72,8.7,41.5
BCC Shastri Park,TELECOM,PAS/PIDS,YEARLY,2,2,0,-344.0,100.0
BCC Shastri Park,TELECOM,RADIO,QUARTERLY,20,20,0,-90.0,100.0
BCC Shastri Park,TELECOM,SDH/MPLS,HALF YEARLY,7,7,0,-150.9,100.0
BCC Shastri Park,TELECOM,SDH/MPLS,MONTHLY,96,47,49,11.6,49.0
BCC Shastri Park,TELECOM,SDH/MPLS,QUARTERLY,1,1,0,-89.0,100.0
BCC Shastri Park,TELECOM,SMPS,HALF YEARLY,8,8,0,-81.5,100.0
BCC Shastri Park,TELECOM,SMPS,MONTHLY,25,11,14,3.8,44.0
BCC Shastri Park,TELECOM,SMPS,YEARLY,2,2,0,-364.0,100.0
BCC Shastri Park,TELECOM,UPS,HALF YEARLY,3,1,2,3.3,33.3
BCC Shastri Park,TELECOM,UPS,MONTHLY,2,0,2,77.0,0.0
BCGN3,AFC,AVM,MONTHLY,2,2,0,-30.0,100.0
BCGN3,TELECOM,CCTV,QUARTERLY,96,60,36,24.5,62.5
BCGN3,TELECOM,CLOCK,QUARTERLY,13,7,6,24.6,53.8
BCGN3,TELECOM,EPABX,MONTHLY,5,0,5,152.0,0.0
BCGN3,TELECOM,EPABX,QUARTERLY,7,6,1,-54.6,85.7
BCGN3,TELECOM,NETWORKING,QUARTERLY,2,1,1,10.5,50.0
BCGN3,TELECOM,PAS/PIDS,HALF YEARLY,19,11,8,-6.9,57.9
BCGN3,TELECOM,PAS/PIDS,MONTHLY,152,0,152,107.7,0.0
BCGN3,TELECOM,PAS/PIDS,QUARTERLY,828,565,263,-37.9,68.2
BCGN3,TELECOM,PAS/PIDS,YEARLY,20,11,9,-179.2,55.0
BCGN3,TELECOM,RADIO,MONTHLY,1,0,1,23.0,0.0
BCGN3,TELECOM,SMPS,MONTHLY,24,12,12,4.2,50.0
BCGN3,TELECOM,UPS,HALF YEARLY,4,4,0,-146.5,100.0
BCGN3,TELECOM,UPS,MONTHLY,22,8,14,13.7,36.4
BCGN8,AFC,AFC ROUTER,QUARTERLY,2,0,2,86.0,0.0
BCGN8,AFC,AFC SWITCH,QUARTERLY,5,0,5,38.8,0.0
BCGN8,AFC,AVM,MONTHLY,42,14,28,12.3,33.3
BCGN8,AFC,EFO,QUARTERLY,16,8,8,6.8,50.0
BCGN8,AFC,GATE,MONTHLY,334,168,166,0.8,50.3
BCGN8,AFC,RCTM,BI-WEEKLY,24,11,13,5.1,45.8
BCGN8,AFC,RCTM,MONTHLY,12,7,5,8.2,58.3
BCGN8,AFC,SCVM,BI-WEEKLY,18,5,13,11.5,27.8
BCGN8,AFC,SCVM,MONTHLY,13,7,6,5.3,53.8
BCGN8,AFC,SWING BARRIER,MONTHLY,19,6,13,19.6,31.6
BCGN8,AFC,TOM,QUARTERLY,15,5,10,16.3,33.3
BCGN8,AFC,TVM,BI-WEEKLY,76,24,52,10.2,31.6
BCGN8,AFC,TVM,MONTHLY,56,32,24,2.8,57.1
BCGN8,TELECOM,CCTV,HALF YEARLY,2,2,0,-155.0,100.0
BCGN8,TELECOM,CCTV,MONTHLY,7,7,0,-30.0,100.0
BCGN8,TELECOM,CCTV,QUARTERLY,389,301,88,-26.6,77.4
BCGN8,TELECOM,CLOCK,QUARTERLY,37,29,8,-52.4,78.4
BCGN8,TELECOM,EARTH PIT,QUARTERLY,6,4,2,-47.7,66.7
BCGN8,TELECOM,EPABX,HALF YEARLY,1,1,0,-120.0,100.0
BCGN8,TELECOM,EPABX,MONTHLY,48,10,38,68.9,20.8
BCGN8,TELECOM,EPABX,QUARTERLY,15,13,2,-57.7,86.7
BCGN8,TELECOM,EPABX,YEARLY,5,5,0,-365.0,100.0
BCGN8,TELECOM,PAS/PIDS,HALF YEARLY,51,44,7,-154.2,86.3
BCGN8,TELECOM,PAS/PIDS,MONTHLY,467,300,167,12.4,64.2
BCGN8,TELECOM,PAS/PIDS,QUARTERLY,409,347,62,-53.9,84.8
BCGN8,TELECOM,RADIO,MONTHLY,13,5,8,6.2,38.5
BCGN8,TELECOM,SDH/MPLS,HALF YEARLY,2,2,0,-85.5,100.0
BCGN8,TELECOM,SDH/MPLS,MONTHLY,2,0,2,39.5,0.0
BCGN8,TELECOM,SDH/MPLS,QUARTERLY,2,1,1,-5.5,50.0
BCGN8,TELECOM,SMPS,MONTHLY,28,16,12,2.4,57.1
BCGN8,TELECOM,TER ROOM,MONTHLY,1,0,1,11.0,0.0
BGDT,IT,IT SWITCH,HALF YEARLY,9,6,3,-26.8,66.7
BGDT,IT,IT SWITCH,QUARTERLY,22,13,9,-6.0,59.1
BGDT,TELECOM,CCTV,HALF YEARLY,5,5,0,-4.0,100.0
BGDT,TELECOM,CCTV,QUARTERLY,84,45,39,5.7,53.6
BGDT,TELECOM,CLOCK,HALF YEARLY,1,1,0,-20.0,100.0
BGDT,TELECOM,CLOCK,QUARTERLY,44,33,11,-8.4,75.0
BGDT,TELECOM,EARTH PIT,QUARTERLY,4,4,0,2.5,100.0
BGDT,TELECOM,EPABX,HALF YEARLY,2,1,1,19.5,50.0
BGDT,TELECOM,EPABX,QUARTERLY,5,5,0,-50.6,100.0
BGDT,TELECOM,PAS/PIDS,HALF YEARLY,13,13,0,-8.0,100.0
BGDT,TELECOM,PAS/PIDS,MONTHLY,15,10,5,-3.5,66.7
BGDT,TELECOM,PAS/PIDS,QUARTERLY,142,89,53,12.8,62.7
BGDT,TELECOM,PEST CONTROL,MONTHLY,7,4,3,0.6,57.1
BGDT,TELECOM,RADIO,MONTHLY,11,8,3,-0.9,72.7
BGDT,TELECOM,SDH/MPLS,HALF YEARLY,1,0,1,36.0,0.0
BGDT,TELECOM,SDH/MPLS,QUARTERLY,3,3,0,-26.3,100.0
BGDT,TELECOM,SMPS,HALF YEARLY,2,0,2,57.0,0.0
BGDT,TELECOM,SMPS,MONTHLY,16,12,4,-1.0,75.0
BIMR,AFC,AFC ROUTER,QUARTERLY,1,0,1,65.0,0.0
BIMR,AFC,AFC SWITCH,QUARTERLY,5,4,1,19.4,80.0
BIMR,AFC,AVM,MONTHLY,30,12,18,13.5,40.0
BIMR,AFC,EC,HALF YEARLY,3,0,3,114.0,0.0
BIMR,AFC,EC,QUARTERLY,9,4,5,-0.1,44.4
BIMR,AFC,EFO,QUARTERLY,6,1,5,37.3,16.7
BIMR,AFC,EMERGENCY SWITCH,MONTHLY,6,2,4,50.2,33.3
BIMR,AFC,GATE,MONTHLY,97,54,43,2.1,55.7
BIMR,AFC,RCTM,MONTHLY,3,1,2,88.0,33.3
BIMR,AFC,SC,HALF YEARLY,1,0,1,87.0,0.0
BIMR,AFC,SWING BARRIER,MONTHLY,3,1,2,49.7,33.3
BIMR,AFC,TOM,QUARTERLY,3,0,3,41.0,0.0
BIMR,AFC,TVM,BI-WEEKLY,12,3,9,16.5,25.0
BIMR,AFC,TVM,MONTHLY,36,27,9,2.6,75.0
BIMR,TELECOM,CCTV,HALF YEARLY,69,1,68,37.1,1.4
BIMR,TELECOM,CCTV,QUARTERLY,777,771,6,-52.7,99.2
BIMR,TELECOM,CLOCK,HALF YEARLY,1,0,1,37.0,0.0
BIMR,TELECOM,CLOCK,QUARTERLY,98,77,21,-9.3,78.6
BIMR,TELECOM,EPABX,HALF YEARLY,2,2,0,-103.0,100.0
BIMR,TELECOM,EPABX,MONTHLY,1,0,1,96.0,0.0
BIMR,TELECOM,EPABX,QUARTERLY,3,2,1,3.0,66.7
BIMR,TELECOM,PAS/PIDS,HALF YEARLY,38,21,17,-46.2,55.3
BIMR,TELECOM,PAS/PIDS,MONTHLY,1175,542,633,7.3,46.1
BIMR,TELECOM,PAS/PIDS,QUARTERLY,244,201,43,-29.3,82.4
BIMR,TELECOM,RADIO,MONTHLY,18,11,7,-3.3,61.1
BIMR,TELECOM,SDH/MPLS,HALF YEARLY,1,1,0,-95.0,100.0
BIMR,TELECOM,SDH/MPLS,QUARTERLY,5,4,1,-39.4,80.0
BIMR,TELECOM,SMPS,HALF YEARLY,4,2,2,-51.0,50.0
BIMR,TELECOM,SMPS,MONTHLY,36,22,14,-2.0,61.1
BIMR,TELECOM,UPS,HALF YEARLY,6,5,1,-117.2,83.3
BIMR,TELECOM,UPS,MONTHLY,34,24,10,-1.4,70.6
BJPU,AFC,AFC SWITCH,QUARTERLY,2,2,0,-87.0,100.0
BJPU,AFC,CSM,MONTHLY,2,0,2,8.0,0.0
BJPU,AFC,GATE,MONTHLY,6,0,6,8.0,0.0
BJPU,AFC,SWING BARRIER,MONTHLY,1,0,1,8.0,0.0
BJPU,TELECOM,CCTV,QUARTERLY,25,25,0,-52.0,100.0
BJPU,TELECOM,CLOCK,QUARTERLY,1,1,0,-52.0,100.0
BKCP,AFC,AFC ROUTER,QUARTERLY,3,2,1,-16.7,66.7
BKCP,AFC,AFC SWITCH,QUARTERLY,17,4,13,31.9,23.5
BKCP,AFC,AVM,MONTHLY,19,10,9,10.4,52.6
BKCP,AFC,EC,QUARTERLY,12,8,4,30.3,66.7
BKCP,AFC,EFO,QUARTERLY,8,6,2,22.0,75.0
BKCP,AFC,EMERGENCY SWITCH,MONTHLY,6,1,5,116.5,16.7
BKCP,AFC,GATE,MONTHLY,362,193,169,3.4,53.3
BKCP,AFC,RCTM,BI-WEEKLY,68,52,16,0.7,76.5
BKCP,AFC,RCTM,MONTHLY,13,11,2,-3.7,84.6
BKCP,AFC,SC,HALF YEARLY,1,0,1,66.0,0.0
BKCP,AFC,SWING BARRIER,MONTHLY,14,5,9,29.1,35.7
BKCP,AFC,TOM,QUARTERLY,7,5,2,33.0,71.4
BKCP,AFC,TVM,BI-WEEKLY,324,244,80,1.5,75.3
BKCP,AFC,TVM,MONTHLY,80,56,24,24.6,70.0
BKCP,TELECOM,CCTV,HALF YEARLY,33,20,13,-14.9,60.6
BKCP,TELECOM,CCTV,QUARTERLY,417,353,64,-26.4,84.7
BKCP,TELECOM,CCTV,YEARLY,1,1,0,-365.0,100.0
BKCP,TELECOM,CLOCK,QUARTERLY,65,59,6,-38.1,90.8
BKCP,TELECOM,EPABX,MONTHLY,30,18,12,1.6,60.0
BKCP,TELECOM,EPABX,QUARTERLY,31,13,18,23.4,41.9
BKCP,TELECOM,PAS/PIDS,HALF YEARLY,42,0,42,112.0,0.0
BKCP,TELECOM,PAS/PIDS,MONTHLY,44,11,33,201.0,25.0
BKCP,TELECOM,PAS/PIDS,QUARTERLY,609,457,152,-15.6,75.0
BKCP,TELECOM,RADIO,MONTHLY,29,20,9,15.2,69.0
BKCP,TELECOM,SDH/MPLS,QUARTERLY,3,2,1,0.7,66.7
BKCP,TELECOM,SMPS,HALF YEARLY,6,6,0,-58.7,100.0
BKCP,TELECOM,SMPS,MONTHLY,23,13,10,10.8,56.5
BKCP,TELECOM,SMPS,YEARLY,2,2,0,-345.0,100.0
BKCP,TELECOM,UPS,HALF YEARLY,7,7,0,-153.9,100.0
BKCP,TELECOM,UPS,MONTHLY,5,1,4,61.2,20.0
BKMR,AFC,AFC SWITCH,QUARTERLY,3,3,0,-63.0,100.0
BKMR,AFC,AVM,MONTHLY,32,16,16,22.5,50.0
BKMR,AFC,EC,QUARTERLY,8,4,4,-14.0,50.0
BKMR,AFC,EFO,QUARTERLY,6,0,6,58.0,0.0
BKMR,AFC,EMERGENCY SWITCH,MONTHLY,14,6,8,6.9,42.9
BKMR,AFC,GATE,MONTHLY,161,98,63,-0.6,60.9
BKMR,AFC,RCTM,BI-WEEKLY,27,18,9,3.2,66.7
BKMR,AFC,RCTM,MONTHLY,14,10,4,2.7,71.4
BKMR,AFC,SWING BARRIER,MONTHLY,1,0,1,231.0,0.0
BKMR,AFC,TOM,QUARTERLY,12,3,9,21.0,25.0
BKMR,AFC,TVM,BI-WEEKLY,56,38,18,3.0,67.9
BKMR,AFC,TVM,MONTHLY,30,22,8,1.4,73.3
BKMR,TELECOM,CCTV,HALF YEARLY,4,0,4,6.0,0.0
BKMR,TELECOM,CCTV,QUARTERLY,292,224,68,-12.9,76.7
BKMR,TELECOM,CLOCK,QUARTERLY,81,52,29,-7.2,64.2
BKMR,TELECOM,EARTH PIT,QUARTERLY,8,2,6,32.8,25.0
BKMR,TELECOM,EARTH PIT,YEARLY,2,0,2,12.0,0.0
BKMR,TELECOM,EPABX,MONTHLY,69,40,29,-1.4,58.0
BKMR,TELECOM,EPABX,QUARTERLY,4,2,2,4.5,50.0
BKMR,TELECOM,PAS/PIDS,HALF YEARLY,9,6,3,-44.0,66.7
BKMR,TELECOM,PAS/PIDS,QUARTERLY,1263,992,271,-21.3,78.5
BKMR,TELECOM,RADIO,MONTHLY,18,10,8,-0.8,55.6
BKMR,TELECOM,RADIO,QUARTERLY,1,0,1,60.0,0.0
BKMR,TELECOM,SDH/MPLS,QUARTERLY,2,1,1,39.5,50.0
BKMR,TELECOM,SMPS,HALF YEARLY,2,2,0,-17.0,100.0
BKMR,TELECOM,SMPS,MONTHLY,38,24,14,-2.3,63.2
BKMR,TELECOM,UPS,MONTHLY,35,19,16,0.5,54.3
BLSW,AFC,TIM,BI-WEEKLY,6,3,3,-4.5,50.0
BRKR,AFC,AFC SWITCH,QUARTERLY,4,0,4,50.0,0.0
BRKR,AFC,AVM,MONTHLY,18,6,12,19.7,33.3
BRKR,AFC,EC,QUARTERLY,8,8,0,-32.2,100.0
BRKR,AFC,EMERGENCY SWITCH,MONTHLY,2,0,2,54.0,0.0
BRKR,AFC,GATE,MONTHLY,315,142,173,16.7,45.1
BRKR,AFC,SWING BARRIER,MONTHLY,4,0,4,44.5,0.0
BRKR,AFC,TOM,QUARTERLY,13,9,4,18.0,69.2
BRKR,AFC,TVM,BI-WEEKLY,160,104,56,8.3,65.0
BRKR,AFC,TVM,MONTHLY,75,35,40,24.5,46.7
BRKR,TELECOM,CCTV,QUARTERLY,185,144,41,5.8,77.8
BRKR,TELECOM,CLOCK,QUARTERLY,86,62,24,-33.2,72.1
BRKR,TELECOM,EPABX,QUARTERLY,32,23,9,11.2,71.9
BRKR,TELECOM,EPABX,YEARLY,1,0,1,6.0,0.0
BRKR,TELECOM,NETWORKING,QUARTERLY,4,2,2,37.0,50.0
BRKR,TELECOM,PAS/PIDS,HALF YEARLY,21,14,7,-67.7,66.7
BRKR,TELECOM,PAS/PIDS,MONTHLY,278,1,277,154.9,0.4
BRKR,TELECOM,PAS/PIDS,QUARTERLY,897,532,365,58.3,59.3
BRKR,TELECOM,PAS/PIDS,YEARLY,2,2,0,-36.0,100.0
BRKR,TELECOM,RADIO,MONTHLY,10,6,4,13.7,60.0
BRKR,TELECOM,SDH/MPLS,QUARTERLY,1,0,1,92.0,0.0
BRKR,TELECOM,SMPS,MONTHLY,28,20,8,1.9,71.4
BRKR,TELECOM,TELE SWITCH,QUARTERLY,2,0,2,261.0,0.0
BURI,AFC,AFC SWITCH,QUARTERLY,3,3,0,-68.0,100.0
BURI,AFC,CSM,MONTHLY,2,2,0,-8.0,100.0
BURI,AFC,EFO,QUARTERLY,4,3,1,-43.2,75.0
BURI,AFC,GATE,MONTHLY,10,5,5,63.5,50.0
BURI,AFC,SWING BARRIER,MONTHLY,1,1,0,-8.0,100.0
BURI,AFC,TIM,BI-WEEKLY,4,4,0,1.5,100.0
BURI,AFC,TOM,QUARTERLY,3,2,1,-27.7,66.7
BURI,TELECOM,TER ROOM,MONTHLY,1,1,0,-3.0,100.0
BUSS,AFC,AVM,MONTHLY,4,0,4,21.0,0.0
BUSS,AFC,EC,QUARTERLY,4,4,0,-75.8,100.0
BUSS,AFC,EFO,QUARTERLY,6,6,0,-43.0,100.0
BUSS,AFC,EMERGENCY SWITCH,MONTHLY,2,0,2,21.0,0.0
BUSS,AFC,GATE,MONTHLY,63,33,30,9.4,52.4
BUSS,AFC,RCTM,MONTHLY,8,7,1,-3.8,87.5
BUSS,AFC,TOM,QUARTERLY,6,6,0,-43.0,100.0
BUSS,AFC,TVM,MONTHLY,35,25,10,0.0,71.4
BUSS,TELECOM,CCTV,QUARTERLY,70,44,26,3.9,62.9
BUSS,TELECOM,CLOCK,QUARTERLY,7,4,3,5.1,57.1
BUSS,TELECOM,EARTH PIT,QUARTERLY,2,2,0,-23.0,100.0
BUSS,TELECOM,EPABX,HALF YEARLY,1,1,0,-22.0,100.0
BUSS,TELECOM,EPABX,MONTHLY,14,10,4,-8.7,71.4
BUSS,TELECOM,EPABX,QUARTERLY,5,5,0,-61.6,100.0
BUSS,TELECOM,PAS/PIDS,HALF YEARLY,2,2,0,-74.0,100.0
BUSS,TELECOM,PAS/PIDS,QUARTERLY,103,72,31,0.3,69.9
BUSS,TELECOM,PEST CONTROL,MONTHLY,4,3,1,-7.5,75.0
BUSS,TELECOM,RADIO,MONTHLY,4,3,1,-7.5,75.0
BUSS,TELECOM,SDH/MPLS,HALF YEARLY,1,1,0,-22.0,100.0
BUSS,TELECOM,SDH/MPLS,QUARTERLY,2,1,1,-19.5,50.0
BUSS,TELECOM,SMPS,HALF YEARLY,2,2,0,-39.0,100.0
BUSS,TELECOM,SMPS,MONTHLY,15,11,4,-4.1,73.3
BUSS,TELECOM,UPS,MONTHLY,4,0,4,41.8,0.0
CDLI,AFC,AVM,MONTHLY,34,10,24,23.3,29.4
CDLI,AFC,EFO,QUARTERLY,8,4,4,21.0,50.0
CDLI,AFC,GATE,MONTHLY,162,75,87,15.5,46.3
CDLI,AFC,RCTM,BI-WEEKLY,33,10,23,13.6,30.3
CDLI,AFC,RCTM,MONTHLY,23,14,9,9.7,60.9
CDLI,AFC,SWING BARRIER,MONTHLY,8,4,4,65.8,50.0
CDLI,AFC,TOM,QUARTERLY,10,6,4,-1.2,60.0
CDLI,AFC,TVM,BI-WEEKLY,120,27,93,20.2,22.5
CDLI,AFC,TVM,MONTHLY,118,63,55,4.8,53.4
CDLI,TELECOM,CCTV,QUARTERLY,150,100,50,-15.2,66.7
CDLI,TELECOM,EPABX,HALF YEARLY,1,1,0,-26.0,100.0
CDLI,TELECOM,EPABX,MONTHLY,10,0,10,142.5,0.0
CDLI,TELECOM,EPABX,QUARTERLY,17,12,5,45.6,70.6
CDLI,TELECOM,PAS/PIDS,MONTHLY,8,2,6,58.6,25.0
CDLI,TELECOM,RADIO,MONTHLY,6,2,4,30.5,33.3
CDLI,TELECOM,SDH/MPLS,HALF YEARLY,2,2,0,-72.0,100.0
CDLI,TELECOM,SDH/MPLS,QUARTERLY,3,3,0,-38.7,100.0
CDLI,TELECOM,SMPS,MONTHLY,20,8,12,8.6,40.0
CDLI,TELECOM,UPS,HALF YEARLY,3,3,0,-125.0,100.0
CDLI,TELECOM,UPS,MONTHLY,2,0,2,121.0,0.0
CHTP,AFC,AFC ROUTER,QUARTERLY,1,0,1,258.0,0.0
CHTP,AFC,AFC SWITCH,QUARTERLY,26,23,3,-37.7,88.5
CHTP,AFC,AVM,MONTHLY,114,65,49,0.7,57.0
CHTP,AFC,EC,QUARTERLY,25,23,2,-25.2,92.0
CHTP,AFC,EFO,QUARTERLY,26,26,0,-51.5,100.0
CHTP,AFC,EMERGENCY SWITCH,MONTHLY,16,5,11,9.8,31.2
CHTP,AFC,GATE,MONTHLY,237,76,161,10.1,32.1
CHTP,AFC,SC,HALF YEARLY,1,0,1,70.0,0.0
CHTP,AFC,SWING BARRIER,MONTHLY,22,7,15,15.5,31.8
CHTP,AFC,TOM,QUARTERLY,28,28,0,-27.0,100.0
CHTP,AFC,TVM,MONTHLY,36,27,9,2.1,75.0
CHTP,TELECOM,CCTV,HALF YEARLY,2,0,2,78.0,0.0
CHTP,TELECOM,CCTV,QUARTERLY,237,160,77,8.5,67.5
CHTP,TELECOM,CCTV,YEARLY,2,2,0,-252.0,100.0
CHTP,TELECOM,CLOCK,QUARTERLY,46,35,11,-9.6,76.1
CHTP,TELECOM,EPABX,MONTHLY,52,20,32,8.5,38.5
CHTP,TELECOM,EPABX,QUARTERLY,10,9,1,-50.5,90.0
CHTP,TELECOM,PAS/PIDS,MONTHLY,192,12,180,20.9,6.2
CHTP,TELECOM,PAS/PIDS,QUARTERLY,387,170,217,36.5,43.9
CHTP,TELECOM,RADIO,MONTHLY,10,3,7,20.0,30.0
CHTP,TELECOM,RADIO,QUARTERLY,1,0,1,97.0,0.0
CHTP,TELECOM,SDH/MPLS,QUARTERLY,2,1,1,-0.5,50.0
CHTP,TELECOM,SMPS,HALF YEARLY,2,2,0,-90.0,100.0
CHTP,TELECOM,SMPS,MONTHLY,19,5,14,15.9,26.3
CHTP,TELECOM,TELE ROUTER,QUARTERLY,4,2,2,107.5,50.0
CHTP,TELECOM,TELE SWITCH,QUARTERLY,4,2,2,107.5,50.0
CHTP,TELECOM,UPS,HALF YEARLY,2,2,0,-136.0,100.0
CHTP,TELECOM,UPS,MONTHLY,8,2,6,54.5,25.0
CHTP,TELECOM,UPS,YEARLY,5,5,0,-245.2,100.0
CIPK,AFC,AFC SWITCH,QUARTERLY,2,0,2,36.0,0.0
CIPK,AFC,EFO,QUARTERLY,2,0,2,8.0,0.0
CIPK,AFC,GATE,MONTHLY,63,35,28,7.5,55.6
CIPK,AFC,RCTM,BI-WEEKLY,2,0,2,82.0,0.0
CIPK,AFC,RCTM,MONTHLY,5,3,2,-0.4,60.0
CIPK,AFC,TOM,QUARTERLY,1,0,1,8.0,0.0
CIPK,AFC,TVM,BI-WEEKLY,3,0,3,71.0,0.0
CIPK,AFC,TVM,MONTHLY,18,12,6,-1.0,66.7
CIPK,TELECOM,CCTV,HALF YEARLY,35,9,26,-41.8,25.7
CIPK,TELECOM,CCTV,QUARTERLY,81,55,26,-20.0,67.9
CIPK,TELECOM,CCTV,YEARLY,2,2,0,-365.0,100.0
CIPK,TELECOM,CLOCK,HALF YEARLY,1,0,1,6.0,0.0
CIPK,TELECOM,CLOCK,QUARTERLY,30,12,18,-7.2,40.0
CIPK,TELECOM,EARTH PIT,QUARTERLY,8,8,0,-41.0,100.0
CIPK,TELECOM,EPABX,MONTHLY,20,8,12,10.8,40.0
CIPK,TELECOM,EPABX,QUARTERLY,4,3,1,-48.0,75.0
CIPK,TELECOM,PAS/PIDS,HALF YEARLY,11,11,0,-61.1,100.0
CIPK,TELECOM,PAS/PIDS,MONTHLY,11,4,7,12.4,36.4
CIPK,TELECOM,PAS/PIDS,QUARTERLY,257,176,81,-41.2,68.5
CIPK,TELECOM,PAS/PIDS,YEARLY,2,2,0,-184.0,100.0
CIPK,TELECOM,PEST CONTROL,MONTHLY,4,1,3,21.0,25.0
CIPK,TELECOM,RADIO,MONTHLY,5,2,3,10.8,40.0
CIPK,TELECOM,SDH/MPLS,QUARTERLY,2,1,1,-6.0,50.0
CIPK,TELECOM,SMPS,MONTHLY,14,10,4,-0.7,71.4
CL,AFC,AFC SWITCH,QUARTERLY,3,0,3,513.3,0.0
CL,AFC,AVM,MONTHLY,15,7,8,58.7,46.7
CL,AFC,EC,QUARTERLY,5,2,3,106.2,40.0
CL,AFC,EFO,QUARTERLY,15,11,4,-7.1,73.3
CL,AFC,GATE,MONTHLY,164,87,77,7.2,53.0
CL,AFC,SWING BARRIER,MONTHLY,8,2,6,31.2,25.0
CL,AFC,TOM,QUARTERLY,13,9,4,6.4,69.2
CL,AFC,TVM,MONTHLY,33,23,10,-2.5,69.7
CL,TELECOM,CCTV,QUARTERLY,170,18,152,174.3,10.6
CL,TELECOM,CLOCK,HALF YEARLY,1,0,1,88.0,0.0
CL,TELECOM,CLOCK,QUARTERLY,77,36,41,108.9,46.8
CL,TELECOM,EPABX,HALF YEARLY,1,0,1,88.0,0.0
CL,TELECOM,EPABX,MONTHLY,21,7,14,17.1,33.3
CL,TELECOM,EPABX,QUARTERLY,68,45,23,-14.7,66.2
CL,TELECOM,PAS/PIDS,HALF YEARLY,20,18,2,-39.0,90.0
CL,TELECOM,PAS/PIDS,MONTHLY,48,4,44,375.6,8.3
CL,TELECOM,PAS/PIDS,QUARTERLY,284,29,255,218.7,10.2
CL,TELECOM,RADIO,MONTHLY,18,10,8,12.9,55.6
CL,TELECOM,SDH/MPLS,QUARTERLY,1,0,1,183.0,0.0
CL,TELECOM,SMPS,MONTHLY,38,22,16,5.8,57.9
CL,TELECOM,TELE SWITCH,QUARTERLY,2,0,2,155.0,0.0
CL,TELECOM,UPS,MONTHLY,40,27,13,3.3,67.5
CL,TELECOM,UPS,YEARLY,2,0,2,21.0,0.0
CTST2,AFC,AFC SWITCH,QUARTERLY,11,3,8,10.6,27.3
CTST2,AFC,AVM,MONTHLY,25,10,15,19.2,40.0
CTST2,AFC,EC,QUARTERLY,18,12,6,56.3,66.7
CTST2,AFC,EFO,QUARTERLY,15,10,5,-5.7,66.7
CTST2,AFC,GATE,MONTHLY,373,211,162,8.3,56.6
CTST2,AFC,TOM,QUARTERLY,24,16,8,25.5,66.7
CTST2,AFC,TVM,MONTHLY,173,149,24,-1.3,86.1
CTST2,TELECOM,CCTV,HALF YEARLY,34,34,0,-101.5,100.0
CTST2,TELECOM,CCTV,QUARTERLY,205,90,115,13.1,43.9
CTST2,TELECOM,CLOCK,HALF YEARLY,1,0,1,12.0,0.0
CTST2,TELECOM,CLOCK,QUARTERLY,30,20,10,3.9,66.7
CTST2,TELECOM,EPABX,HALF YEARLY,2,1,1,5.5,50.0
CTST2,TELECOM,EPABX,MONTHLY,26,12,14,7.0,46.2
CTST2,TELECOM,EPABX,QUARTERLY,9,7,2,-36.3,77.8
CTST2,TELECOM,PAS/PIDS,HALF YEARLY,10,0,10,197.0,0.0
CTST2,TELECOM,PAS/PIDS,MONTHLY,26,11,15,16.0,42.3
CTST2,TELECOM,PAS/PIDS,QUARTERLY,272,121,151,41.6,44.5
CTST2,TELECOM,RADIO,HALF YEARLY,4,2,2,-58.0,50.0
CTST2,TELECOM,RADIO,MONTHLY,13,7,6,7.0,53.8
CTST2,TELECOM,SDH/MPLS,QUARTERLY,4,3,1,-23.5,75.0
CTST2,TELECOM,SMPS,HALF YEARLY,4,2,2,5.5,50.0
CTST2,TELECOM,SMPS,MONTHLY,41,29,12,-4.8,70.7
CTST2,TELECOM,TELE SWITCH,QUARTERLY,2,0,2,10.0,0.0
CTST6,AFC,AFC SWITCH,QUARTERLY,2,0,2,6.0,0.0
CTST6,AFC,AVM,MONTHLY,8,2,6,89.0,25.0
CTST6,AFC,EC,HALF YEARLY,2,2,0,2.0,100.0
CTST6,AFC,EC,QUARTERLY,2,0,2,41.0,0.0
CTST6,AFC,EFO,QUARTERLY,6,5,1,-23.5,83.3
CTST6,AFC,EMERGENCY SWITCH,MONTHLY,1,0,1,14.0,0.0
CTST6,AFC,GATE,MONTHLY,126,63,63,0.6,50.0
CTST6,AFC,SC,HALF YEARLY,1,1,0,-13.0,100.0
CTST6,AFC,SWING BARRIER,MONTHLY,1,0,1,14.0,0.0
CTST6,TELECOM,CCTV,QUARTERLY,262,208,54,-9.1,79.4
CTST6,TELECOM,CLOCK,HALF YEARLY,2,0,2,57.0,0.0
CTST6,TELECOM,CLOCK,QUARTERLY,115,93,22,-28.3,80.9
CTST6,TELECOM,EARTH PIT,QUARTERLY,9,6,3,-4.4,66.7
CTST6,TELECOM,EPABX,HALF YEARLY,3,2,1,-70.3,66.7
CTST6,TELECOM,EPABX,MONTHLY,2,1,1,124.0,50.0
CTST6,TELECOM,EPABX,QUARTERLY,6,5,1,-35.2,83.3
CTST6,TELECOM,PAS/PIDS,HALF YEARLY,18,9,9,-46.5,50.0
CTST6,TELECOM,PAS/PIDS,MONTHLY,25,13,12,6.6,52.0
CTST6,TELECOM,PAS/PIDS,QUARTERLY,666,551,115,-11.2,82.7
CTST6,TELECOM,PAS/PIDS,YEARLY,1,1,0,-302.0,100.0
CTST6,TELECOM,RADIO,HALF YEARLY,2,0,2,77.0,0.0
CTST6,TELECOM,RADIO,MONTHLY,12,4,8,9.0,33.3
CTST6,TELECOM,SDH/MPLS,HALF YEARLY,5,5,0,-143.6,100.0
CTST6,TELECOM,SDH/MPLS,QUARTERLY,3,1,2,15.0,33.3
CTST6,TELECOM,SMPS,HALF YEARLY,4,4,0,-46.5,100.0
CTST6,TELECOM,SMPS,MONTHLY,35,23,12,-1.2,65.7
CTST6,TELECOM,TELEPHONE,MONTHLY,2,0,2,11.0,0.0
CTST6,TELECOM,TELEPHONE,QUARTERLY,2,2,0,-90.0,100.0
CTST6,TELECOM,TER ROOM,MONTHLY,1,0,1,6.0,0.0
CWBR,AFC,AFC SWITCH,QUARTERLY,3,3,0,-18.0,100.0
CWBR,AFC,AVM,MONTHLY,28,20,8,8.1,71.4
CWBR,AFC,EC,QUARTERLY,18,6,12,2.7,33.3
CWBR,AFC,EFO,QUARTERLY,10,3,7,7.9,30.0
CWBR,AFC,GATE,MONTHLY,393,243,150,5.5,61.8
CWBR,AFC,SC,HALF YEARLY,1,1,0,-59.0,100.0
CWBR,AFC,SWING BARRIER,MONTHLY,18,6,12,8.7,33.3
CWBR,AFC,TOM,QUARTERLY,36,14,22,12.6,38.9
CWBR,AFC,TVM,MONTHLY,33,25,8,-1.0,75.8
CWBR,TELECOM,CCTV,HALF YEARLY,71,71,0,-62.2,100.0
CWBR,TELECOM,CCTV,QUARTERLY,232,149,83,3.8,64.2
CWBR,TELECOM,CLOCK,HALF YEARLY,1,1,0,-47.0,100.0
CWBR,TELECOM,CLOCK,QUARTERLY,67,52,15,-28.2,77.6
CWBR,TELECOM,EPABX,HALF YEARLY,1,1,0,-21.0,100.0
CWBR,TELECOM,EPABX,MONTHLY,22,17,5,-9.2,77.3
CWBR,TELECOM,EPABX,QUARTERLY,87,86,1,-60.6,98.9
CWBR,TELECOM,PAS/PIDS,HALF YEARLY,10,5,5,5.8,50.0
CWBR,TELECOM,PAS/PIDS,MONTHLY,59,51,8,-16.1,86.4
CWBR,TELECOM,PAS/PIDS,QUARTERLY,259,146,113,-5.0,56.4
CWBR,TELECOM,RADIO,HALF YEARLY,2,2,0,-21.0,100.0
CWBR,TELECOM,RADIO,MONTHLY,17,13,4,-1.6,76.5
CWBR,TELECOM,SMPS,HALF YEARLY,2,0,2,8.0,0.0
CWBR,TELECOM,SMPS,MONTHLY,35,23,12,-1.4,65.7
CWBR,TELECOM,TELE ROUTER,QUARTERLY,2,2,0,-44.5,100.0
CWBR,TELECOM,TELE SWITCH,HALF YEARLY,4,4,0,-113.5,100.0
CWBR,TELECOM,TELE SWITCH,QUARTERLY,8,8,0,-49.0,100.0
CWBR,TELECOM,UPS,HALF YEARLY,2,2,0,-180.0,100.0
CWBR,TELECOM,UPS,MONTHLY,34,22,12,-2.5,64.7
D25,AFC,AFC SWITCH,QUARTERLY,25,20,5,1.3,80.0
D25,AFC,AVM,MONTHLY,16,12,4,24.0,75.0
D25,AFC,GATE,MONTHLY,225,123,102,11.8,54.7
D25,AFC,RCTM,BI-WEEKLY,16,10,6,6.1,62.5
D25,AFC,RCTM,MONTHLY,17,9,8,9.6,52.9
D25,AFC,SWING BARRIER,MONTHLY,8,4,4,26.0,50.0
D25,AFC,TOM,QUARTERLY,10,2,8,109.6,20.0
D25,AFC,TVM,BI-WEEKLY,25,14,11,30.3,56.0
D25,AFC,TVM,MONTHLY,23,8,15,16.7,34.8
D25,TELECOM,CCTV,QUARTERLY,414,216,198,12.6,52.2
D25,TELECOM,CLOCK,HALF YEARLY,4,1,3,-11.8,25.0
D25,TELECOM,CLOCK,QUARTERLY,7,0,7,106.0,0.0
D25,TELECOM,EPABX,QUARTERLY,35,12,23,121.9,34.3
D25,TELECOM,PAS/PIDS,HALF YEARLY,1,0,1,331.0,0.0
D25,TELECOM,PAS/PIDS,QUARTERLY,315,299,16,-68.0,94.9
D25,TELECOM,RADIO,MONTHLY,4,0,4,8.2,0.0
D25,TELECOM,SDH/MPLS,MONTHLY,3,1,2,19.7,33.3
D25,TELECOM,SDH/MPLS,QUARTERLY,1,1,0,0.0,100.0
D25,TELECOM,SDH/MPLS,YEARLY,2,2,0,-263.0,100.0
D25,TELECOM,TER ROOM,MONTHLY,1,1,0,0.0,100.0
DACY,AFC,AFC SWITCH,QUARTERLY,13,10,3,-30.4,76.9
DACY,AFC,AVM,MONTHLY,12,9,3,9.8,75.0
DACY,AFC,GATE,MONTHLY,65,21,44,17.0,32.3
DACY,AFC,SC,HALF YEARLY,1,0,1,9.0,0.0
DACY,AFC,TOM,QUARTERLY,23,17,6,-31.2,73.9
DACY,AFC,TVM,BI-WEEKLY,12,8,4,14.3,66.7
DACY,AFC,TVM,MONTHLY,28,18,10,0.3,64.3
DACY,TELECOM,CCTV,HALF YEARLY,571,565,6,-150.4,98.9
DACY,TELECOM,CCTV,MONTHLY,18,12,6,-7.7,66.7
DACY,TELECOM,CCTV,QUARTERLY,256,179,77,-5.4,69.9
DACY,TELECOM,CLOCK,QUARTERLY,29,24,5,-34.2,82.8
DACY,TELECOM,EPABX,MONTHLY,4,0,4,310.0,0.0
DACY,TELECOM,EPABX,QUARTERLY,98,91,7,-43.9,92.9
DACY,TELECOM,PAS/PIDS,HALF YEARLY,57,57,0,-126.8,100.0
DACY,TELECOM,PAS/PIDS,QUARTERLY,266,8,258,99.7,3.0
DACY,TELECOM,RADIO,HALF YEARLY,10,6,4,-82.6,60.0
DACY,TELECOM,RADIO,MONTHLY,2,0,2,96.0,0.0
DACY,TELECOM,SDH/MPLS,MONTHLY,2,0,2,35.5,0.0
DACY,TELECOM,SMPS,MONTHLY,3,0,3,106.0,0.0
DACY,TELECOM,UPS,HALF YEARLY,11,9,2,-110.4,81.8
DACY,TELECOM,UPS,MONTHLY,4,0,4,179.5,0.0
DBMR,AFC,AFC ROUTER,QUARTERLY,2,1,1,73.0,50.0
DBMR,AFC,AFC SWITCH,QUARTERLY,20,10,10,-10.8,50.0
DBMR,AFC,AVM,MONTHLY,12,4,8,130.7,33.3
DBMR,AFC,EFO,QUARTERLY,8,2,6,22.0,25.0
DBMR,AFC,GATE,MONTHLY,120,40,80,31.5,33.3
DBMR,AFC,RCTM,BI-WEEKLY,43,21,22,7.3,48.8
DBMR,AFC,RCTM,MONTHLY,29,13,16,1.8,44.8
DBMR,AFC,SC,HALF YEARLY,1,0,1,47.0,0.0
DBMR,AFC,SWING BARRIER,MONTHLY,9,5,4,47.6,55.6
DBMR,AFC,TOM,QUARTERLY,8,2,6,22.0,25.0
DBMR,AFC,TVM,BI-WEEKLY,190,82,108,9.0,43.2
DBMR,AFC,TVM,MONTHLY,135,72,63,0.5,53.3
DBMR,TELECOM,CCTV,HALF YEARLY,5,0,5,168.4,0.0
DBMR,TELECOM,CCTV,QUARTERLY,427,305,122,-16.8,71.4
DBMR,TELECOM,CLOCK,QUARTERLY,11,6,5,35.6,54.5
DBMR,TELECOM,EPABX,HALF YEARLY,2,1,1,7.5,50.0
DBMR,TELECOM,EPABX,MONTHLY,98,10,88,77.1,10.2
DBMR,TELECOM,EPABX,QUARTERLY,11,5,6,8.0,45.5
DBMR,TELECOM,PAS/PIDS,HALF YEARLY,13,5,8,-9.2,38.5
DBMR,TELECOM,PAS/PIDS,MONTHLY,35,11,24,43.5,31.4
DBMR,TELECOM,PAS/PIDS,QUARTERLY,40,24,16,52.5,60.0
DBMR,TELECOM,PEST CONTROL,MONTHLY,3,1,2,56.0,33.3
DBMR,TELECOM,RADIO,HALF YEARLY,1,0,1,216.0,0.0
DBMR,TELECOM,RADIO,MONTHLY,14,7,7,35.9,50.0
DBMR,TELECOM,SDH/MPLS,QUARTERLY,2,1,1,30.5,50.0
DBMR,TELECOM,SMPS,HALF YEARLY,4,2,2,-16.5,50.0
DBMR,TELECOM,SMPS,MONTHLY,16,8,8,22.5,50.0
DBMR,TELECOM,TER ROOM,MONTHLY,1,1,0,1.0,100.0
DBMR,TELECOM,UPS,HALF YEARLY,2,2,0,-180.0,100.0
DBMR,TELECOM,UPS,MONTHLY,6,1,5,74.2,16.7
DBMR,TELECOM,UPS,QUARTERLY,3,0,3,138.3,0.0
DDSC,AFC,AFC ROUTER,QUARTERLY,3,1,2,33.7,33.3
DDSC,AFC,AFC SWITCH,QUARTERLY,19,11,8,9.7,57.9
DDSC,AFC,AFC SWITCH,YEARLY,5,5,0,-4.0,100.0
DDSC,AFC,AVM,MONTHLY,20,12,8,20.6,60.0
DDSC,AFC,CSM,MONTHLY,1,0,1,43.0,0.0
DDSC,AFC,EFO,QUARTERLY,10,5,5,25.5,50.0
DDSC,AFC,EMERGENCY SWITCH,MONTHLY,6,0,6,100.0,0.0
DDSC,AFC,GATE,MONTHLY,252,156,96,2.8,61.9
DDSC,AFC,RCTM,BI-WEEKLY,35,28,7,0.1,80.0
DDSC,AFC,RCTM,MONTHLY,5,3,2,70.4,60.0
DDSC,AFC,SC,HALF YEARLY,1,1,0,-22.0,100.0
DDSC,AFC,SCVM,BI-WEEKLY,30,23,7,1.3,76.7
DDSC,AFC,SCVM,MONTHLY,8,6,2,32.8,75.0
DDSC,AFC,SWING BARRIER,MONTHLY,2,1,1,113.0,50.0
DDSC,AFC,TOM,QUARTERLY,9,5,4,18.7,55.6
DDSC,AFC,TVM,BI-WEEKLY,144,116,28,-0.3,80.6
DDSC,AFC,TVM,MONTHLY,24,16,8,53.7,66.7
DDSC,TELECOM,CCTV,HALF YEARLY,75,10,65,27.1,13.3
DDSC,TELECOM,CCTV,MONTHLY,7,0,7,33.0,0.0
DDSC,TELECOM,CCTV,QUARTERLY,577,439,138,-24.6,76.1
DDSC,TELECOM,CLOCK,HALF YEARLY,3,2,1,-80.3,66.7
DDSC,TELECOM,CLOCK,MONTHLY,2,2,0,-6.0,100.0
DDSC,TELECOM,CLOCK,QUARTERLY,87,79,8,-47.8,90.8
DDSC,TELECOM,EARTH PIT,QUARTERLY,4,0,4,92.0,0.0
DDSC,TELECOM,EPABX,HALF YEARLY,1,1,0,-33.0,100.0
DDSC,TELECOM,EPABX,MONTHLY,18,0,18,68.4,0.0
DDSC,TELECOM,EPABX,QUARTERLY,19,17,2,-26.9,89.5
DDSC,TELECOM,PAS/PIDS,HALF YEARLY,16,4,12,7.8,25.0
DDSC,TELECOM,PAS/PIDS,MONTHLY,906,202,704,38.9,22.3
DDSC,TELECOM,PAS/PIDS,QUARTERLY,90,20,70,16.0,22.2
DDSC,TELECOM,PAS/PIDS,YEARLY,18,18,0,-313.9,100.0
DDSC,TELECOM,RADIO,MONTHLY,10,5,5,15.4,50.0
DDSC,TELECOM,SDH/MPLS,QUARTERLY,1,0,1,33.0,0.0
DDSC,TELECOM,SMPS,HALF YEARLY,4,4,0,-113.5,100.0
DDSC,TELECOM,SMPS,MONTHLY,23,11,12,14.6,47.8
DEM,AFC,AFC SWITCH,QUARTERLY,21,7,14,16.3,33.3
DEM,AFC,AVM,MONTHLY,84,49,35,8.8,58.3
DEM,AFC,EC,QUARTERLY,48,29,19,-6.4,60.4
DEM,AFC,EFO,QUARTERLY,18,9,9,2.8,50.0
DEM,AFC,GATE,MONTHLY,858,617,241,-1.1,71.9
DEM,AFC,SC,HALF YEARLY,1,0,1,145.0,0.0
DEM,AFC,SWING BARRIER,MONTHLY,24,16,8,12.1,66.7
DEM,AFC,TOM,QUARTERLY,82,30,52,4.7,36.6
DEM,AFC,TVM,MONTHLY,44,35,9,0.2,79.5
DEM,IT,IT SWITCH,QUARTERLY,2,0,2,8.0,0.0
DEM,TELECOM,CCTV,HALF YEARLY,242,168,74,-65.2,69.4
DEM,TELECOM,CCTV,MONTHLY,8,4,4,28.5,50.0
DEM,TELECOM,CCTV,QUARTERLY,395,219,176,4.3,55.4
DEM,TELECOM,CLOCK,HALF YEARLY,2,2,0,-22.0,100.0
DEM,TELECOM,CLOCK,QUARTERLY,141,128,13,-26.6,90.8
DEM,TELECOM,EPABX,HALF YEARLY,2,2,0,-11.5,100.0
DEM,TELECOM,EPABX,MONTHLY,15,10,5,1.7,66.7
DEM,TELECOM,EPABX,QUARTERLY,154,152,2,-50.5,98.7
DEM,TELECOM,PAS/PIDS,HALF YEARLY,27,11,16,32.7,40.7
DEM,TELECOM,PAS/PIDS,MONTHLY,27,17,10,6.0,63.0
DEM,TELECOM,PAS/PIDS,QUARTERLY,1186,777,409,-15.1,65.5
DEM,TELECOM,PAS/PIDS,YEARLY,1,1,0,-22.0,100.0
DEM,TELECOM,RADIO,HALF YEARLY,2,2,0,-23.0,100.0
DEM,TELECOM,RADIO,MONTHLY,18,13,5,2.1,72.2
DEM,TELECOM,SMPS,HALF YEARLY,4,2,2,-4.5,50.0
DEM,TELECOM,SMPS,MONTHLY,32,20,12,0.9,62.5
DEM,TELECOM,TELE ROUTER,HALF YEARLY,1,0,1,163.0,0.0
DEM,TELECOM,TELE ROUTER,QUARTERLY,5,3,2,-21.4,60.0
DEM,TELECOM,TELE ROUTER,YEARLY,1,1,0,-229.0,100.0
DEM,TELECOM,TELE SWITCH,HALF YEARLY,4,2,2,-6.5,50.0
DEM,TELECOM,TELE SWITCH,QUARTERLY,10,8,2,-20.6,80.0
DEM,TELECOM,TER ROOM,MONTHLY,1,1,0,-3.0,100.0
DEM,TELECOM,UPS,HALF YEARLY,4,3,1,-92.2,75.0
DEM,TELECOM,UPS,MONTHLY,35,27,8,-1.5,77.1
DEM,TELECOM,UPS,YEARLY,2,2,0,-266.0,100.0
DKV,AFC,AFC SWITCH,QUARTERLY,8,5,3,-21.0,62.5
DKV,AFC,AVM,MONTHLY,8,0,8,38.0,0.0
DKV,AFC,GATE,MONTHLY,58,30,28,14.8,51.7
DKV,AFC,TOM,QUARTERLY,2,0,2,78.0,0.0
DKV,AFC,TVM,BI-WEEKLY,4,0,4,38.0,0.0
DKV,AFC,TVM,MONTHLY,19,5,14,16.9,26.3
DKV,TELECOM,CCTV,MONTHLY,70,50,20,44.0,71.4
DKV,TELECOM,CCTV,QUARTERLY,181,15,166,40.5,8.3
DKV,TELECOM,CLOCK,QUARTERLY,8,2,6,88.5,25.0
DKV,TELECOM,EPABX,MONTHLY,11,4,7,236.0,36.4
DKV,TELECOM,EPABX,QUARTERLY,12,5,7,15.5,41.7
DKV,TELECOM,PAS/PIDS,MONTHLY,770,272,498,43.7,35.3
DKV,TELECOM,PAS/PIDS,QUARTERLY,1153,1026,127,-64.6,89.0
DKV,TELECOM,RADIO,MONTHLY,2,0,2,119.0,0.0
DKV,TELECOM,SDH/MPLS,MONTHLY,1,0,1,166.0,0.0
DKV,TELECOM,SMPS,MONTHLY,3,0,3,114.0,0.0
DKV,TELECOM,UPS,MONTHLY,6,2,4,114.0,33.3
DLIC,AFC,AFC ROUTER,QUARTERLY,2,1,1,-11.5,50.0
DLIC,AFC,AFC SWITCH,QUARTERLY,15,12,3,-14.2,80.0
DLIC,AFC,AVM,MONTHLY,6,0,6,25.3,0.0
DLIC,AFC,CSM,MONTHLY,1,0,1,22.0,0.0
DLIC,AFC,EFO,QUARTERLY,5,5,0,-30.8,100.0
DLIC,AFC,EMERGENCY SWITCH,MONTHLY,3,1,2,34.7,33.3
DLIC,AFC,GATE,MONTHLY,96,48,48,1.1,50.0
DLIC,AFC,RCTM,BI-WEEKLY,32,27,5,1.1,84.4
DLIC,AFC,RCTM,MONTHLY,5,4,1,1.2,80.0
DLIC,AFC,SWING BARRIER,MONTHLY,1,0,1,58.0,0.0
DLIC,AFC,TOM,QUARTERLY,12,12,0,-26.8,100.0
DLIC,AFC,TVM,BI-WEEKLY,120,100,20,2.1,83.3
DLIC,AFC,TVM,MONTHLY,20,16,4,1.2,80.0
DLIC,TELECOM,CCTV,MONTHLY,92,35,57,26.2,38.0
DLIC,TELECOM,CCTV,QUARTERLY,370,307,63,-24.2,83.0
DLIC,TELECOM,CLOCK,HALF YEARLY,2,1,1,-49.5,50.0
DLIC,TELECOM,CLOCK,MONTHLY,71,56,15,3.9,78.9
DLIC,TELECOM,CLOCK,QUARTERLY,68,60,8,-40.5,88.2
DLIC,TELECOM,EARTH PIT,QUARTERLY,8,4,4,-3.0,50.0
DLIC,TELECOM,EPABX,HALF YEARLY,3,3,0,-120.0,100.0
DLIC,TELECOM,EPABX,QUARTERLY,3,3,0,-21.7,100.0
DLIC,TELECOM,PAS/PIDS,HALF YEARLY,8,6,2,1.2,75.0
DLIC,TELECOM,PAS/PIDS,MONTHLY,1005,489,516,17.1,48.7
DLIC,TELECOM,PAS/PIDS,QUARTERLY,154,131,23,-21.9,85.1
DLIC,TELECOM,RADIO,MONTHLY,8,3,5,62.4,37.5
DLIC,TELECOM,SDH/MPLS,QUARTERLY,1,1,0,-57.0,100.0
DLIC,TELECOM,SMPS,HALF YEARLY,2,2,0,-56.0,100.0
DLIC,TELECOM,SMPS,MONTHLY,27,14,13,5.8,51.9
DLIC,TELECOM,UPS,MONTHLY,9,2,7,23.7,22.2
DLIG,AFC,AFC SWITCH,QUARTERLY,14,14,0,-53.1,100.0
DLIG,AFC,EFO,QUARTERLY,5,3,2,8.2,60.0
DLIG,AFC,GATE,MONTHLY,112,64,48,4.2,57.1
DLIG,AFC,RCTM,BI-WEEKLY,38,14,24,8.8,36.8
DLIG,AFC,RCTM,MONTHLY,24,7,17,4.7,29.2
DLIG,AFC,TOM,QUARTERLY,18,9,9,33.0,50.0
DLIG,AFC,TVM,BI-WEEKLY,268,112,156,7.0,41.8
DLIG,AFC,TVM,MONTHLY,151,47,104,5.6,31.1
DLIG,TELECOM,CCTV,HALF YEARLY,35,35,0,-0.3,100.0
DLIG,TELECOM,CCTV,QUARTERLY,108,40,68,52.5,37.0
DLIG,TELECOM,CLOCK,QUARTERLY,38,24,14,11.3,63.2
DLIG,TELECOM,EPABX,HALF YEARLY,1,1,0,-118.0,100.0
DLIG,TELECOM,EPABX,MONTHLY,8,6,2,3.4,75.0
DLIG,TELECOM,EPABX,QUARTERLY,5,5,0,-46.4,100.0
DLIG,TELECOM,PAS/PIDS,HALF YEARLY,16,16,0,-59.8,100.0
DLIG,TELECOM,PAS/PIDS,MONTHLY,8,2,6,26.9,25.0
DLIG,TELECOM,PAS/PIDS,QUARTERLY,325,190,135,7.8,58.5
DLIG,TELECOM,RADIO,MONTHLY,7,3,4,8.0,42.9
DLIG,TELECOM,SDH/MPLS,HALF YEARLY,1,1,0,-97.0,100.0
DLIG,TELECOM,SDH/MPLS,QUARTERLY,2,2,0,-34.5,100.0
DLIG,TELECOM,SMPS,HALF YEARLY,2,2,0,-48.0,100.0
DLIG,TELECOM,SMPS,MONTHLY,7,1,6,56.0,14.3
DLIG,TELECOM,SMPS,YEARLY,2,2,0,-260.0,100.0
DLIG,TELECOM,UPS,HALF YEARLY,3,3,0,-176.0,100.0
DLIG,TELECOM,UPS,MONTHLY,8,2,6,25.8,25.0
DLIG,TELECOM,UPS,YEARLY,1,1,0,-199.0,100.0
DM,AFC,AFC SWITCH,QUARTERLY,18,17,1,-42.2,94.4
DM,AFC,AVM,MONTHLY,30,10,20,55.2,33.3
DM,AFC,EC,HALF YEARLY,7,0,7,6.0,0.0
DM,AFC,EC,QUARTERLY,7,7,0,-32.0,100.0
DM,AFC,EFO,QUARTERLY,9,9,0,-29.7,100.0
DM,AFC,EMERGENCY SWITCH,MONTHLY,8,4,4,12.8,50.0
DM,AFC,GATE,MONTHLY,199,126,73,4.9,63.3
DM,AFC,SC,HALF YEARLY,1,0,1,6.0,0.0
DM,AFC,SWING BARRIER,MONTHLY,26,16,10,6.6,61.5
DM,AFC,TOM,QUARTERLY,19,19,0,-42.4,100.0
DM,AFC,TVM,BI-WEEKLY,73,53,20,11.8,72.6
DM,AFC,TVM,MONTHLY,52,48,4,-10.3,92.3
DM,IT,IT SWITCH,HALF YEARLY,2,0,2,6.0,0.0
DM,IT,IT SWITCH,QUARTERLY,4,2,2,-29.5,50.0
DM,TELECOM,CCTV,HALF YEARLY,91,91,0,-124.8,100.0
DM,TELECOM,CCTV,MONTHLY,5,0,5,27.2,0.0
DM,TELECOM,CCTV,QUARTERLY,252,156,96,-7.3,61.9
DM,TELECOM,CLOCK,QUARTERLY,85,66,19,-49.8,77.6
DM,TELECOM,EARTH PIT,QUARTERLY,2,1,1,-32.5,50.0
DM,TELECOM,EPABX,MONTHLY,20,16,4,7.8,80.0
DM,TELECOM,EPABX,QUARTERLY,5,4,1,-67.0,80.0
DM,TELECOM,PAS/PIDS,HALF YEARLY,2,2,0,-44.0,100.0
DM,TELECOM,PAS/PIDS,QUARTERLY,701,523,178,-48.7,74.6
DM,TELECOM,RADIO,MONTHLY,13,9,4,9.3,69.2
DM,TELECOM,SDH/MPLS,QUARTERLY,3,2,1,-49.3,66.7
DM,TELECOM,SMPS,MONTHLY,22,13,9,13.3,59.1
DM,TELECOM,TELE SWITCH,HALF YEARLY,2,0,2,6.0,0.0
DM,TELECOM,TER ROOM,MONTHLY,1,0,1,6.0,0.0
DM,TELECOM,UPS,MONTHLY,21,13,8,14.3,61.9
DMRCA,TELECOM,CLOCK,QUARTERLY,13,12,1,-57.0,92.3
DNBT,AFC,AFC ROUTER,QUARTERLY,5,3,2,-30.0,60.0
DNBT,AFC,AFC SWITCH,QUARTERLY,37,36,1,-38.5,97.3
DNBT,AFC,AVM,MONTHLY,64,40,24,0.2,62.5
DNBT,AFC,EC,HALF YEARLY,5,0,5,62.0,0.0
DNBT,AFC,EC,QUARTERLY,10,0,10,8.5,0.0
DNBT,AFC,EFO,QUARTERLY,12,12,0,-16.3,100.0
DNBT,AFC,EMERGENCY SWITCH,MONTHLY,14,8,6,6.3,57.1
DNBT,AFC,GATE,MONTHLY,256,168,88,0.9,65.6
DNBT,AFC,RCTM,BI-WEEKLY,56,36,20,4.4,64.3
DNBT,AFC,RCTM,MONTHLY,32,20,12,0.2,62.5
DNBT,AFC,SC,HALF YEARLY,2,2,0,-68.5,100.0
DNBT,AFC,SWING BARRIER,MONTHLY,30,20,10,2.3,66.7
DNBT,AFC,TOM,QUARTERLY,12,12,0,-16.3,100.0
DNBT,AFC,TVM,BI-WEEKLY,224,175,49,2.1,78.1
DNBT,AFC,TVM,MONTHLY,105,56,49,2.3,53.3
DNBT,TELECOM,CCTV,QUARTERLY,263,140,123,5.3,53.2
DNBT,TELECOM,CLOCK,HALF YEARLY,1,1,0,0.0,100.0
DNBT,TELECOM,CLOCK,QUARTERLY,21,8,13,36.0,38.1
DNBT,TELECOM,CLOCK,YEARLY,1,1,0,-365.0,100.0
DNBT,TELECOM,EPABX,HALF YEARLY,2,2,0,-103.0,100.0
DNBT,TELECOM,EPABX,MONTHLY,42,14,28,12.5,33.3
DNBT,TELECOM,EPABX,QUARTERLY,44,28,16,-3.0,63.6
DNBT,TELECOM,PAS/PIDS,HALF YEARLY,17,17,0,-57.8,100.0
DNBT,TELECOM,PAS/PIDS,MONTHLY,37,14,23,5.3,37.8
DNBT,TELECOM,PAS/PIDS,QUARTERLY,571,548,23,-37.5,96.0
DNBT,TELECOM,PEST CONTROL,MONTHLY,12,4,8,23.7,33.3
DNBT,TELECOM,RADIO,HALF YEARLY,4,2,2,-85.5,50.0
DNBT,TELECOM,RADIO,MONTHLY,21,8,13,12.5,38.1
DNBT,TELECOM,SDH/MPLS,HALF YEARLY,1,1,0,0.0,100.0
DNBT,TELECOM,SDH/MPLS,QUARTERLY,3,1,2,-2.3,33.3
DNBT,TELECOM,SMPS,HALF YEARLY,4,2,2,-33.5,50.0
DNBT,TELECOM,SMPS,MONTHLY,34,24,10,-1.5,70.6
DPCK,AFC,TIM,BI-WEEKLY,3,3,0,-3.0,100.0
DPCK,AFC,TIM,MONTHLY,3,3,0,-8.0,100.0
DSE,AFC,AFC ROUTER,QUARTERLY,2,1,1,-17.5,50.0
DSE,AFC,AFC SWITCH,QUARTERLY,3,1,2,0.3,33.3
DSE,AFC,AFC SWITCH,YEARLY,1,1,0,-347.0,100.0
DSE,AFC,AVM,MONTHLY,8,4,4,66.2,50.0
DSE,AFC,EC,HALF YEARLY,3,0,3,5.0,0.0
DSE,AFC,EC,QUARTERLY,5,2,3,-20.6,40.0
DSE,AFC,EFO,QUARTERLY,3,2,1,-38.0,66.7
DSE,AFC,EMERGENCY SWITCH,MONTHLY,2,1,1,38.5,50.0
DSE,AFC,GATE,MONTHLY,74,50,24,12.0,67.6
DSE,AFC,SWING BARRIER,MONTHLY,2,1,1,43.5,50.0
DSE,AFC,TOM,QUARTERLY,2,1,1,-12.0,50.0
DSE,AFC,TVM,BI-WEEKLY,69,36,33,8.8,52.2
DSE,AFC,TVM,MONTHLY,43,22,21,6.6,51.2
DSE,IT,IT SWITCH,QUARTERLY,3,1,2,-16.7,33.3
DSE,TELECOM,CCTV,QUARTERLY,59,3,56,27.8,5.1
DSE,TELECOM,CLOCK,QUARTERLY,62,51,11,-41.9,82.3
DSE,TELECOM,EARTH PIT,QUARTERLY,2,1,1,-26.0,50.0
DSE,TELECOM,EPABX,MONTHLY,28,16,12,4.0,57.1
DSE,TELECOM,EPABX,QUARTERLY,1,0,1,29.0,0.0
DSE,TELECOM,PAS/PIDS,HALF YEARLY,6,6,0,-75.0,100.0
DSE,TELECOM,PAS/PIDS,MONTHLY,1,0,1,109.0,0.0
DSE,TELECOM,PAS/PIDS,QUARTERLY,68,50,18,-35.5,73.5
DSE,TELECOM,RADIO,MONTHLY,10,5,5,7.1,50.0
DSE,TELECOM,SDH/MPLS,MONTHLY,1,0,1,136.0,0.0
DSE,TELECOM,SMPS,HALF YEARLY,2,0,2,4.0,0.0
DSE,TELECOM,SMPS,MONTHLY,19,11,8,11.3,57.9
DSE,TELECOM,TELE ROUTER,QUARTERLY,4,2,2,-11.5,50.0
DSE,TELECOM,TELE SWITCH,QUARTERLY,4,2,2,-14.5,50.0
DSE,TELECOM,TER ROOM,MONTHLY,1,0,1,8.0,0.0
DSE,TELECOM,UPS,MONTHLY,14,8,6,16.1,57.1
DSET,AFC,AFC ROUTER,QUARTERLY,1,0,1,19.0,0.0
DSET,AFC,AVM,MONTHLY,22,12,10,16.2,54.5
DSET,AFC,EC,QUARTERLY,4,3,1,-15.0,75.0
DSET,AFC,EMERGENCY SWITCH,MONTHLY,2,0,2,49.0,0.0
DSET,AFC,GATE,MONTHLY,66,30,36,16.2,45.5
DSET,AFC,SWING BARRIER,MONTHLY,8,5,3,-0.1,62.5
DSET,AFC,TOM,QUARTERLY,3,2,1,-2.7,66.7
DSET,AFC,TVM,BI-WEEKLY,51,36,15,11.2,70.6
DSET,AFC,TVM,MONTHLY,30,15,15,12.9,50.0
DSET,IT,IT SWITCH,QUARTERLY,1,0,1,19.0,0.0
DSET,TELECOM,CCTV,MONTHLY,8,4,4,1.5,50.0
DSET,TELECOM,CCTV,QUARTERLY,174,125,49,-28.8,71.8
DSET,TELECOM,CLOCK,QUARTERLY,34,26,8,-34.3,76.5
DSET,TELECOM,EPABX,MONTHLY,28,16,12,7.6,57.1
DSET,TELECOM,EPABX,QUARTERLY,4,3,1,-9.5,75.0
DSET,TELECOM,PAS/PIDS,QUARTERLY,284,123,161,-1.4,43.3
DSET,TELECOM,RADIO,MONTHLY,7,5,2,5.6,71.4
DSET,TELECOM,SDH/MPLS,QUARTERLY,1,1,0,-23.0,100.0
DSET,TELECOM,SMPS,MONTHLY,14,8,6,7.6,57.1
DSET,TELECOM,TELE ROUTER,QUARTERLY,4,2,2,22.0,50.0
DSET,TELECOM,TELE SWITCH,QUARTERLY,6,4,2,-15.3,66.7
DSET,TELECOM,UPS,HALF YEARLY,1,1,0,-180.0,100.0
DSET,TELECOM,UPS,MONTHLY,11,5,6,26.3,45.5
DSFN,AFC,AFC ROUTER,QUARTERLY,2,2,0,-29.5,100.0
DSFN,AFC,AFC SWITCH,QUARTERLY,5,5,0,-34.6,100.0
DSFN,AFC,AVM,MONTHLY,18,10,8,31.7,55.6
DSFN,AFC,EC,QUARTERLY,3,0,3,32.0,0.0
DSFN,AFC,EFO,QUARTERLY,3,2,1,-12.7,66.7
DSFN,AFC,EMERGENCY SWITCH,MONTHLY,2,0,2,59.5,0.0
DSFN,AFC,GATE,MONTHLY,81,54,27,-0.8,66.7
DSFN,AFC,RCTM,BI-WEEKLY,9,4,5,12.8,44.4
DSFN,AFC,RCTM,MONTHLY,6,3,3,50.7,50.0
DSFN,AFC,SC,HALF YEARLY,2,1,1,-53.0,50.0
DSFN,AFC,SWING BARRIER,MONTHLY,5,2,3,67.6,40.0
DSFN,AFC,TOM,QUARTERLY,14,13,1,-50.1,92.9
DSFN,AFC,TVM,BI-WEEKLY,67,40,27,16.3,59.7
DSFN,AFC,TVM,MONTHLY,38,31,7,17.1,81.6
DSFN,IT,IT SWITCH,QUARTERLY,2,0,2,32.0,0.0
DSFN,TELECOM,CCTV,HALF YEARLY,8,8,0,-179.0,100.0
DSFN,TELECOM,CCTV,MONTHLY,7,0,7,17.1,0.0
DSFN,TELECOM,CCTV,QUARTERLY,105,55,50,-30.1,52.4
DSFN,TELECOM,CLOCK,QUARTERLY,54,35,19,-46.1,64.8
DSFN,TELECOM,EARTH PIT,QUARTERLY,1,0,1,31.0,0.0
DSFN,TELECOM,EPABX,QUARTERLY,26,21,5,-17.2,80.8
DSFN,TELECOM,PAS/PIDS,QUARTERLY,258,73,185,5.6,28.3
DSFN,TELECOM,SDH/MPLS,QUARTERLY,1,0,1,31.0,0.0
DSFN,TELECOM,SMPS,MONTHLY,20,8,12,19.0,40.0
DSFN,TELECOM,TELE ROUTER,QUARTERLY,2,0,2,31.0,0.0
DSFN,TELECOM,TELE SWITCH,QUARTERLY,2,0,2,32.0,0.0
DSFN,TELECOM,TER ROOM,MONTHLY,1,0,1,27.0,0.0
DSFN,TELECOM,UPS,HALF YEARLY,2,1,1,16.0,50.0
DSFN,TELECOM,UPS,MONTHLY,16,6,10,30.7,37.5
DSFN,TELECOM,UPS,YEARLY,2,2,0,-281.0,100.0
DSG,AFC,AFC SWITCH,QUARTERLY,9,4,5,22.3,44.4
DSG,AFC,AFC SWITCH,YEARLY,2,2,0,-343.0,100.0
DSG,AFC,AVM,MONTHLY,86,56,30,4.4,65.1
DSG,AFC,EC,HALF YEARLY,4,0,4,63.0,0.0
DSG,AFC,EC,QUARTERLY,19,12,7,-18.2,63.2
DSG,AFC,EFO,QUARTERLY,12,12,0,-27.0,100.0
DSG,AFC,EMERGENCY SWITCH,MONTHLY,6,0,6,50.0,0.0
DSG,AFC,GATE,MONTHLY,417,269,148,-2.2,64.5
DSG,AFC,SWING BARRIER,MONTHLY,30,20,10,3.2,66.7
DSG,AFC,TOM,QUARTERLY,20,12,8,-8.8,60.0
DSG,AFC,TVM,BI-WEEKLY,64,8,56,16.1,12.5
DSG,AFC,TVM,MONTHLY,25,12,13,43.5,48.0
DSG,TELECOM,CCTV,HALF YEARLY,43,43,0,-39.6,100.0
DSG,TELECOM,CCTV,QUARTERLY,143,89,54,1.7,62.2
DSG,TELECOM,CLOCK,QUARTERLY,75,44,31,-0.2,58.7
DSG,TELECOM,EARTH PIT,QUARTERLY,4,2,2,44.5,50.0
DSG,TELECOM,EPABX,MONTHLY,28,14,14,6.4,50.0
DSG,TELECOM,EPABX,QUARTERLY,9,5,4,70.7,55.6
DSG,TELECOM,PAS/PIDS,HALF YEARLY,10,4,6,21.4,40.0
DSG,TELECOM,PAS/PIDS,QUARTERLY,465,281,184,-11.3,60.4
DSG,TELECOM,PAS/PIDS,YEARLY,3,3,0,-365.0,100.0
DSG,TELECOM,RADIO,MONTHLY,10,2,8,19.1,20.0
DSG,TELECOM,SMPS,HALF YEARLY,9,7,2,-74.3,77.8
DSG,TELECOM,SMPS,MONTHLY,42,26,16,-5.5,61.9
DSG,TELECOM,TELE SWITCH,HALF YEARLY,2,0,2,86.0,0.0
DSG,TELECOM,TELE SWITCH,QUARTERLY,2,0,2,154.0,0.0
DSG,TELECOM,TELE SWITCH,YEARLY,2,2,0,-290.0,100.0
DSHP,AFC,AFC ROUTER,QUARTERLY,4,3,1,-32.8,75.0
DSHP,AFC,AFC SWITCH,QUARTERLY,16,11,5,-18.4,68.8
DSHP,AFC,AVM,MONTHLY,46,24,22,7.3,52.2
DSHP,AFC,EFO,QUARTERLY,9,7,2,-19.8,77.8
DSHP,AFC,GATE,MONTHLY,194,90,104,7.6,46.4
DSHP,AFC,RCTM,BI-WEEKLY,37,15,22,9.9,40.5
DSHP,AFC,RCTM,MONTHLY,20,12,8,12.4,60.0
DSHP,AFC,SC,HALF YEARLY,1,1,0,-62.0,100.0
DSHP,AFC,SWING BARRIER,MONTHLY,8,0,8,87.0,0.0
DSHP,AFC,TOM,QUARTERLY,8,5,3,-11.0,62.5
DSHP,AFC,TVM,BI-WEEKLY,185,81,104,9.1,43.8
DSHP,AFC,TVM,MONTHLY,88,51,37,14.0,58.0
DSHP,TELECOM,CCTV,QUARTERLY,279,97,182,16.6,34.8
DSHP,TELECOM,CLOCK,HALF YEARLY,1,0,1,11.0,0.0
DSHP,TELECOM,CLOCK,QUARTERLY,18,12,6,17.5,66.7
DSHP,TELECOM,EPABX,MONTHLY,42,17,25,76.0,40.5
DSHP,TELECOM,EPABX,QUARTERLY,15,11,4,1.5,73.3
DSHP,TELECOM,PAS/PIDS,HALF YEARLY,6,6,0,-89.5,100.0
DSHP,TELECOM,PAS/PIDS,MONTHLY,26,10,16,36.1,38.5
DSHP,TELECOM,PAS/PIDS,QUARTERLY,81,40,41,41.6,49.4
DSHP,TELECOM,PAS/PIDS,YEARLY,1,1,0,-365.0,100.0
DSHP,TELECOM,RADIO,MONTHLY,7,4,3,24.6,57.1
DSHP,TELECOM,SDH/MPLS,QUARTERLY,6,3,3,-28.3,50.0
DSHP,TELECOM,SMPS,MONTHLY,29,17,12,3.6,58.6
DSHP,TELECOM,UPS,HALF YEARLY,3,2,1,-91.0,66.7
DSHP,TELECOM,UPS,MONTHLY,3,1,2,56.0,33.3
DSN,AFC,AFC ROUTER,QUARTERLY,2,1,1,6.0,50.0
DSN,AFC,AFC SWITCH,QUARTERLY,4,2,2,4.5,50.0
DSN,AFC,AVM,MONTHLY,20,16,4,9.2,80.0
DSN,AFC,EC,QUARTERLY,6,5,1,-24.0,83.3
DSN,AFC,EFO,QUARTERLY,3,2,1,-8.7,66.7
DSN,AFC,EMERGENCY SWITCH,MONTHLY,3,1,2,21.7,33.3
DSN,AFC,GATE,MONTHLY,104,72,32,8.9,69.2
DSN,AFC,SWING BARRIER,MONTHLY,7,4,3,30.0,57.1
DSN,AFC,TOM,QUARTERLY,3,2,1,-8.7,66.7
DSN,AFC,TVM,BI-WEEKLY,80,44,36,11.3,55.0
DSN,AFC,TVM,MONTHLY,44,32,12,8.8,72.7
DSN,IT,IT SWITCH,QUARTERLY,2,0,2,19.0,0.0
DSN,TELECOM,CCTV,MONTHLY,8,4,4,34.0,50.0
DSN,TELECOM,CCTV,QUARTERLY,23,9,14,2.3,39.1
DSN,TELECOM,CLOCK,QUARTERLY,10,6,4,4.6,60.0
DSN,TELECOM,EPABX,HALF YEARLY,1,1,0,-180.0,100.0
DSN,TELECOM,EPABX,MONTHLY,18,8,10,19.3,44.4
DSN,TELECOM,PAS/PIDS,QUARTERLY,117,8,109,144.6,6.8
DSN,TELECOM,RADIO,MONTHLY,7,2,5,30.0,28.6
DSN,TELECOM,SMPS,MONTHLY,15,7,8,1.7,46.7
DSN,TELECOM,TELE ROUTER,QUARTERLY,2,0,2,113.0,0.0
DSN,TELECOM,TELE SWITCH,QUARTERLY,2,0,2,113.0,0.0
DST,AFC,AFC ROUTER,QUARTERLY,4,2,2,-1.8,50.0
DST,AFC,AFC SWITCH,QUARTERLY,12,7,5,-1.8,58.3
DST,AFC,AVM,MONTHLY,26,12,14,39.9,46.2
DST,AFC,EC,QUARTERLY,5,1,4,19.2,20.0
DST,AFC,EFO,QUARTERLY,7,6,1,-32.4,85.7
DST,AFC,EMERGENCY SWITCH,MONTHLY,6,3,3,27.8,50.0
DST,AFC,GATE,MONTHLY,160,80,80,15.9,50.0
DST,AFC,SWING BARRIER,MONTHLY,10,4,6,46.9,40.0
DST,AFC,TOM,QUARTERLY,5,5,0,-45.2,100.0
DST,AFC,TVM,BI-WEEKLY,84,54,30,16.2,64.3
DST,AFC,TVM,MONTHLY,51,36,15,-3.2,70.6
DST,IT,IT SWITCH,QUARTERLY,2,0,2,22.0,0.0
DST,TELECOM,CCTV,MONTHLY,4,4,0,-11.0,100.0
DST,TELECOM,CCTV,QUARTERLY,148,83,65,-9.4,56.1
DST,TELECOM,CLOCK,QUARTERLY,46,26,20,-27.7,56.5
DST,TELECOM,CLOCK,YEARLY,1,1,0,-365.0,100.0
DST,TELECOM,EPABX,MONTHLY,26,10,16,8.5,38.5
DST,TELECOM,EPABX,QUARTERLY,1,0,1,22.0,0.0
DST,TELECOM,PAS/PIDS,QUARTERLY,416,152,264,29.3,36.5
DST,TELECOM,RADIO,MONTHLY,11,4,7,85.1,36.4
DST,TELECOM,SDH/MPLS,QUARTERLY,1,0,1,119.0,0.0
DST,TELECOM,SMPS,MONTHLY,21,15,6,-4.0,71.4
DST,TELECOM,TELE ROUTER,HALF YEARLY,2,2,0,-173.0,100.0
DST,TELECOM,TELE ROUTER,QUARTERLY,4,2,2,2.5,50.0
DST,TELECOM,TELE SWITCH,QUARTERLY,5,3,2,-16.0,60.0
DST,TELECOM,UPS,HALF YEARLY,4,3,1,-130.0,75.0
DST,TELECOM,UPS,MONTHLY,18,12,6,-0.3,66.7
DSTN,AFC,AFC ROUTER,QUARTERLY,2,1,1,-14.5,50.0
DSTN,AFC,AFC SWITCH,QUARTERLY,1,0,1,23.0,0.0
DSTN,AFC,AVM,MONTHLY,11,5,6,19.8,45.5
DSTN,AFC,EC,HALF YEARLY,2,2,0,-174.0,100.0
DSTN,AFC,EC,QUARTERLY,9,9,0,-39.1,100.0
DSTN,AFC,EFO,QUARTERLY,2,1,1,1.5,50.0
DSTN,AFC,EMERGENCY SWITCH,MONTHLY,2,1,1,47.0,50.0
DSTN,AFC,GATE,MONTHLY,60,30,30,20.3,50.0
DSTN,AFC,SWING BARRIER,MONTHLY,3,0,3,88.7,0.0
DSTN,AFC,TOM,QUARTERLY,4,3,1,-44.2,75.0
DSTN,AFC,TVM,BI-WEEKLY,57,33,24,6.6,57.9
DSTN,AFC,TVM,MONTHLY,36,27,9,2.6,75.0
DSTN,IT,IT SWITCH,QUARTERLY,5,4,1,-56.4,80.0
DSTN,TELECOM,CCTV,HALF YEARLY,26,26,0,-169.5,100.0
DSTN,TELECOM,CCTV,QUARTERLY,74,50,24,-36.4,67.6
DSTN,TELECOM,CLOCK,QUARTERLY,53,27,26,-24.9,50.9
DSTN,TELECOM,EARTH PIT,QUARTERLY,1,0,1,70.0,0.0
DSTN,TELECOM,EPABX,MONTHLY,36,18,18,11.1,50.0
DSTN,TELECOM,EPABX,QUARTERLY,1,0,1,116.0,0.0
DSTN,TELECOM,PAS/PIDS,HALF YEARLY,5,1,4,21.6,20.0
DSTN,TELECOM,PAS/PIDS,QUARTERLY,531,362,169,-34.5,68.2
DSTN,TELECOM,RADIO,MONTHLY,11,6,5,14.5,54.5
DSTN,TELECOM,RADIO,QUARTERLY,2,0,2,72.0,0.0
DSTN,TELECOM,SMPS,MONTHLY,16,8,8,5.0,50.0
DSTN,TELECOM,TELE ROUTER,QUARTERLY,2,0,2,93.0,0.0
DSTN,TELECOM,TELE SWITCH,QUARTERLY,2,0,2,93.0,0.0
DSTN,TELECOM,TER ROOM,MONTHLY,1,0,1,20.0,0.0
DSTN,TELECOM,UPS,HALF YEARLY,4,4,0,-180.0,100.0
DSTN,TELECOM,UPS,MONTHLY,14,7,7,7.0,50.0
DSTO,AFC,AFC ROUTER,QUARTERLY,2,1,1,9.0,50.0
DSTO,AFC,AFC SWITCH,QUARTERLY,8,4,4,9.0,50.0
DSTO,AFC,AVM,MONTHLY,54,19,35,22.6,35.2
DSTO,AFC,EC,QUARTERLY,9,4,5,19.4,44.4
DSTO,AFC,EFO,QUARTERLY,9,6,3,-38.0,66.7
DSTO,AFC,EMERGENCY SWITCH,MONTHLY,16,9,7,12.1,56.2
DSTO,AFC,GATE,MONTHLY,149,59,90,17.3,39.6
DSTO,AFC,SWING BARRIER,MONTHLY,10,3,7,67.3,30.0
DSTO,AFC,TOM,QUARTERLY,3,2,1,-38.0,66.7
DSTO,AFC,TVM,BI-WEEKLY,76,32,44,9.3,42.1
DSTO,AFC,TVM,MONTHLY,48,32,16,-0.7,66.7
DSTO,IT,IT SWITCH,QUARTERLY,1,0,1,17.0,0.0
DSTO,TELECOM,CCTV,MONTHLY,26,22,4,-10.2,84.6
DSTO,TELECOM,CCTV,QUARTERLY,184,81,103,-7.6,44.0
DSTO,TELECOM,CLOCK,QUARTERLY,51,30,21,-13.1,58.8
DSTO,TELECOM,EPABX,MONTHLY,33,12,21,24.5,36.4
DSTO,TELECOM,EPABX,QUARTERLY,39,23,16,-5.0,59.0
DSTO,TELECOM,PAS/PIDS,HALF YEARLY,4,4,0,-43.0,100.0
DSTO,TELECOM,PAS/PIDS,MONTHLY,4,0,4,150.0,0.0
DSTO,TELECOM,PAS/PIDS,QUARTERLY,162,57,105,54.1,35.2
DSTO,TELECOM,RADIO,MONTHLY,11,3,8,25.7,27.3
DSTO,TELECOM,SDH/MPLS,QUARTERLY,1,0,1,7.0,0.0
DSTO,TELECOM,SMPS,MONTHLY,19,11,8,-3.8,57.9
DSTO,TELECOM,TELE ROUTER,QUARTERLY,6,2,4,7.3,33.3
DSTO,TELECOM,TELE SWITCH,QUARTERLY,6,2,4,7.3,33.3
DSTO,TELECOM,TER ROOM,MONTHLY,1,0,1,9.0,0.0
DSW,AFC,AFC ROUTER,QUARTERLY,2,1,1,11.5,50.0
DSW,AFC,AFC SWITCH,QUARTERLY,4,2,2,28.0,50.0
DSW,AFC,AVM,MONTHLY,7,3,4,50.0,42.9
DSW,AFC,EC,QUARTERLY,8,4,4,-1.5,50.0
DSW,AFC,EFO,QUARTERLY,2,1,1,2.0,50.0
DSW,AFC,EMERGENCY SWITCH,MONTHLY,1,0,1,110.0,0.0
DSW,AFC,GATE,MONTHLY,63,21,42,20.6,33.3
DSW,AFC,SC,HALF YEARLY,1,0,1,5.0,0.0
DSW,AFC,SWING BARRIER,MONTHLY,2,1,1,48.5,50.0
DSW,AFC,TOM,QUARTERLY,2,1,1,2.0,50.0
DSW,AFC,TVM,BI-WEEKLY,59,32,27,9.1,54.2
DSW,AFC,TVM,MONTHLY,42,24,18,2.5,57.1
DSW,IT,IT SWITCH,HALF YEARLY,1,0,1,5.0,0.0
DSW,IT,IT SWITCH,QUARTERLY,1,0,1,67.0,0.0
DSW,TELECOM,CCTV,QUARTERLY,32,22,10,-9.5,68.8
DSW,TELECOM,CLOCK,QUARTERLY,16,16,0,-50.6,100.0
DSW,TELECOM,EARTH PIT,QUARTERLY,1,0,1,83.0,0.0
DSW,TELECOM,EPABX,MONTHLY,26,6,20,22.8,23.1
DSW,TELECOM,PAS/PIDS,HALF YEARLY,9,9,0,-180.0,100.0
DSW,TELECOM,PAS/PIDS,QUARTERLY,6,0,6,17.0,0.0
DSW,TELECOM,RADIO,MONTHLY,6,2,4,8.5,33.3
DSW,TELECOM,SMPS,MONTHLY,20,11,9,4.2,55.0
DSW,TELECOM,TELE ROUTER,QUARTERLY,4,2,2,11.5,50.0
DSW,TELECOM,TELE SWITCH,QUARTERLY,4,2,2,11.5,50.0
DW,AFC,AFC SWITCH,QUARTERLY,6,3,3,-19.0,50.0
DW,AFC,AVM,MONTHLY,12,0,12,82.8,0.0
DW,AFC,EC,QUARTERLY,7,1,6,7.0,14.3
DW,AFC,EFO,QUARTERLY,2,2,0,-64.5,100.0
DW,AFC,EMERGENCY SWITCH,MONTHLY,2,0,2,42.0,0.0
DW,AFC,GATE,MONTHLY,112,80,32,15.2,71.4
DW,AFC,SWING BARRIER,MONTHLY,3,1,2,138.0,33.3
DW,AFC,TOM,QUARTERLY,3,3,0,-37.3,100.0
DW,AFC,TVM,BI-WEEKLY,112,63,49,18.3,56.2
DW,AFC,TVM,MONTHLY,84,56,28,13.1,66.7
DW,IT,IT SWITCH,QUARTERLY,8,5,3,-41.8,62.5
DW,TELECOM,CCTV,HALF YEARLY,40,40,0,-43.8,100.0
DW,TELECOM,CCTV,QUARTERLY,146,84,62,-14.5,57.5
DW,TELECOM,CLOCK,QUARTERLY,91,63,28,-44.2,69.2
DW,TELECOM,EARTH PIT,QUARTERLY,3,2,1,-49.7,66.7
DW,TELECOM,EPABX,MONTHLY,10,0,10,65.0,0.0
DW,TELECOM,PAS/PIDS,HALF YEARLY,47,47,0,-180.0,100.0
DW,TELECOM,PAS/PIDS,QUARTERLY,777,551,226,-46.7,70.9
DW,TELECOM,RADIO,MONTHLY,7,2,5,170.6,28.6
DW,TELECOM,SMPS,MONTHLY,16,8,8,29.6,50.0
DW,TELECOM,TELE SWITCH,QUARTERLY,2,0,2,20.0,0.0
DW,TELECOM,TER ROOM,MONTHLY,1,1,0,-30.0,100.0
DW9,AFC,AFC ROUTER,QUARTERLY,1,0,1,24.0,0.0
DW9,AFC,AFC SWITCH,QUARTERLY,6,3,3,93.5,50.0
DW9,AFC,AVM,MONTHLY,31,17,14,3.2,54.8
DW9,AFC,CSM,MONTHLY,2,0,2,12.5,0.0
DW9,AFC,EC,HALF YEARLY,3,0,3,13.0,0.0
DW9,AFC,EC,QUARTERLY,8,2,6,-7.9,25.0
DW9,AFC,EFO,QUARTERLY,4,1,3,23.5,25.0
DW9,AFC,EMERGENCY SWITCH,MONTHLY,7,3,4,6.3,42.9
DW9,AFC,GATE,MONTHLY,72,56,16,-1.1,77.8
DW9,AFC,SC,HALF YEARLY,2,2,0,-65.5,100.0
DW9,AFC,SWING BARRIER,MONTHLY,14,7,7,6.8,50.0
DW9,AFC,TOM,QUARTERLY,10,4,6,0.8,40.0
DW9,AFC,TVM,BI-WEEKLY,33,23,10,1.8,69.7
DW9,AFC,TVM,MONTHLY,17,11,6,0.6,64.7
DW9,TELECOM,CCTV,HALF YEARLY,62,0,62,153.9,0.0
DW9,TELECOM,CCTV,QUARTERLY,363,289,74,-22.4,79.6
DW9,TELECOM,CLOCK,HALF YEARLY,2,1,1,44.5,50.0
DW9,TELECOM,CLOCK,QUARTERLY,70,30,40,-3.2,42.9
DW9,TELECOM,EARTH PIT,QUARTERLY,8,4,4,36.5,50.0
DW9,TELECOM,EPABX,HALF YEARLY,1,1,0,-5.0,100.0
DW9,TELECOM,EPABX,MONTHLY,44,21,23,5.6,47.7
DW9,TELECOM,EPABX,QUARTERLY,11,9,2,-52.4,81.8
DW9,TELECOM,PAS/PIDS,HALF YEARLY,21,5,16,49.3,23.8
DW9,TELECOM,PAS/PIDS,MONTHLY,70,8,62,126.3,11.4
DW9,TELECOM,PAS/PIDS,QUARTERLY,274,84,190,53.7,30.7
DW9,TELECOM,PEST CONTROL,MONTHLY,4,1,3,79.5,25.0
DW9,TELECOM,RADIO,MONTHLY,27,14,13,8.6,51.9
DW9,TELECOM,SDH/MPLS,HALF YEARLY,1,0,1,44.0,0.0
DW9,TELECOM,SDH/MPLS,QUARTERLY,3,2,1,8.0,66.7
DW9,TELECOM,SMPS,HALF YEARLY,4,2,2,24.5,50.0
DW9,TELECOM,SMPS,MONTHLY,35,23,12,-1.3,65.7
DW9,TELECOM,TER ROOM,MONTHLY,1,0,1,10.0,0.0
DWD,TELECOM,CCTV,HALF YEARLY,2,2,0,-1.0,100.0
DWD,TELECOM,CCTV,MONTHLY,945,771,174,-2.6,81.6
DWD,TELECOM,CCTV,QUARTERLY,43,22,21,-1.9,51.2
DWD,TELECOM,CLOCK,HALF YEARLY,2,0,2,18.0,0.0
DWD,TELECOM,CLOCK,QUARTERLY,3,0,3,87.3,0.0
DWD,TELECOM,CVRS,QUARTERLY,6,6,0,-11.5,100.0
DWD,TELECOM,EARTH PIT,QUARTERLY,6,4,2,-45.0,66.7
DWD,TELECOM,FALSE FLOOR,HALF YEARLY,2,1,1,-32.5,50.0
DWD,TELECOM,PAS/PIDS,MONTHLY,3760,2134,1626,-1.1,56.8
DWD,TELECOM,PAS/PIDS,QUARTERLY,49,24,25,-0.1,49.0
DWD,TELECOM,PEST CONTROL,MONTHLY,4,2,2,5.5,50.0
DWD,TELECOM,RADIO,MONTHLY,26,16,10,0.5,61.5
DWD,TELECOM,SDH/MPLS,HALF YEARLY,2,2,0,-156.5,100.0
DWD,TELECOM,SDH/MPLS,QUARTERLY,3,2,1,-6.0,66.7
DWD,TELECOM,SDH/MPLS,YEARLY,1,1,0,-363.0,100.0
DWD,TELECOM,SMPS,QUARTERLY,2,0,2,32.0,0.0
DWD,TELECOM,SMPS,YEARLY,1,1,0,-360.0,100.0
DWD,TELECOM,TRAIN RADIO,HALF YEARLY,22,8,14,-38.4,36.4
DWD,TELECOM,TRAIN RADIO,QUARTERLY,76,56,20,-33.9,73.7
DWD,TELECOM,UPS,QUARTERLY,6,4,2,-8.7,66.7
DWTO,AFC,AFC SWITCH,QUARTERLY,19,6,13,2.2,31.6
DWTO,AFC,AFC SWITCH,YEARLY,1,0,1,61.0,0.0
DWTO,AFC,GATE,MONTHLY,150,68,82,31.1,45.3
DWTO,AFC,SC,HALF YEARLY,1,1,0,-63.0,100.0
DWTO,AFC,TOM,QUARTERLY,13,5,8,29.9,38.5
DWTO,AFC,TVM,BI-WEEKLY,2,2,0,3.0,100.0
DWTO,AFC,TVM,MONTHLY,23,13,10,10.5,56.5
DWTO,TELECOM,CCTV,HALF YEARLY,77,65,12,-94.6,84.4
DWTO,TELECOM,CCTV,QUARTERLY,151,99,52,29.4,65.6
DWTO,TELECOM,CLOCK,HALF YEARLY,2,2,0,-132.0,100.0
DWTO,TELECOM,CLOCK,QUARTERLY,23,13,10,0.6,56.5
DWTO,TELECOM,EPABX,MONTHLY,1,0,1,75.0,0.0
DWTO,TELECOM,EPABX,QUARTERLY,31,16,15,6.9,51.6
DWTO,TELECOM,PAS/PIDS,HALF YEARLY,268,268,0,-132.1,100.0
DWTO,TELECOM,PAS/PIDS,QUARTERLY,837,602,235,-16.0,71.9
DWTO,TELECOM,RADIO,MONTHLY,5,2,3,86.6,40.0
DWTO,TELECOM,SDH/MPLS,MONTHLY,2,1,1,30.0,50.0
DWTO,TELECOM,SDH/MPLS,QUARTERLY,2,0,2,30.5,0.0
DWTO,TELECOM,SMPS,MONTHLY,2,0,2,29.5,0.0
DWTO,TELECOM,UPS,MONTHLY,4,0,4,29.5,0.0
EANR,AFC,AFC ROUTER,QUARTERLY,1,0,1,76.0,0.0
EANR,AFC,AFC ROUTER,YEARLY,1,1,0,-347.0,100.0
EANR,AFC,AFC SWITCH,QUARTERLY,3,0,3,76.0,0.0
EANR,AFC,AFC SWITCH,YEARLY,3,3,0,-347.0,100.0
EANR,AFC,AVM,MONTHLY,4,0,4,53.0,0.0
EANR,AFC,EC,QUARTERLY,3,1,2,20.7,33.3
EANR,AFC,EFO,QUARTERLY,6,5,1,-40.5,83.3
EANR,AFC,EMERGENCY SWITCH,MONTHLY,1,0,1,136.0,0.0
EANR,AFC,GATE,MONTHLY,163,123,40,-6.0,75.5
EANR,AFC,RCTM,BI-WEEKLY,21,7,14,8.6,33.3
EANR,AFC,RCTM,MONTHLY,9,7,2,4.9,77.8
EANR,AFC,SC,HALF YEARLY,1,1,0,1.0,100.0
EANR,AFC,SWING BARRIER,MONTHLY,3,1,2,25.3,33.3
EANR,AFC,TOM,QUARTERLY,10,8,2,-30.6,80.0
EANR,AFC,TVM,BI-WEEKLY,57,15,42,11.0,26.3
EANR,AFC,TVM,MONTHLY,36,27,9,-3.8,75.0
EANR,TELECOM,CCTV,HALF YEARLY,53,17,36,-0.3,32.1
EANR,TELECOM,CCTV,QUARTERLY,535,473,62,-45.4,88.4
EANR,TELECOM,CLOCK,HALF YEARLY,4,2,2,-39.0,50.0
EANR,TELECOM,CLOCK,QUARTERLY,94,71,23,-35.6,75.5
EANR,TELECOM,EARTH PIT,QUARTERLY,8,4,4,5.0,50.0
EANR,TELECOM,EPABX,HALF YEARLY,7,7,0,-125.0,100.0
EANR,TELECOM,EPABX,MONTHLY,8,4,4,16.5,50.0
EANR,TELECOM,EPABX,QUARTERLY,32,31,1,-69.3,96.9
EANR,TELECOM,EPABX,YEARLY,2,2,0,-270.0,100.0
EANR,TELECOM,PAS/PIDS,HALF YEARLY,46,38,8,-108.8,82.6
EANR,TELECOM,PAS/PIDS,MONTHLY,38,2,36,62.4,5.3
EANR,TELECOM,PAS/PIDS,QUARTERLY,656,510,146,-42.7,77.7
EANR,TELECOM,PAS/PIDS,YEARLY,2,2,0,-365.0,100.0
EANR,TELECOM,RADIO,MONTHLY,5,3,2,4.2,60.0
EANR,TELECOM,SDH/MPLS,HALF YEARLY,1,1,0,-21.0,100.0
EANR,TELECOM,SDH/MPLS,QUARTERLY,3,2,1,-17.0,66.7
EANR,TELECOM,SMPS,HALF YEARLY,4,4,0,-75.5,100.0
EANR,TELECOM,SMPS,MONTHLY,41,29,12,-7.4,70.7
EANR,TELECOM,SMPS,YEARLY,2,2,0,-343.0,100.0
ECMJ,AFC,AFC ROUTER,QUARTERLY,5,4,1,-5.8,80.0
ECMJ,AFC,AFC SWITCH,QUARTERLY,15,12,3,-5.8,80.0
ECMJ,AFC,AVM,MONTHLY,60,32,28,2.1,53.3
ECMJ,AFC,EC,QUARTERLY,12,8,4,-16.3,66.7
ECMJ,AFC,EFO,QUARTERLY,10,8,2,-5.8,80.0
ECMJ,AFC,EMERGENCY SWITCH,MONTHLY,20,10,10,12.0,50.0
ECMJ,AFC,GATE,MONTHLY,187,99,88,0.8,52.9
ECMJ,AFC,RCTM,BI-WEEKLY,26,20,6,4.2,76.9
ECMJ,AFC,RCTM,MONTHLY,16,13,3,1.3,81.2
ECMJ,AFC,SC,HALF YEARLY,2,1,1,-2.0,50.0
ECMJ,AFC,SWING BARRIER,MONTHLY,8,5,3,2.8,62.5
ECMJ,AFC,TOM,QUARTERLY,30,24,6,-5.8,80.0
ECMJ,AFC,TVM,BI-WEEKLY,110,86,24,4.8,78.2
ECMJ,AFC,TVM,MONTHLY,60,52,8,0.5,86.7
ECMJ,TELECOM,CCTV,HALF YEARLY,2,2,0,-11.0,100.0
ECMJ,TELECOM,CCTV,QUARTERLY,319,130,189,7.3,40.8
ECMJ,TELECOM,CLOCK,HALF YEARLY,4,2,2,10.0,50.0
ECMJ,TELECOM,CLOCK,QUARTERLY,104,54,50,-3.1,51.9
ECMJ,TELECOM,EARTH PIT,QUARTERLY,10,4,6,8.4,40.0
ECMJ,TELECOM,EARTH PIT,YEARLY,2,0,2,12.0,0.0
ECMJ,TELECOM,EPABX,HALF YEARLY,2,1,1,-2.0,50.0
ECMJ,TELECOM,EPABX,MONTHLY,68,36,32,0.8,52.9
ECMJ,TELECOM,EPABX,QUARTERLY,24,20,4,-39.9,83.3
ECMJ,TELECOM,PAS/PIDS,HALF YEARLY,26,19,7,-9.4,73.1
ECMJ,TELECOM,PAS/PIDS,QUARTERLY,1155,506,649,0.1,43.8
ECMJ,TELECOM,RADIO,HALF YEARLY,2,2,0,-22.0,100.0
ECMJ,TELECOM,RADIO,MONTHLY,16,8,8,2.7,50.0
ECMJ,TELECOM,SDH/MPLS,HALF YEARLY,1,0,1,7.0,0.0
ECMJ,TELECOM,SDH/MPLS,QUARTERLY,3,3,0,-6.0,100.0
ECMJ,TELECOM,SMPS,HALF YEARLY,4,2,2,10.0,50.0
ECMJ,TELECOM,SMPS,MONTHLY,34,18,16,0.8,52.9
ECMJ,TELECOM,TER ROOM,MONTHLY,1,0,1,13.0,0.0
ESIH,AFC,AFC ROUTER,QUARTERLY,3,1,2,3.7,33.3
ESIH,AFC,AFC SWITCH,QUARTERLY,18,14,4,-28.9,77.8
ESIH,AFC,AVM,MONTHLY,24,12,12,10.7,50.0
ESIH,AFC,CSM,MONTHLY,1,1,0,-1.0,100.0
ESIH,AFC,EC,QUARTERLY,4,0,4,43.0,0.0
ESIH,AFC,EFO,QUARTERLY,12,8,4,-14.0,66.7
ESIH,AFC,EMERGENCY SWITCH,MONTHLY,10,4,6,33.0,40.0
ESIH,AFC,GATE,MONTHLY,121,85,36,1.2,70.2
ESIH,AFC,RCTM,BI-WEEKLY,31,24,7,1.7,77.4
ESIH,AFC,RCTM,MONTHLY,4,3,1,1.0,75.0
ESIH,AFC,SWING BARRIER,MONTHLY,7,2,5,32.3,28.6
ESIH,AFC,TOM,QUARTERLY,6,4,2,-14.0,66.7
ESIH,AFC,TVM,BI-WEEKLY,60,46,14,2.2,76.7
ESIH,AFC,TVM,MONTHLY,10,6,4,68.6,60.0
ESIH,IT,IT ROUTER,QUARTERLY,1,1,0,-61.0,100.0
ESIH,TELECOM,CCTV,MONTHLY,33,23,10,14.8,69.7
ESIH,TELECOM,CCTV,QUARTERLY,524,441,83,-44.9,84.2
ESIH,TELECOM,CLOCK,MONTHLY,23,8,15,17.6,34.8
ESIH,TELECOM,CLOCK,QUARTERLY,56,47,9,-34.2,83.9
ESIH,TELECOM,EARTH PIT,QUARTERLY,4,0,4,41.0,0.0
ESIH,TELECOM,EPABX,MONTHLY,54,14,40,32.0,25.9
ESIH,TELECOM,EPABX,QUARTERLY,20,15,5,-44.3,75.0
ESIH,TELECOM,PAS/PIDS,HALF YEARLY,11,9,2,-3.2,81.8
ESIH,TELECOM,PAS/PIDS,MONTHLY,760,313,447,21.5,41.2
ESIH,TELECOM,PAS/PIDS,QUARTERLY,70,57,13,-50.0,81.4
ESIH,TELECOM,RADIO,MONTHLY,16,9,7,12.8,56.2
ESIH,TELECOM,RADIO,QUARTERLY,1,0,1,87.0,0.0
ESIH,TELECOM,RADIO,YEARLY,2,2,0,-181.5,100.0
ESIH,TELECOM,SDH/MPLS,QUARTERLY,1,0,1,73.0,0.0
ESIH,TELECOM,SMPS,HALF YEARLY,6,4,2,-76.7,66.7
ESIH,TELECOM,SMPS,MONTHLY,35,25,10,-4.1,71.4
ESIH,TELECOM,TER ROOM,MONTHLY,1,0,1,7.0,0.0
ESIH,TELECOM,UPS,MONTHLY,8,1,7,78.4,12.5
ESIH,TELECOM,UPS,YEARLY,1,1,0,-348.0,100.0
GDPI,AFC,AFC SWITCH,QUARTERLY,11,6,5,25.5,54.5
GDPI,AFC,EFO,QUARTERLY,1,1,0,-55.0,100.0
GDPI,AFC,EMERGENCY SWITCH,MONTHLY,4,2,2,2.0,50.0
GDPI,AFC,GATE,MONTHLY,281,141,140,6.8,50.2
GDPI,AFC,TVM,BI-WEEKLY,66,33,33,5.7,50.0
GDPI,AFC,TVM,MONTHLY,36,12,24,6.1,33.3
GDPI,TELECOM,CCTV,HALF YEARLY,92,92,0,-131.0,100.0
GDPI,TELECOM,CCTV,QUARTERLY,107,74,33,-24.6,69.2
GDPI,TELECOM,CLOCK,QUARTERLY,17,11,6,-14.6,64.7
GDPI,TELECOM,EPABX,MONTHLY,12,8,4,26.0,66.7
GDPI,TELECOM,EPABX,QUARTERLY,1,0,1,253.0,0.0
GDPI,TELECOM,PAS/PIDS,QUARTERLY,468,337,131,-39.0,72.0
GDPI,TELECOM,SDH/MPLS,QUARTERLY,3,1,2,7.7,33.3
GDPI,TELECOM,SMPS,MONTHLY,14,1,13,41.0,7.1
GDPI,TELECOM,UPS,HALF YEARLY,2,2,0,-180.0,100.0
GDPI,TELECOM,UPS,MONTHLY,17,6,11,16.7,35.3
GE,AFC,AFC SWITCH,QUARTERLY,26,23,3,-24.5,88.5
GE,AFC,AVM,MONTHLY,90,55,35,-0.8,61.1
GE,AFC,EC,HALF YEARLY,4,0,4,177.0,0.0
GE,AFC,EC,QUARTERLY,25,22,3,-21.8,88.0
GE,AFC,EFO,QUARTERLY,13,11,2,-24.5,84.6
GE,AFC,EMERGENCY SWITCH,MONTHLY,16,10,6,-0.6,62.5
GE,AFC,GATE,MONTHLY,292,181,111,-0.3,62.0
GE,AFC,SWING BARRIER,MONTHLY,34,20,14,0.9,58.8
GE,AFC,TOM,QUARTERLY,3,3,0,-8.7,100.0
GE,AFC,TVM,MONTHLY,55,30,25,13.1,54.5
GE,TELECOM,CCTV,HALF YEARLY,24,0,24,106.0,0.0
GE,TELECOM,CCTV,QUARTERLY,343,274,69,10.6,79.9
GE,TELECOM,CLOCK,HALF YEARLY,2,0,2,135.0,0.0
GE,TELECOM,CLOCK,QUARTERLY,91,82,9,-16.9,90.1
GE,TELECOM,EARTH PIT,QUARTERLY,8,4,4,2.8,50.0
GE,TELECOM,EPABX,HALF YEARLY,1,0,1,163.0,0.0
GE,TELECOM,EPABX,MONTHLY,67,39,28,1.0,58.2
GE,TELECOM,EPABX,QUARTERLY,11,10,1,-51.0,90.9
GE,TELECOM,PAS/PIDS,HALF YEARLY,15,4,11,128.2,26.7
GE,TELECOM,PAS/PIDS,MONTHLY,4,1,3,225.5,25.0
GE,TELECOM,PAS/PIDS,QUARTERLY,266,60,206,57.0,22.6
GE,TELECOM,RADIO,HALF YEARLY,2,1,1,-22.5,50.0
GE,TELECOM,RADIO,MONTHLY,17,10,7,0.9,58.8
GE,TELECOM,SDH/MPLS,QUARTERLY,5,3,2,-27.2,60.0
GE,TELECOM,SMPS,HALF YEARLY,2,0,2,135.0,0.0
GE,TELECOM,SMPS,MONTHLY,29,17,12,5.3,58.6
GE,TELECOM,TELE SWITCH,HALF YEARLY,2,0,2,149.0,0.0
GE,TELECOM,TELE SWITCH,QUARTERLY,12,10,2,-18.5,83.3
GE,TELECOM,TER ROOM,MONTHLY,1,0,1,4.0,0.0
GEC,AFC,AFC ROUTER,QUARTERLY,1,1,0,-90.0,100.0
GEC,AFC,AVM,MONTHLY,4,0,4,63.0,0.0
GEC,AFC,EFO,QUARTERLY,1,0,1,156.0,0.0
GEC,AFC,EMERGENCY SWITCH,MONTHLY,2,2,0,-15.0,100.0
GEC,AFC,GATE,MONTHLY,77,48,29,8.7,62.3
GEC,AFC,TOM,QUARTERLY,2,1,1,33.0,50.0
GEC,AFC,TVM,BI-WEEKLY,41,17,24,27.7,41.5
GEC,AFC,TVM,MONTHLY,26,14,12,29.0,53.8
GEC,TELECOM,CCTV,QUARTERLY,64,50,14,-52.7,78.1
GEC,TELECOM,CLOCK,QUARTERLY,14,6,8,26.1,42.9
GEC,TELECOM,EPABX,MONTHLY,4,4,0,-9.0,100.0
GEC,TELECOM,EPABX,QUARTERLY,3,3,0,-90.0,100.0
GEC,TELECOM,PAS/PIDS,QUARTERLY,203,60,143,53.0,29.6
GEC,TELECOM,SDH/MPLS,QUARTERLY,1,0,1,102.0,0.0
GEC,TELECOM,SMPS,MONTHLY,10,4,6,19.2,40.0
GEC,TELECOM,TER ROOM,MONTHLY,3,3,0,-30.0,100.0
GEC,TELECOM,UPS,HALF YEARLY,5,4,1,-104.2,80.0
GEC,TELECOM,UPS,MONTHLY,13,9,4,5.2,69.2
GHEM,AFC,AVM,MONTHLY,8,0,8,29.5,0.0
GHEM,AFC,EC,QUARTERLY,4,4,0,1.0,100.0
GHEM,AFC,EFO,QUARTERLY,2,2,0,-36.0,100.0
GHEM,AFC,EMERGENCY SWITCH,MONTHLY,6,4,2,9.7,66.7
GHEM,AFC,GATE,MONTHLY,55,34,21,-2.0,61.8
GHEM,AFC,RCTM,MONTHLY,8,5,3,-0.2,62.5
GHEM,AFC,SWING BARRIER,MONTHLY,2,0,2,29.5,0.0
GHEM,AFC,TOM,QUARTERLY,2,2,0,-36.0,100.0
GHEM,AFC,TVM,MONTHLY,24,15,9,-0.2,62.5
GHEM,TELECOM,CCTV,QUARTERLY,123,80,43,-11.7,65.0
GHEM,TELECOM,CLOCK,HALF YEARLY,2,1,1,-65.0,50.0
GHEM,TELECOM,CLOCK,QUARTERLY,49,44,5,-53.6,89.8
GHEM,TELECOM,EARTH PIT,QUARTERLY,4,4,0,-5.5,100.0
GHEM,TELECOM,EPABX,MONTHLY,29,21,8,-0.5,72.4
GHEM,TELECOM,PAS/PIDS,MONTHLY,2,0,2,38.5,0.0
GHEM,TELECOM,PAS/PIDS,QUARTERLY,135,74,61,0.9,54.8
GHEM,TELECOM,PEST CONTROL,MONTHLY,6,4,2,10.7,66.7
GHEM,TELECOM,RADIO,MONTHLY,8,6,2,0.5,75.0
GHEM,TELECOM,SDH/MPLS,QUARTERLY,2,1,1,4.0,50.0
GHEM,TELECOM,SMPS,MONTHLY,14,10,4,1.3,71.4
GHEM,TELECOM,UPS,MONTHLY,5,1,4,46.8,20.0
GKEI,AFC,AVM,MONTHLY,48,20,28,9.0,41.7
GKEI,AFC,EFO,QUARTERLY,10,8,2,-36.6,80.0
GKEI,AFC,GATE,MONTHLY,176,107,69,11.1,60.8
GKEI,AFC,RCTM,BI-WEEKLY,36,14,22,9.1,38.9
GKEI,AFC,RCTM,MONTHLY,30,24,6,-2.3,80.0
GKEI,AFC,SC,HALF YEARLY,1,0,1,165.0,0.0
GKEI,AFC,SWING BARRIER,MONTHLY,2,0,2,245.0,0.0
GKEI,AFC,TOM,QUARTERLY,18,16,2,-41.7,88.9
GKEI,AFC,TVM,BI-WEEKLY,101,42,59,11.6,41.6
GKEI,AFC,TVM,MONTHLY,54,30,24,16.1,55.6
GKEI,TELECOM,CCTV,QUARTERLY,146,126,20,-38.7,86.3
GKEI,TELECOM,CLOCK,HALF YEARLY,1,0,1,52.0,0.0
GKEI,TELECOM,CLOCK,QUARTERLY,29,27,2,-39.4,93.1
GKEI,TELECOM,EPABX,HALF YEARLY,2,2,0,-85.5,100.0
GKEI,TELECOM,EPABX,MONTHLY,15,0,15,268.2,0.0
GKEI,TELECOM,EPABX,QUARTERLY,14,13,1,-45.4,92.9
GKEI,TELECOM,PAS/PIDS,HALF YEARLY,4,2,2,-64.0,50.0
GKEI,TELECOM,PAS/PIDS,MONTHLY,8,3,5,55.4,37.5
GKEI,TELECOM,PAS/PIDS,QUARTERLY,117,103,14,-22.3,88.0
GKEI,TELECOM,RADIO,HALF YEARLY,2,0,2,168.0,0.0
GKEI,TELECOM,RADIO,MONTHLY,9,4,5,12.0,44.4
GKEI,TELECOM,SDH/MPLS,QUARTERLY,3,2,1,-32.0,66.7
GKEI,TELECOM,SMPS,HALF YEARLY,4,2,2,-6.0,50.0
GKEI,TELECOM,SMPS,MONTHLY,22,14,8,8.7,63.6
GKEI,TELECOM,UPS,MONTHLY,11,4,7,27.0,36.4
GKPR,AFC,AFC ROUTER,YEARLY,1,1,0,-365.0,100.0
GKPR,AFC,AFC SWITCH,QUARTERLY,3,0,3,179.0,0.0
GKPR,AFC,AVM,MONTHLY,16,0,16,30.2,0.0
GKPR,AFC,EC,QUARTERLY,6,6,0,-7.0,100.0
GKPR,AFC,EFO,QUARTERLY,6,4,2,7.3,66.7
GKPR,AFC,EMERGENCY SWITCH,MONTHLY,4,0,4,70.5,0.0
GKPR,AFC,GATE,MONTHLY,146,66,80,5.5,45.2
GKPR,AFC,RCTM,BI-WEEKLY,13,5,8,17.8,38.5
GKPR,AFC,RCTM,MONTHLY,14,10,4,4.3,71.4
GKPR,AFC,SC,HALF YEARLY,1,0,1,24.0,0.0
GKPR,AFC,SWING BARRIER,MONTHLY,8,4,4,20.9,50.0
GKPR,AFC,TOM,QUARTERLY,12,8,4,-12.3,66.7
GKPR,AFC,TVM,BI-WEEKLY,56,20,36,19.4,35.7
GKPR,AFC,TVM,MONTHLY,62,44,18,1.0,71.0
GKPR,TELECOM,CCTV,QUARTERLY,309,308,1,-31.1,99.7
GKPR,TELECOM,CLOCK,HALF YEARLY,4,3,1,-58.0,75.0
GKPR,TELECOM,CLOCK,QUARTERLY,79,66,13,-22.2,83.5
GKPR,TELECOM,EARTH PIT,QUARTERLY,14,12,2,-33.1,85.7
GKPR,TELECOM,EPABX,HALF YEARLY,23,21,2,-25.8,91.3
GKPR,TELECOM,EPABX,MONTHLY,50,27,23,8.3,54.0
GKPR,TELECOM,EPABX,QUARTERLY,28,7,21,10.3,25.0
GKPR,TELECOM,PAS/PIDS,HALF YEARLY,4,0,4,154.0,0.0
GKPR,TELECOM,PAS/PIDS,MONTHLY,571,154,417,33.6,27.0
GKPR,TELECOM,PAS/PIDS,QUARTERLY,109,30,79,41.6,27.5
GKPR,TELECOM,RADIO,MONTHLY,13,7,6,6.8,53.8
GKPR,TELECOM,SDH/MPLS,HALF YEARLY,2,1,1,-59.5,50.0
GKPR,TELECOM,SDH/MPLS,QUARTERLY,5,3,2,3.2,60.0
GKPR,TELECOM,SMPS,HALF YEARLY,4,2,2,-14.0,50.0
GKPR,TELECOM,SMPS,MONTHLY,39,19,20,-3.4,48.7
GKPR,TELECOM,UPS,MONTHLY,4,0,4,133.8,0.0
GNPK,AFC,AFC SWITCH,QUARTERLY,4,2,2,-16.2,50.0
GNPK,AFC,AFC SWITCH,YEARLY,2,2,0,-365.0,100.0
GNPK,AFC,AVM,MONTHLY,18,0,18,59.3,0.0
GNPK,AFC,EFO,QUARTERLY,12,10,2,-27.9,83.3
GNPK,AFC,GATE,MONTHLY,229,136,93,5.1,59.4
GNPK,AFC,SWING BARRIER,MONTHLY,2,0,2,158.0,0.0
GNPK,AFC,TOM,QUARTERLY,24,17,7,0.2,70.8
GNPK,AFC,TVM,MONTHLY,27,14,13,2.6,51.9
GNPK,TELECOM,CCTV,QUARTERLY,4,0,4,22.0,0.0
GNPK,TELECOM,EPABX,MONTHLY,46,18,28,11.1,39.1
GNPK,TELECOM,PAS/PIDS,MONTHLY,17,8,9,13.3,47.1
GNPK,TELECOM,PAS/PIDS,QUARTERLY,177,1,176,109.0,0.6
GNPK,TELECOM,RADIO,MONTHLY,5,2,3,14.2,40.0
GNPK,TELECOM,SMPS,MONTHLY,20,8,12,11.3,40.0
GTBR,AFC,AFC SWITCH,QUARTERLY,4,4,0,-4.0,100.0
GTBR,AFC,AVM,MONTHLY,96,51,45,15.9,53.1
GTBR,AFC,EC,QUARTERLY,21,21,0,-18.0,100.0
GTBR,AFC,EFO,QUARTERLY,23,12,11,9.1,52.2
GTBR,AFC,EMERGENCY SWITCH,MONTHLY,18,12,6,-0.4,66.7
GTBR,AFC,GATE,MONTHLY,555,292,263,6.0,52.6
GTBR,AFC,SC,HALF YEARLY,1,1,0,1.0,100.0
GTBR,AFC,SWING BARRIER,MONTHLY,32,18,14,7.7,56.2
GTBR,AFC,TOM,QUARTERLY,32,17,15,9.4,53.1
GTBR,AFC,TVM,MONTHLY,64,52,12,0.0,81.2
GTBR,TELECOM,CCTV,HALF YEARLY,40,38,2,-25.2,95.0
GTBR,TELECOM,CCTV,QUARTERLY,591,483,108,-30.6,81.7
GTBR,TELECOM,CCTV,YEARLY,2,2,0,-365.0,100.0
GTBR,TELECOM,CLOCK,HALF YEARLY,6,4,2,-57.0,66.7
GTBR,TELECOM,CLOCK,QUARTERLY,122,74,48,-0.1,60.7
GTBR,TELECOM,EPABX,HALF YEARLY,1,0,1,78.0,0.0
GTBR,TELECOM,EPABX,MONTHLY,8,5,3,3.4,62.5
GTBR,TELECOM,EPABX,QUARTERLY,65,44,21,-15.1,67.7
GTBR,TELECOM,NETWORKING,HALF YEARLY,4,2,2,44.0,50.0
GTBR,TELECOM,NETWORKING,QUARTERLY,18,14,4,-36.3,77.8
GTBR,TELECOM,PAS/PIDS,HALF YEARLY,11,0,11,16.0,0.0
GTBR,TELECOM,PAS/PIDS,MONTHLY,28,10,18,21.4,35.7
GTBR,TELECOM,PAS/PIDS,QUARTERLY,1708,1372,336,-36.9,80.3
GTBR,TELECOM,PAS/PIDS,YEARLY,1,1,0,-169.0,100.0
GTBR,TELECOM,RADIO,HALF YEARLY,12,12,0,-78.5,100.0
GTBR,TELECOM,RADIO,MONTHLY,19,11,8,38.4,57.9
GTBR,TELECOM,SDH/MPLS,HALF YEARLY,1,0,1,79.0,0.0
GTBR,TELECOM,SDH/MPLS,QUARTERLY,1,0,1,49.0,0.0
GTBR,TELECOM,SMPS,HALF YEARLY,2,0,2,100.0,0.0
GTBR,TELECOM,SMPS,MONTHLY,38,18,20,6.8,47.4
GTBR,TELECOM,TER ROOM,MONTHLY,2,2,0,-8.0,100.0
GTBR,TELECOM,UPS,HALF YEARLY,2,1,1,-43.5,50.0
GTBR,TELECOM,UPS,MONTHLY,38,17,21,7.4,44.7
GTBR,TELECOM,UPS,YEARLY,1,1,0,-177.0,100.0
GTNI,AFC,AFC ROUTER,QUARTERLY,1,0,1,25.0,0.0
GTNI,AFC,AFC SWITCH,QUARTERLY,13,7,6,-3.5,53.8
GTNI,AFC,AVM,MONTHLY,12,6,6,45.2,50.0
GTNI,AFC,EC,HALF YEARLY,4,4,0,-83.0,100.0
GTNI,AFC,EFO,QUARTERLY,8,4,4,-5.5,50.0
GTNI,AFC,GATE,MONTHLY,84,49,35,7.2,58.3
GTNI,AFC,TOM,QUARTERLY,3,2,1,14.7,66.7
GTNI,AFC,TVM,MONTHLY,36,24,12,2.2,66.7
GTNI,TELECOM,CCTV,HALF YEARLY,22,22,0,-116.0,100.0
GTNI,TELECOM,CCTV,QUARTERLY,174,69,105,22.5,39.7
GTNI,TELECOM,CLOCK,QUARTERLY,33,15,18,17.3,45.5
GTNI,TELECOM,EPABX,MONTHLY,36,20,16,18.4,55.6
GTNI,TELECOM,EPABX,QUARTERLY,4,3,1,-7.5,75.0
GTNI,TELECOM,PAS/PIDS,HALF YEARLY,5,5,0,-172.8,100.0
GTNI,TELECOM,PAS/PIDS,QUARTERLY,660,248,412,18.0,37.6
GTNI,TELECOM,RADIO,MONTHLY,9,5,4,4.9,55.6
GTNI,TELECOM,SDH/MPLS,QUARTERLY,1,0,1,125.0,0.0
GTNI,TELECOM,SMPS,MONTHLY,20,10,10,15.8,50.0
GTNI,TELECOM,TELE ROUTER,QUARTERLY,2,0,2,25.0,0.0
GTNI,TELECOM,TELE SWITCH,QUARTERLY,8,6,2,-7.5,75.0
GTNI,TELECOM,UPS,MONTHLY,23,13,10,9.8,56.5
HCC,AFC,AFC ROUTER,QUARTERLY,2,0,2,129.5,0.0
HCC,AFC,AFC ROUTER,YEARLY,2,2,0,-160.5,100.0
HCC,AFC,AFC SWITCH,QUARTERLY,36,18,18,13.8,50.0
HCC,AFC,AFC SWITCH,YEARLY,18,18,0,-260.0,100.0
HCC,AFC,AVM,MONTHLY,100,44,56,19.3,44.0
HCC,AFC,EC,HALF YEARLY,10,10,0,-75.0,100.0
HCC,AFC,EFO,QUARTERLY,16,12,4,13.3,75.0
HCC,AFC,EMERGENCY SWITCH,MONTHLY,28,8,20,30.0,28.6
HCC,AFC,GATE,MONTHLY,554,296,258,4.0,53.4
HCC,AFC,RCTM,MONTHLY,9,6,3,0.3,66.7
HCC,AFC,SWING BARRIER,MONTHLY,10,2,8,141.6,20.0
HCC,AFC,TOM,QUARTERLY,43,34,9,8.8,79.1
HCC,AFC,TVM,MONTHLY,133,83,50,3.4,62.4
HCC,TELECOM,CCTV,HALF YEARLY,112,73,39,-27.4,65.2
HCC,TELECOM,CCTV,QUARTERLY,117,54,63,28.0,46.2
HCC,TELECOM,CLOCK,HALF YEARLY,4,2,2,-18.5,50.0
HCC,TELECOM,CLOCK,QUARTERLY,30,7,23,16.9,23.3
HCC,TELECOM,EPABX,MONTHLY,28,4,24,31.3,14.3
HCC,TELECOM,EPABX,QUARTERLY,2,1,1,130.0,50.0
HCC,TELECOM,PAS/PIDS,HALF YEARLY,10,0,10,145.4,0.0
HCC,TELECOM,PAS/PIDS,QUARTERLY,318,31,287,70.4,9.7
HCC,TELECOM,RADIO,MONTHLY,9,2,7,30.6,22.2
HCC,TELECOM,SDH/MPLS,HALF YEARLY,1,1,0,-179.0,100.0
HCC,TELECOM,SDH/MPLS,QUARTERLY,2,1,1,36.5,50.0
HCC,TELECOM,SMPS,HALF YEARLY,2,2,0,-180.0,100.0
HCC,TELECOM,SMPS,MONTHLY,31,15,16,0.8,48.4
HCC,TELECOM,TELE ROUTER,QUARTERLY,2,2,0,-6.0,100.0
HCC,TELECOM,TELE SWITCH,QUARTERLY,4,4,0,-12.5,100.0
HDNR,AFC,AFC ROUTER,QUARTERLY,2,0,2,51.0,0.0
HDNR,AFC,AVM,MONTHLY,48,20,28,11.3,41.7
HDNR,AFC,EC,QUARTERLY,10,10,0,-51.0,100.0
HDNR,AFC,EFO,QUARTERLY,8,6,2,0.8,75.0
HDNR,AFC,EMERGENCY SWITCH,MONTHLY,2,0,2,89.0,0.0
HDNR,AFC,GATE,MONTHLY,132,84,48,0.2,63.6
HDNR,AFC,RCTM,BI-WEEKLY,33,2,31,20.9,6.1
HDNR,AFC,RCTM,MONTHLY,10,2,8,65.6,20.0
HDNR,AFC,SWING BARRIER,MONTHLY,13,5,8,46.2,38.5
HDNR,AFC,TOM,QUARTERLY,14,10,4,-19.4,71.4
HDNR,AFC,TVM,BI-WEEKLY,69,12,57,13.1,17.4
HDNR,AFC,TVM,MONTHLY,24,4,20,51.0,16.7
HDNR,TELECOM,CCTV,HALF YEARLY,2,2,0,-61.0,100.0
HDNR,TELECOM,CCTV,QUARTERLY,116,56,60,37.7,48.3
HDNR,TELECOM,CLOCK,QUARTERLY,12,3,9,2.2,25.0
HDNR,TELECOM,EPABX,HALF YEARLY,1,1,0,-47.0,100.0
HDNR,TELECOM,EPABX,MONTHLY,4,0,4,359.0,0.0
HDNR,TELECOM,EPABX,QUARTERLY,3,2,1,7.0,66.7
HDNR,TELECOM,PAS/PIDS,QUARTERLY,170,59,111,40.3,34.7
HDNR,TELECOM,RADIO,MONTHLY,7,0,7,25.6,0.0
HDNR,TELECOM,SDH/MPLS,QUARTERLY,1,0,1,77.0,0.0
HDNR,TELECOM,SMPS,MONTHLY,30,14,16,1.5,46.7
HDNR,TELECOM,UPS,HALF YEARLY,7,7,0,-113.0,100.0
HDNR,TELECOM,UPS,MONTHLY,23,9,14,8.5,39.1
HKS2,AFC,AVM,MONTHLY,24,6,18,22.8,25.0
HKS2,AFC,EFO,QUARTERLY,3,1,2,10.3,33.3
HKS2,AFC,GATE,MONTHLY,72,30,42,7.8,41.7
HKS2,AFC,SWING BARRIER,MONTHLY,1,0,1,139.0,0.0
HKS2,AFC,TOM,QUARTERLY,2,0,2,211.0,0.0
HKS2,AFC,TVM,MONTHLY,21,10,11,24.0,47.6
HKS2,TELECOM,CCTV,QUARTERLY,33,8,25,28.2,24.2
HKS2,TELECOM,CLOCK,QUARTERLY,5,0,5,23.0,0.0
HKS2,TELECOM,EPABX,MONTHLY,36,12,24,20.3,33.3
HKS2,TELECOM,EPABX,QUARTERLY,3,3,0,-69.3,100.0
HKS2,TELECOM,PAS/PIDS,MONTHLY,49,41,8,11.9,83.7
HKS2,TELECOM,PAS/PIDS,QUARTERLY,236,0,236,80.5,0.0
HKS2,TELECOM,RADIO,HALF YEARLY,2,2,0,-180.0,100.0
HKS2,TELECOM,RADIO,MONTHLY,6,1,5,41.2,16.7
HKS2,TELECOM,SMPS,MONTHLY,18,8,10,7.2,44.4
HKS2,TELECOM,UPS,MONTHLY,13,3,10,26.9,23.1
HKS8,AFC,AFC ROUTER,QUARTERLY,2,1,1,26.0,50.0
HKS8,AFC,AFC SWITCH,QUARTERLY,32,25,7,4.3,78.1
HKS8,AFC,AVM,MONTHLY,54,18,36,23.6,33.3
HKS8,AFC,EFO,QUARTERLY,19,16,3,-27.8,84.2
HKS8,AFC,GATE,MONTHLY,218,63,155,18.6,28.9
HKS8,AFC,RCTM,BI-WEEKLY,31,12,19,15.6,38.7
HKS8,AFC,RCTM,MONTHLY,25,13,12,8.1,52.0
HKS8,AFC,SC,HALF YEARLY,3,3,0,-79.7,100.0
HKS8,AFC,SWING BARRIER,MONTHLY,21,15,6,5.7,71.4
HKS8,AFC,TOM,QUARTERLY,19,16,3,-27.9,84.2
HKS8,AFC,TVM,BI-WEEKLY,109,55,54,12.5,50.5
HKS8,AFC,TVM,MONTHLY,74,38,36,8.4,51.4
HKS8,TELECOM,CCTV,HALF YEARLY,44,44,0,-12.0,100.0
HKS8,TELECOM,CCTV,QUARTERLY,232,64,168,49.2,27.6
HKS8,TELECOM,CLOCK,HALF YEARLY,2,1,1,-15.0,50.0
HKS8,TELECOM,CLOCK,QUARTERLY,8,2,6,52.4,25.0
HKS8,TELECOM,EPABX,HALF YEARLY,1,0,1,5.0,0.0
HKS8,TELECOM,EPABX,MONTHLY,182,69,113,22.2,37.9
HKS8,TELECOM,EPABX,QUARTERLY,165,157,8,-11.9,95.2
HKS8,TELECOM,PAS/PIDS,MONTHLY,44,12,32,49.5,27.3
HKS8,TELECOM,PAS/PIDS,QUARTERLY,50,28,22,26.7,56.0
HKS8,TELECOM,RADIO,HALF YEARLY,1,1,0,-4.0,100.0
HKS8,TELECOM,RADIO,MONTHLY,18,8,10,19.2,44.4
HKS8,TELECOM,SDH/MPLS,HALF YEARLY,1,0,1,57.0,0.0
HKS8,TELECOM,SDH/MPLS,MONTHLY,1,0,1,273.0,0.0
HKS8,TELECOM,SDH/MPLS,QUARTERLY,3,2,1,-12.3,66.7
HKS8,TELECOM,SMPS,HALF YEARLY,6,4,2,-49.0,66.7
HKS8,TELECOM,SMPS,MONTHLY,36,26,10,-3.3,72.2
HKS8,TELECOM,UPS,MONTHLY,21,13,8,7.5,61.9
HKS8,TELECOM,UPS,YEARLY,1,1,0,-360.0,100.0
HNOK,AFC,AFC ROUTER,QUARTERLY,2,2,0,1.5,100.0
HNOK,AFC,AFC SWITCH,QUARTERLY,6,6,0,1.5,100.0
HNOK,AFC,AVM,MONTHLY,20,12,8,20.0,60.0
HNOK,AFC,EC,QUARTERLY,12,12,0,-11.3,100.0
HNOK,AFC,EFO,QUARTERLY,12,8,4,-12.8,66.7
HNOK,AFC,EMERGENCY SWITCH,MONTHLY,8,4,4,23.2,50.0
HNOK,AFC,GATE,MONTHLY,180,110,70,-2.4,61.1
HNOK,AFC,SC,HALF YEARLY,2,1,1,-53.0,50.0
HNOK,AFC,SWING BARRIER,MONTHLY,14,10,4,4.7,71.4
HNOK,AFC,TVM,BI-WEEKLY,136,96,40,3.6,70.6
HNOK,AFC,TVM,MONTHLY,75,60,15,-0.1,80.0
HNOK,TELECOM,CCTV,QUARTERLY,220,118,102,5.3,53.6
HNOK,TELECOM,CLOCK,HALF YEARLY,2,0,2,121.0,0.0
HNOK,TELECOM,CLOCK,QUARTERLY,33,19,14,22.9,57.6
HNOK,TELECOM,EARTH PIT,QUARTERLY,10,6,4,8.4,60.0
HNOK,TELECOM,EARTH PIT,YEARLY,2,0,2,13.0,0.0
HNOK,TELECOM,EPABX,HALF YEARLY,1,0,1,121.0,0.0
HNOK,TELECOM,EPABX,MONTHLY,64,40,24,-0.2,62.5
HNOK,TELECOM,NETWORKING,QUARTERLY,6,6,0,-12.0,100.0
HNOK,TELECOM,PAS/PIDS,HALF YEARLY,10,4,6,18.0,40.0
HNOK,TELECOM,PAS/PIDS,QUARTERLY,338,194,144,-9.4,57.4
HNOK,TELECOM,RADIO,MONTHLY,17,12,5,-0.6,70.6
HNOK,TELECOM,SDH/MPLS,QUARTERLY,3,2,1,-22.7,66.7
HNOK,TELECOM,SMPS,HALF YEARLY,4,2,2,8.5,50.0
HNOK,TELECOM,SMPS,MONTHLY,36,25,11,-2.3,69.4
HNOK,TELECOM,TELE SWITCH,QUARTERLY,6,4,2,-12.0,66.7
HNOK,TELECOM,TER ROOM,MONTHLY,2,2,0,-11.5,100.0
HNOK,TELECOM,UPS,HALF YEARLY,5,4,1,-104.6,80.0
HNOK,TELECOM,UPS,MONTHLY,36,24,12,-2.1,66.7
IDPT,AFC,AFC SWITCH,QUARTERLY,1,1,0,-4.0,100.0
IDPT,AFC,AVM,MONTHLY,3,0,3,56.0,0.0
IDPT,AFC,EC,QUARTERLY,2,0,2,4.0,0.0
IDPT,AFC,EFO,QUARTERLY,1,0,1,131.0,0.0
IDPT,AFC,GATE,MONTHLY,49,27,22,19.1,55.1
IDPT,AFC,TOM,QUARTERLY,1,0,1,77.0,0.0
IDPT,AFC,TVM,BI-WEEKLY,51,21,30,11.0,41.2
IDPT,AFC,TVM,MONTHLY,18,9,9,20.3,50.0
IDPT,TELECOM,CCTV,QUARTERLY,36,3,33,37.8,8.3
IDPT,TELECOM,CLOCK,QUARTERLY,12,9,3,-11.5,75.0
IDPT,TELECOM,EPABX,MONTHLY,4,2,2,16.5,50.0
IDPT,TELECOM,EPABX,QUARTERLY,2,1,1,-24.0,50.0
IDPT,TELECOM,PAS/PIDS,MONTHLY,177,51,126,65.4,28.8
IDPT,TELECOM,PAS/PIDS,QUARTERLY,36,36,0,-23.1,100.0
IDPT,TELECOM,RADIO,MONTHLY,1,0,1,31.0,0.0
IDPT,TELECOM,SDH/MPLS,QUARTERLY,1,1,0,-61.0,100.0
IDPT,TELECOM,SMPS,MONTHLY,8,2,6,50.5,25.0
IFOC,AFC,AFC ROUTER,QUARTERLY,3,1,2,27.0,33.3
IFOC,AFC,AFC SWITCH,QUARTERLY,18,11,7,-8.9,61.1
IFOC,AFC,AVM,MONTHLY,45,15,30,16.7,33.3
IFOC,AFC,CSM,MONTHLY,3,3,0,-6.7,100.0
IFOC,AFC,EFO,QUARTERLY,16,14,2,-36.6,87.5
IFOC,AFC,EMERGENCY SWITCH,MONTHLY,15,6,9,18.9,40.0
IFOC,AFC,GATE,MONTHLY,233,114,119,4.7,48.9
IFOC,AFC,NETWORKING,HALF YEARLY,2,1,1,-50.5,50.0
IFOC,AFC,NETWORKING,QUARTERLY,6,4,2,-25.8,66.7
IFOC,AFC,SWING BARRIER,MONTHLY,9,6,3,47.1,66.7
IFOC,AFC,TOM,QUARTERLY,34,34,0,-29.0,100.0
IFOC,AFC,TVM,MONTHLY,22,12,10,3.7,54.5
IFOC,IT,IT SWITCH,QUARTERLY,4,3,1,-60.8,75.0
IFOC,TELECOM,CCTV,HALF YEARLY,34,12,22,2.8,35.3
IFOC,TELECOM,CCTV,QUARTERLY,117,15,102,57.3,12.8
IFOC,TELECOM,CLOCK,HALF YEARLY,2,0,2,79.0,0.0
IFOC,TELECOM,CLOCK,QUARTERLY,52,27,25,28.8,51.9
IFOC,TELECOM,EARTH PIT,QUARTERLY,2,0,2,47.0,0.0
IFOC,TELECOM,EPABX,HALF YEARLY,1,0,1,93.0,0.0
IFOC,TELECOM,EPABX,MONTHLY,52,24,28,3.4,46.2
IFOC,TELECOM,EPABX,QUARTERLY,14,11,3,-43.9,78.6
IFOC,TELECOM,EPABX,YEARLY,1,1,0,-197.0,100.0
IFOC,TELECOM,PAS/PIDS,HALF YEARLY,30,21,9,-45.0,70.0
IFOC,TELECOM,PAS/PIDS,MONTHLY,6,3,3,8.0,50.0
IFOC,TELECOM,PAS/PIDS,QUARTERLY,475,136,339,34.0,28.6
IFOC,TELECOM,PAS/PIDS,YEARLY,22,22,0,-291.4,100.0
IFOC,TELECOM,RADIO,HALF YEARLY,1,0,1,78.0,0.0
IFOC,TELECOM,RADIO,MONTHLY,21,9,12,6.7,42.9
IFOC,TELECOM,RADIO,QUARTERLY,1,0,1,186.0,0.0
IFOC,TELECOM,SDH/MPLS,QUARTERLY,1,0,1,16.0,0.0
IFOC,TELECOM,SMPS,MONTHLY,25,11,14,6.3,44.0
IFOC,TELECOM,TELE ROUTER,HALF YEARLY,2,0,2,51.0,0.0
IFOC,TELECOM,TELE ROUTER,QUARTERLY,6,2,4,29.3,33.3
IFOC,TELECOM,TELE SWITCH,HALF YEARLY,1,0,1,79.0,0.0
IFOC,TELECOM,TELE SWITCH,QUARTERLY,3,1,2,32.3,33.3
IFOC,TELECOM,TER ROOM,MONTHLY,1,0,1,4.0,0.0
IFOC,TELECOM,UPS,HALF YEARLY,1,1,0,-180.0,100.0
IFOC,TELECOM,UPS,MONTHLY,23,7,16,10.4,30.4
IGDA,AFC,AFC ROUTER,QUARTERLY,1,0,1,342.0,0.0
IGDA,AFC,AFC SWITCH,QUARTERLY,10,0,10,337.0,0.0
IGDA,AFC,AVM,MONTHLY,63,24,39,30.2,38.1
IGDA,AFC,EFO,QUARTERLY,18,14,4,7.1,77.8
IGDA,AFC,GATE,MONTHLY,184,77,107,23.6,41.8
IGDA,AFC,RCTM,BI-WEEKLY,36,17,19,11.4,47.2
IGDA,AFC,RCTM,MONTHLY,22,10,12,8.8,45.5
IGDA,AFC,SC,HALF YEARLY,2,1,1,-60.0,50.0
IGDA,AFC,SCVM,BI-WEEKLY,18,9,9,11.2,50.0
IGDA,AFC,SCVM,MONTHLY,14,6,8,2.4,42.9
IGDA,AFC,SWING BARRIER,MONTHLY,6,3,3,193.0,50.0
IGDA,AFC,TOM,QUARTERLY,13,10,3,10.8,76.9
IGDA,AFC,TVM,BI-WEEKLY,293,133,160,10.1,45.4
IGDA,AFC,TVM,MONTHLY,208,106,102,3.9,51.0
IGDA,TELECOM,CCTV,QUARTERLY,291,114,177,41.9,39.2
IGDA,TELECOM,CLOCK,HALF YEARLY,2,2,0,-82.5,100.0
IGDA,TELECOM,CLOCK,QUARTERLY,17,10,7,0.8,58.8
IGDA,TELECOM,EPABX,MONTHLY,132,65,67,82.7,49.2
IGDA,TELECOM,EPABX,QUARTERLY,35,7,28,82.9,20.0
IGDA,TELECOM,PAS/PIDS,HALF YEARLY,6,6,0,-114.5,100.0
IGDA,TELECOM,PAS/PIDS,MONTHLY,334,160,174,48.6,47.9
IGDA,TELECOM,PAS/PIDS,QUARTERLY,1303,1015,288,-43.4,77.9
IGDA,TELECOM,PAS/PIDS,YEARLY,1,1,0,-364.0,100.0
IGDA,TELECOM,PEST CONTROL,MONTHLY,1,0,1,225.0,0.0
IGDA,TELECOM,RADIO,HALF YEARLY,2,2,0,-63.5,100.0
IGDA,TELECOM,RADIO,MONTHLY,6,1,5,51.5,16.7
IGDA,TELECOM,SDH/MPLS,QUARTERLY,3,2,1,-11.7,66.7
IGDA,TELECOM,SMPS,HALF YEARLY,7,5,2,-72.0,71.4
IGDA,TELECOM,SMPS,MONTHLY,27,19,8,4.8,70.4
IIT,AFC,AFC ROUTER,QUARTERLY,4,3,1,-37.2,75.0
IIT,AFC,AFC SWITCH,QUARTERLY,33,22,11,-26.1,66.7
IIT,AFC,AVM,MONTHLY,27,9,18,19.7,33.3
IIT,AFC,EFO,QUARTERLY,11,9,2,-13.5,81.8
IIT,AFC,GATE,MONTHLY,106,56,50,6.2,52.8
IIT,AFC,RCTM,BI-WEEKLY,29,8,21,15.8,27.6
IIT,AFC,RCTM,MONTHLY,18,6,12,14.6,33.3
IIT,AFC,SC,HALF YEARLY,1,1,0,-51.0,100.0
IIT,AFC,SWING BARRIER,MONTHLY,12,8,4,37.5,66.7
IIT,AFC,TOM,QUARTERLY,13,11,2,-25.2,84.6
IIT,AFC,TVM,BI-WEEKLY,96,24,72,14.2,25.0
IIT,AFC,TVM,MONTHLY,54,18,36,20.2,33.3
IIT,TELECOM,CCTV,QUARTERLY,185,20,165,42.6,10.8
IIT,TELECOM,CLOCK,HALF YEARLY,1,0,1,268.0,0.0
IIT,TELECOM,CLOCK,QUARTERLY,15,7,8,24.3,46.7
IIT,TELECOM,EPABX,HALF YEARLY,1,1,0,-79.0,100.0
IIT,TELECOM,EPABX,MONTHLY,21,8,13,79.4,38.1
IIT,TELECOM,EPABX,QUARTERLY,19,6,13,67.9,31.6
IIT,TELECOM,PAS/PIDS,MONTHLY,12,1,11,116.6,8.3
IIT,TELECOM,PAS/PIDS,QUARTERLY,161,48,113,58.1,29.8
IIT,TELECOM,PAS/PIDS,YEARLY,1,1,0,-365.0,100.0
IIT,TELECOM,RADIO,MONTHLY,12,6,6,56.9,50.0
IIT,TELECOM,SDH/MPLS,HALF YEARLY,1,1,0,-180.0,100.0
IIT,TELECOM,SDH/MPLS,QUARTERLY,1,0,1,30.0,0.0
IIT,TELECOM,SMPS,MONTHLY,33,23,10,-2.5,69.7
IIT,TELECOM,UPS,MONTHLY,18,11,7,4.8,61.1
ILOK1,AFC,AFC SWITCH,QUARTERLY,5,4,1,-10.2,80.0
ILOK1,AFC,AVM,MONTHLY,46,28,18,0.0,60.9
ILOK1,AFC,EC,HALF YEARLY,3,3,0,2.0,100.0
ILOK1,AFC,EC,QUARTERLY,9,5,4,17.7,55.6
ILOK1,AFC,EFO,QUARTERLY,6,3,3,22.2,50.0
ILOK1,AFC,EMERGENCY SWITCH,MONTHLY,7,3,4,4.0,42.9
ILOK1,AFC,GATE,MONTHLY,232,142,90,0.2,61.2
ILOK1,AFC,SC,HALF YEARLY,1,1,0,-110.0,100.0
ILOK1,AFC,SWING BARRIER,MONTHLY,22,13,9,1.4,59.1
ILOK1,AFC,TOM,QUARTERLY,13,5,8,13.5,38.5
ILOK1,AFC,TVM,BI-WEEKLY,22,6,16,60.2,27.3
ILOK1,AFC,TVM,MONTHLY,67,37,30,4.2,55.2
ILOK1,IT,IT SWITCH,HALF YEARLY,2,2,0,2.0,100.0
ILOK1,IT,IT SWITCH,QUARTERLY,2,0,2,63.0,0.0
ILOK1,TELECOM,CCTV,HALF YEARLY,80,75,5,-90.9,93.8
ILOK1,TELECOM,CCTV,MONTHLY,16,12,4,-2.2,75.0
ILOK1,TELECOM,CCTV,QUARTERLY,184,67,117,20.7,36.4
ILOK1,TELECOM,CLOCK,HALF YEARLY,1,0,1,44.0,0.0
ILOK1,TELECOM,CLOCK,QUARTERLY,57,23,34,17.7,40.4
ILOK1,TELECOM,EPABX,HALF YEARLY,2,1,1,-57.5,50.0
ILOK1,TELECOM,EPABX,MONTHLY,52,24,28,6.5,46.2
ILOK1,TELECOM,EPABX,QUARTERLY,15,12,3,-33.9,80.0
ILOK1,TELECOM,PAS/PIDS,HALF YEARLY,10,4,6,48.4,40.0
ILOK1,TELECOM,PAS/PIDS,MONTHLY,13,6,7,10.9,46.2
ILOK1,TELECOM,PAS/PIDS,QUARTERLY,311,67,244,48.2,21.5
ILOK1,TELECOM,RADIO,HALF YEARLY,1,0,1,51.0,0.0
ILOK1,TELECOM,RADIO,MONTHLY,11,4,7,15.9,36.4
ILOK1,TELECOM,SDH/MPLS,QUARTERLY,1,0,1,93.0,0.0
ILOK1,TELECOM,SMPS,HALF YEARLY,2,2,0,-60.0,100.0
ILOK1,TELECOM,SMPS,MONTHLY,39,18,21,7.7,46.2
ILOK1,TELECOM,TELE SWITCH,QUARTERLY,4,2,2,12.0,50.0
ILOK5,AFC,AFC ROUTER,QUARTERLY,1,1,0,-86.0,100.0
ILOK5,AFC,AFC SWITCH,QUARTERLY,2,0,2,4.0,0.0
ILOK5,AFC,AVM,MONTHLY,10,8,2,-2.2,80.0
ILOK5,AFC,EC,QUARTERLY,4,2,2,-36.8,50.0
ILOK5,AFC,EFO,QUARTERLY,2,0,2,13.0,0.0
ILOK5,AFC,GATE,MONTHLY,67,40,27,1.4,59.7
ILOK5,AFC,TOM,QUARTERLY,6,2,4,-21.3,33.3
ILOK5,AFC,TVM,MONTHLY,19,15,4,19.2,78.9
ILOK5,TELECOM,CCTV,QUARTERLY,83,55,28,3.1,66.3
ILOK5,TELECOM,CLOCK,QUARTERLY,34,29,5,-34.1,85.3
ILOK5,TELECOM,EARTH PIT,QUARTERLY,2,2,0,1.0,100.0
ILOK5,TELECOM,EPABX,MONTHLY,28,23,5,-1.0,82.1
ILOK5,TELECOM,EPABX,QUARTERLY,3,0,3,37.0,0.0
ILOK5,TELECOM,PAS/PIDS,HALF YEARLY,8,6,2,-66.8,75.0
ILOK5,TELECOM,PAS/PIDS,MONTHLY,12,9,3,3.8,75.0
ILOK5,TELECOM,PAS/PIDS,QUARTERLY,168,148,20,-39.3,88.1
ILOK5,TELECOM,PEST CONTROL,MONTHLY,5,4,1,5.0,80.0
ILOK5,TELECOM,RADIO,HALF YEARLY,1,1,0,-141.0,100.0
ILOK5,TELECOM,RADIO,MONTHLY,9,7,2,-7.4,77.8
ILOK5,TELECOM,SDH/MPLS,MONTHLY,1,1,0,-2.0,100.0
ILOK5,TELECOM,SDH/MPLS,QUARTERLY,2,0,2,86.0,0.0
ILOK5,TELECOM,SMPS,HALF YEARLY,2,2,0,-33.0,100.0
ILOK5,TELECOM,SMPS,MONTHLY,16,10,6,-2.8,62.5
ILOK5,TELECOM,TELE ROUTER,QUARTERLY,2,0,2,86.0,0.0
ILOK5,TELECOM,TELE SWITCH,QUARTERLY,4,2,2,-2.0,50.0
INA2,AFC,AFC SWITCH,QUARTERLY,12,11,1,-41.1,91.7
INA2,AFC,AVM,MONTHLY,10,0,10,54.9,0.0
INA2,AFC,EC,QUARTERLY,6,0,6,35.0,0.0
INA2,AFC,EFO,QUARTERLY,7,5,2,-26.1,71.4
INA2,AFC,EMERGENCY SWITCH,MONTHLY,4,0,4,50.0,0.0
INA2,AFC,GATE,MONTHLY,149,52,97,41.2,34.9
INA2,AFC,SWING BARRIER,MONTHLY,4,0,4,95.5,0.0
INA2,AFC,TOM,QUARTERLY,15,9,6,-14.0,60.0
INA2,AFC,TVM,MONTHLY,41,20,21,17.8,48.8
INA2,IT,IT SWITCH,QUARTERLY,2,1,1,-10.0,50.0
INA2,TELECOM,CCTV,QUARTERLY,134,72,62,-9.2,53.7
INA2,TELECOM,CLOCK,QUARTERLY,48,26,22,-9.1,54.2
INA2,TELECOM,EPABX,MONTHLY,12,8,4,7.2,66.7
INA2,TELECOM,PAS/PIDS,QUARTERLY,562,410,152,-29.3,73.0
INA2,TELECOM,RADIO,HALF YEARLY,2,2,0,-33.0,100.0
INA2,TELECOM,RADIO,MONTHLY,1,0,1,131.0,0.0
INA2,TELECOM,SDH/MPLS,QUARTERLY,1,1,0,-83.0,100.0
INA2,TELECOM,SMPS,MONTHLY,14,4,10,15.3,28.6
INA2,TELECOM,UPS,MONTHLY,2,0,2,43.5,0.0
INA7,AFC,AFC ROUTER,QUARTERLY,1,0,1,130.0,0.0
INA7,AFC,AFC SWITCH,QUARTERLY,21,10,11,17.8,47.6
INA7,AFC,AVM,MONTHLY,28,8,20,15.5,28.6
INA7,AFC,EC,HALF YEARLY,6,0,6,120.0,0.0
INA7,AFC,EFO,QUARTERLY,4,3,1,-9.2,75.0
INA7,AFC,EMERGENCY SWITCH,MONTHLY,15,2,13,55.3,13.3
INA7,AFC,GATE,MONTHLY,208,148,60,-0.5,71.2
INA7,AFC,RCTM,BI-WEEKLY,63,44,19,1.7,69.8
INA7,AFC,RCTM,MONTHLY,9,6,3,8.4,66.7
INA7,AFC,SC,HALF YEARLY,1,0,1,120.0,0.0
INA7,AFC,SWING BARRIER,MONTHLY,11,3,8,51.5,27.3
INA7,AFC,TOM,QUARTERLY,6,5,1,-23.8,83.3
INA7,AFC,TVM,BI-WEEKLY,135,99,36,0.7,73.3
INA7,AFC,TVM,MONTHLY,16,12,4,-0.2,75.0
INA7,TELECOM,CCTV,HALF YEARLY,37,37,0,-93.8,100.0
INA7,TELECOM,CCTV,QUARTERLY,228,142,86,9.0,62.3
INA7,TELECOM,CLOCK,HALF YEARLY,5,3,2,-48.8,60.0
INA7,TELECOM,CLOCK,QUARTERLY,37,13,24,6.6,35.1
INA7,TELECOM,EPABX,HALF YEARLY,3,3,0,-127.0,100.0
INA7,TELECOM,EPABX,MONTHLY,20,8,12,9.5,40.0
INA7,TELECOM,EPABX,QUARTERLY,31,21,10,8.1,67.7
INA7,TELECOM,PAS/PIDS,HALF YEARLY,29,5,24,88.9,17.2
INA7,TELECOM,PAS/PIDS,MONTHLY,13,7,6,10.2,53.8
INA7,TELECOM,PAS/PIDS,QUARTERLY,418,172,246,26.0,41.1
INA7,TELECOM,RADIO,MONTHLY,24,12,12,1.9,50.0
INA7,TELECOM,SDH/MPLS,QUARTERLY,2,1,1,38.0,50.0
INA7,TELECOM,SMPS,HALF YEARLY,4,4,0,-134.5,100.0
INA7,TELECOM,SMPS,MONTHLY,29,17,12,5.2,58.6
INA7,TELECOM,SMPS,YEARLY,2,2,0,-182.0,100.0
INA7,TELECOM,UPS,HALF YEARLY,2,2,0,-180.0,100.0
INA7,TELECOM,UPS,MONTHLY,9,4,5,26.0,44.4
IPE,AFC,AFC ROUTER,QUARTERLY,1,0,1,97.0,0.0
IPE,AFC,AFC SWITCH,QUARTERLY,7,0,7,104.7,0.0
IPE,AFC,AVM,MONTHLY,12,8,4,39.3,66.7
IPE,AFC,EC,QUARTERLY,4,0,4,97.0,0.0
IPE,AFC,EFO,QUARTERLY,10,6,4,-5.2,60.0
IPE,AFC,EMERGENCY SWITCH,MONTHLY,6,4,2,45.7,66.7
IPE,AFC,GATE,MONTHLY,108,64,44,3.6,59.3
IPE,AFC,RCTM,BI-WEEKLY,18,5,13,12.4,27.8
IPE,AFC,RCTM,MONTHLY,9,6,3,21.4,66.7
IPE,AFC,SC,HALF YEARLY,1,0,1,44.0,0.0
IPE,AFC,SWING BARRIER,MONTHLY,2,1,1,74.0,50.0
IPE,AFC,TOM,QUARTERLY,5,2,3,-5.2,40.0
IPE,AFC,TVM,BI-WEEKLY,108,36,72,12.4,33.3
IPE,AFC,TVM,MONTHLY,60,54,6,15.1,90.0
IPE,TELECOM,CCTV,HALF YEARLY,102,75,27,-74.6,73.5
IPE,TELECOM,CCTV,QUARTERLY,633,553,80,-40.8,87.4
IPE,TELECOM,CCTV,YEARLY,1,1,0,-340.0,100.0
IPE,TELECOM,CLOCK,HALF YEARLY,1,0,1,81.0,0.0
IPE,TELECOM,CLOCK,QUARTERLY,174,146,28,-44.1,83.9
IPE,TELECOM,EARTH PIT,QUARTERLY,12,4,8,-1.7,33.3
IPE,TELECOM,EPABX,HALF YEARLY,4,1,3,-22.5,25.0
IPE,TELECOM,EPABX,MONTHLY,6,0,6,243.0,0.0
IPE,TELECOM,EPABX,QUARTERLY,11,6,5,-28.6,54.5
IPE,TELECOM,PAS/PIDS,HALF YEARLY,28,13,15,35.6,46.4
IPE,TELECOM,PAS/PIDS,MONTHLY,401,177,224,73.4,44.1
IPE,TELECOM,PAS/PIDS,QUARTERLY,1029,917,112,-46.8,89.1
IPE,TELECOM,SDH/MPLS,QUARTERLY,1,1,0,0.0,100.0
IPE,TELECOM,SMPS,HALF YEARLY,2,0,2,184.0,0.0
IPE,TELECOM,SMPS,MONTHLY,34,20,14,-2.3,58.8
ITO,AFC,AFC ROUTER,QUARTERLY,1,1,0,-88.0,100.0
ITO,AFC,AFC SWITCH,QUARTERLY,4,4,0,-88.0,100.0
ITO,AFC,EFO,QUARTERLY,2,0,2,176.0,0.0
ITO,AFC,GATE,MONTHLY,113,34,79,9.3,30.1
ITO,AFC,RCTM,MONTHLY,24,14,10,5.4,58.3
ITO,AFC,TOM,QUARTERLY,12,6,6,43.0,50.0
ITO,AFC,TVM,BI-WEEKLY,96,12,84,13.5,12.5
ITO,AFC,TVM,MONTHLY,75,45,30,4.0,60.0
ITO,TELECOM,CCTV,QUARTERLY,43,28,15,-29.0,65.1
ITO,TELECOM,CLOCK,QUARTERLY,62,34,28,4.7,54.8
ITO,TELECOM,CLOCK,YEARLY,2,2,0,-365.0,100.0
ITO,TELECOM,EARTH PIT,QUARTERLY,2,2,0,-12.0,100.0
ITO,TELECOM,EPABX,HALF YEARLY,1,1,0,-2.0,100.0
ITO,TELECOM,EPABX,MONTHLY,6,2,4,4.5,33.3
ITO,TELECOM,EPABX,QUARTERLY,7,6,1,-63.0,85.7
ITO,TELECOM,EPABX,YEARLY,1,1,0,-198.0,100.0
ITO,TELECOM,PAS/PIDS,MONTHLY,8,3,5,11.2,37.5
ITO,TELECOM,PAS/PIDS,QUARTERLY,690,375,315,-0.9,54.3
ITO,TELECOM,PAS/PIDS,YEARLY,9,9,0,-205.0,100.0
ITO,TELECOM,RADIO,MONTHLY,9,5,4,1.1,55.6
ITO,TELECOM,SDH/MPLS,QUARTERLY,3,2,1,-1.3,66.7
ITO,TELECOM,SMPS,MONTHLY,10,4,6,3.4,40.0
ITO,TELECOM,UPS,HALF YEARLY,11,11,0,-171.1,100.0
ITO,TELECOM,UPS,MONTHLY,9,4,5,16.7,44.4
ITPK,TELECOM,CCTV,HALF YEARLY,3,3,0,-21.0,100.0
ITPK,TELECOM,RADIO,MONTHLY,18,6,12,23.7,33.3
ITPK,TELECOM,UPS,MONTHLY,15,9,6,11.9,60.0
IWNR,AFC,AFC ROUTER,QUARTERLY,1,0,1,157.0,0.0
IWNR,AFC,AFC SWITCH,QUARTERLY,2,0,2,157.0,0.0
IWNR,AFC,AVM,MONTHLY,11,1,10,99.8,9.1
IWNR,AFC,EFO,QUARTERLY,6,2,4,24.7,33.3
IWNR,AFC,GATE,MONTHLY,95,47,48,2.5,49.5
IWNR,AFC,RCTM,BI-WEEKLY,23,12,11,6.3,52.2
IWNR,AFC,RCTM,MONTHLY,17,13,4,-2.5,76.5
IWNR,AFC,TOM,QUARTERLY,9,5,4,1.8,55.6
IWNR,AFC,TVM,BI-WEEKLY,72,39,33,5.5,54.2
IWNR,AFC,TVM,MONTHLY,51,39,12,-2.5,76.5
IWNR,TELECOM,CCTV,MONTHLY,38,38,0,-22.1,100.0
IWNR,TELECOM,CCTV,QUARTERLY,126,69,57,10.8,54.8
IWNR,TELECOM,EPABX,MONTHLY,4,0,4,148.5,0.0
IWNR,TELECOM,PAS/PIDS,MONTHLY,81,60,21,47.0,74.1
IWNR,TELECOM,RADIO,MONTHLY,2,0,2,114.0,0.0
IWNR,TELECOM,SMPS,HALF YEARLY,4,2,2,-0.5,50.0
IWNR,TELECOM,SMPS,MONTHLY,41,29,12,-8.6,70.7
JAMD,AFC,AFC ROUTER,QUARTERLY,1,0,1,30.0,0.0
JAMD,AFC,AFC SWITCH,QUARTERLY,5,0,5,30.0,0.0
JAMD,AFC,EFO,QUARTERLY,8,4,4,-1.4,50.0
JAMD,AFC,GATE,MONTHLY,199,67,132,7.7,33.7
JAMD,AFC,RCTM,BI-WEEKLY,34,4,30,11.8,11.8
JAMD,AFC,RCTM,MONTHLY,24,12,12,6.6,50.0
JAMD,AFC,TOM,QUARTERLY,14,6,8,11.3,42.9
JAMD,AFC,TVM,BI-WEEKLY,126,21,105,10.4,16.7
JAMD,AFC,TVM,MONTHLY,84,42,42,6.6,50.0
JAMD,TELECOM,CCTV,QUARTERLY,83,42,41,53.0,50.6
JAMD,TELECOM,EARTH PIT,QUARTERLY,4,0,4,12.5,0.0
JAMD,TELECOM,EPABX,HALF YEARLY,2,1,1,-40.0,50.0
JAMD,TELECOM,EPABX,MONTHLY,2,0,2,52.5,0.0
JAMD,TELECOM,EPABX,QUARTERLY,5,2,3,-19.8,40.0
JAMD,TELECOM,PAS/PIDS,MONTHLY,2,0,2,141.5,0.0
JAMD,TELECOM,PAS/PIDS,QUARTERLY,208,103,105,54.8,49.5
JAMD,TELECOM,RADIO,MONTHLY,5,0,5,47.6,0.0
JAMD,TELECOM,SDH/MPLS,QUARTERLY,1,0,1,41.0,0.0
JAMD,TELECOM,SMPS,MONTHLY,31,19,12,1.4,61.3
JAMD,TELECOM,UPS,HALF YEARLY,4,4,0,-153.8,100.0
JAMD,TELECOM,UPS,MONTHLY,21,11,10,8.3,52.4
JAMD,TELECOM,UPS,YEARLY,7,7,0,-261.0,100.0
JANR,AFC,AFC SWITCH,QUARTERLY,8,6,2,22.2,75.0
JANR,AFC,AFC SWITCH,YEARLY,1,1,0,-171.0,100.0
JANR,AFC,AVM,MONTHLY,40,12,28,17.1,30.0
JANR,AFC,EFO,QUARTERLY,14,14,0,-24.0,100.0
JANR,AFC,GATE,MONTHLY,152,32,120,16.6,21.1
JANR,AFC,RCTM,BI-WEEKLY,22,11,11,6.9,50.0
JANR,AFC,RCTM,MONTHLY,14,9,5,2.9,64.3
JANR,AFC,SC,HALF YEARLY,2,0,2,21.0,0.0
JANR,AFC,SWING BARRIER,MONTHLY,20,6,14,13.4,30.0
JANR,AFC,TOM,QUARTERLY,14,14,0,-24.0,100.0
JANR,AFC,TVM,BI-WEEKLY,145,78,67,6.3,53.8
JANR,AFC,TVM,MONTHLY,102,72,30,-2.9,70.6
JANR,TELECOM,CCTV,QUARTERLY,139,111,28,-3.0,79.9
JANR,TELECOM,CLOCK,HALF YEARLY,2,2,0,-11.0,100.0
JANR,TELECOM,CLOCK,QUARTERLY,32,19,13,-15.6,59.4
JANR,TELECOM,EPABX,MONTHLY,59,13,46,36.6,22.0
JANR,TELECOM,EPABX,QUARTERLY,24,18,6,4.1,75.0
JANR,TELECOM,PAS/PIDS,HALF YEARLY,19,19,0,-180.0,100.0
JANR,TELECOM,PAS/PIDS,MONTHLY,460,228,232,3.3,49.6
JANR,TELECOM,PAS/PIDS,QUARTERLY,58,47,11,19.0,81.0
JANR,TELECOM,RADIO,MONTHLY,8,3,5,16.5,37.5
JANR,TELECOM,SDH/MPLS,QUARTERLY,2,1,1,48.0,50.0
JANR,TELECOM,SMPS,HALF YEARLY,4,2,2,9.5,50.0
JANR,TELECOM,SMPS,MONTHLY,28,16,12,2.1,57.1
JANR,TELECOM,TER ROOM,MONTHLY,1,1,0,-30.0,100.0
JANR,TELECOM,UPS,HALF YEARLY,1,1,0,-180.0,100.0
JANR,TELECOM,UPS,MONTHLY,7,1,6,81.1,14.3
JB,AFC,AFC SWITCH,QUARTERLY,3,0,3,77.0,0.0
JB,AFC,AVM,MONTHLY,55,35,20,6.3,63.6
JB,AFC,EC,HALF YEARLY,1,0,1,21.0,0.0
JB,AFC,EFO,QUARTERLY,8,6,2,-0.8,75.0
JB,AFC,EMERGENCY SWITCH,MONTHLY,2,0,2,171.0,0.0
JB,AFC,GATE,MONTHLY,146,93,53,0.9,63.7
JB,AFC,SWING BARRIER,MONTHLY,24,16,8,3.2,66.7
JB,AFC,TOM,QUARTERLY,8,6,2,-0.8,75.0
JB,AFC,TVM,MONTHLY,39,24,15,6.4,61.5
JB,TELECOM,CCTV,QUARTERLY,63,0,63,111.0,0.0
JB,TELECOM,CLOCK,HALF YEARLY,2,0,2,21.0,0.0
JB,TELECOM,CLOCK,QUARTERLY,30,8,22,57.4,26.7
JB,TELECOM,EPABX,MONTHLY,18,6,12,58.0,33.3
JB,TELECOM,PAS/PIDS,MONTHLY,2,0,2,197.0,0.0
JB,TELECOM,PAS/PIDS,QUARTERLY,502,247,255,12.1,49.2
JB,TELECOM,RADIO,HALF YEARLY,1,0,1,47.0,0.0
JB,TELECOM,RADIO,MONTHLY,5,2,3,54.8,40.0
JB,TELECOM,SMPS,MONTHLY,25,17,8,1.9,68.0
JFRB,AFC,AFC ROUTER,QUARTERLY,3,3,0,-19.0,100.0
JFRB,AFC,AFC SWITCH,QUARTERLY,13,10,3,11.5,76.9
JFRB,AFC,AVM,MONTHLY,6,0,6,30.3,0.0
JFRB,AFC,EC,HALF YEARLY,2,2,0,1.0,100.0
JFRB,AFC,EFO,QUARTERLY,2,2,0,0.5,100.0
JFRB,AFC,EMERGENCY SWITCH,MONTHLY,5,2,3,16.8,40.0
JFRB,AFC,GATE,MONTHLY,121,81,40,2.7,66.9
JFRB,AFC,RCTM,BI-WEEKLY,17,7,10,10.5,41.2
JFRB,AFC,RCTM,MONTHLY,15,11,4,-0.5,73.3
JFRB,AFC,SC,HALF YEARLY,1,1,0,-48.0,100.0
JFRB,AFC,SWING BARRIER,MONTHLY,4,1,3,23.2,25.0
JFRB,AFC,TOM,QUARTERLY,8,6,2,-6.0,75.0
JFRB,AFC,TVM,BI-WEEKLY,54,15,39,9.9,27.8
JFRB,AFC,TVM,MONTHLY,39,27,12,6.1,69.2
JFRB,TELECOM,CCTV,HALF YEARLY,63,0,63,166.0,0.0
JFRB,TELECOM,CCTV,QUARTERLY,357,300,57,-20.4,84.0
JFRB,TELECOM,CLOCK,HALF YEARLY,1,0,1,69.0,0.0
JFRB,TELECOM,CLOCK,QUARTERLY,77,63,14,-30.5,81.8
JFRB,TELECOM,EARTH PIT,QUARTERLY,2,0,2,16.0,0.0
JFRB,TELECOM,EPABX,HALF YEARLY,4,4,0,-75.0,100.0
JFRB,TELECOM,EPABX,MONTHLY,8,4,4,32.0,50.0
JFRB,TELECOM,EPABX,QUARTERLY,61,44,17,-35.9,72.1
JFRB,TELECOM,PAS/PIDS,MONTHLY,171,73,98,30.8,42.7
JFRB,TELECOM,PAS/PIDS,QUARTERLY,247,170,77,22.5,68.8
JFRB,TELECOM,RADIO,HALF YEARLY,3,2,1,-111.0,66.7
JFRB,TELECOM,RADIO,MONTHLY,5,2,3,46.4,40.0
JFRB,TELECOM,SDH/MPLS,HALF YEARLY,1,0,1,32.0,0.0
JFRB,TELECOM,SMPS,HALF YEARLY,2,0,2,161.0,0.0
JFRB,TELECOM,SMPS,MONTHLY,52,40,12,-12.5,76.9
JFRB,TELECOM,UPS,MONTHLY,11,3,8,49.8,27.3
JGPA,AFC,GATE,MONTHLY,70,30,40,30.0,42.9
JGPA,AFC,TVM,BI-WEEKLY,141,75,66,4.1,53.2
JGPA,AFC,TVM,MONTHLY,85,55,30,-1.2,64.7
JGPA,TELECOM,CLOCK,QUARTERLY,7,7,0,-48.0,100.0
JGPA,TELECOM,EPABX,MONTHLY,6,2,4,72.3,33.3
JGPA,TELECOM,EPABX,QUARTERLY,1,1,0,-34.0,100.0
JGPA,TELECOM,PAS/PIDS,MONTHLY,37,37,0,2.0,100.0
JGPA,TELECOM,PAS/PIDS,QUARTERLY,76,76,0,-48.0,100.0
JGPA,TELECOM,RADIO,MONTHLY,12,6,6,62.0,50.0
JGPA,TELECOM,SMPS,MONTHLY,13,9,4,11.1,69.2
JGPA,TELECOM,UPS,MONTHLY,12,9,3,11.3,75.0
JGPI,AFC,AFC SWITCH,QUARTERLY,8,5,3,-24.8,62.5
JGPI,AFC,AFC SWITCH,YEARLY,3,3,0,-237.0,100.0
JGPI,AFC,AVM,MONTHLY,70,40,30,-3.2,57.1
JGPI,AFC,EC,QUARTERLY,8,0,8,80.2,0.0
JGPI,AFC,EFO,QUARTERLY,8,3,5,0.9,37.5
JGPI,AFC,EMERGENCY SWITCH,MONTHLY,8,2,6,27.8,25.0
JGPI,AFC,GATE,MONTHLY,286,130,156,-2.2,45.5
JGPI,AFC,SC,HALF YEARLY,1,0,1,53.0,0.0
JGPI,AFC,SWING BARRIER,MONTHLY,8,2,6,28.2,25.0
JGPI,AFC,TOM,QUARTERLY,36,24,12,-16.5,66.7
JGPI,AFC,TVM,BI-WEEKLY,8,2,6,16.5,25.0
JGPI,AFC,TVM,MONTHLY,24,18,6,2.6,75.0
JGPI,TELECOM,CCTV,HALF YEARLY,141,122,19,-22.3,86.5
JGPI,TELECOM,CCTV,QUARTERLY,616,616,0,-61.9,100.0
JGPI,TELECOM,CLOCK,HALF YEARLY,1,0,1,15.0,0.0
JGPI,TELECOM,CLOCK,QUARTERLY,50,25,25,3.9,50.0
JGPI,TELECOM,EPABX,MONTHLY,7,5,2,44.0,71.4
JGPI,TELECOM,EPABX,QUARTERLY,5,4,1,-33.2,80.0
JGPI,TELECOM,EPABX,YEARLY,5,5,0,-339.0,100.0
JGPI,TELECOM,NETWORKING,QUARTERLY,2,0,2,143.0,0.0
JGPI,TELECOM,PAS/PIDS,HALF YEARLY,31,25,6,-114.1,80.6
JGPI,TELECOM,PAS/PIDS,MONTHLY,1822,1129,693,2.6,62.0
JGPI,TELECOM,PAS/PIDS,QUARTERLY,64,64,0,-58.1,100.0
JGPI,TELECOM,PAS/PIDS,YEARLY,2,2,0,-353.0,100.0
JGPI,TELECOM,RADIO,MONTHLY,31,21,10,-6.3,67.7
JGPI,TELECOM,SMPS,BI-WEEKLY,2,2,0,-14.0,100.0
JGPI,TELECOM,SMPS,HALF YEARLY,2,0,2,21.0,0.0
JGPI,TELECOM,SMPS,MONTHLY,30,20,10,-3.0,66.7
JIEE,AFC,AFC ROUTER,QUARTERLY,2,1,1,133.0,50.0
JIEE,AFC,AFC SWITCH,QUARTERLY,12,6,6,21.5,50.0
JIEE,AFC,AVM,MONTHLY,10,2,8,18.6,20.0
JIEE,AFC,EC,QUARTERLY,2,0,2,90.0,0.0
JIEE,AFC,EFO,QUARTERLY,6,5,1,-15.7,83.3
JIEE,AFC,EMERGENCY SWITCH,MONTHLY,4,1,3,30.8,25.0
JIEE,AFC,GATE,MONTHLY,185,105,80,-3.1,56.8
JIEE,AFC,RCTM,BI-WEEKLY,13,3,10,18.2,23.1
JIEE,AFC,RCTM,MONTHLY,15,13,2,2.4,86.7
JIEE,AFC,SC,HALF YEARLY,1,0,1,16.0,0.0
JIEE,AFC,SWING BARRIER,MONTHLY,16,13,3,-3.8,81.2
JIEE,AFC,TOM,QUARTERLY,14,12,2,-26.3,85.7
JIEE,AFC,TVM,BI-WEEKLY,52,16,36,21.3,30.8
JIEE,AFC,TVM,MONTHLY,64,52,12,0.4,81.2
JIEE,TELECOM,CCTV,QUARTERLY,325,279,46,-17.7,85.8
JIEE,TELECOM,CLOCK,HALF YEARLY,11,11,0,-133.5,100.0
JIEE,TELECOM,CLOCK,QUARTERLY,55,44,11,-30.8,80.0
JIEE,TELECOM,EARTH PIT,QUARTERLY,24,24,0,-57.8,100.0
JIEE,TELECOM,EPABX,MONTHLY,58,42,16,1.9,72.4
JIEE,TELECOM,EPABX,QUARTERLY,9,4,5,52.2,44.4
JIEE,TELECOM,PAS/PIDS,HALF YEARLY,84,0,84,168.0,0.0
JIEE,TELECOM,PAS/PIDS,MONTHLY,774,187,587,29.2,24.2
JIEE,TELECOM,PAS/PIDS,QUARTERLY,40,32,8,-20.0,80.0
JIEE,TELECOM,RADIO,HALF YEARLY,1,0,1,23.0,0.0
JIEE,TELECOM,RADIO,MONTHLY,14,10,4,3.0,71.4
JIEE,TELECOM,RADIO,QUARTERLY,1,0,1,113.0,0.0
JIEE,TELECOM,SDH/MPLS,HALF YEARLY,1,0,1,39.0,0.0
JIEE,TELECOM,SDH/MPLS,QUARTERLY,2,0,2,10.0,0.0
JIEE,TELECOM,SMPS,HALF YEARLY,4,2,2,7.0,50.0
JIEE,TELECOM,SMPS,MONTHLY,33,17,16,0.1,51.5
JIEE,TELECOM,TER ROOM,MONTHLY,2,2,0,-13.5,100.0
JIEE,TELECOM,UPS,MONTHLY,3,1,2,140.0,33.3
JLA6,AFC,AFC ROUTER,QUARTERLY,1,0,1,94.0,0.0
JLA6,AFC,AFC SWITCH,QUARTERLY,3,0,3,94.0,0.0
JLA6,AFC,AVM,MONTHLY,25,5,20,66.2,20.0
JLA6,AFC,EC,QUARTERLY,8,0,8,28.0,0.0
JLA6,AFC,EFO,QUARTERLY,8,2,6,20.0,25.0
JLA6,AFC,EMERGENCY SWITCH,MONTHLY,10,6,4,17.8,60.0
JLA6,AFC,GATE,MONTHLY,170,110,60,-0.5,64.7
JLA6,AFC,SC,HALF YEARLY,1,0,1,52.0,0.0
JLA6,AFC,SWING BARRIER,MONTHLY,10,6,4,19.6,60.0
JLA6,AFC,TVM,BI-WEEKLY,162,120,42,2.9,74.1
JLA6,AFC,TVM,MONTHLY,102,90,12,-2.6,88.2
JLA6,TELECOM,CCTV,HALF YEARLY,20,0,20,170.0,0.0
JLA6,TELECOM,CCTV,QUARTERLY,221,113,108,39.4,51.1
JLA6,TELECOM,CLOCK,HALF YEARLY,2,0,2,116.0,0.0
JLA6,TELECOM,CLOCK,QUARTERLY,15,0,15,108.4,0.0
JLA6,TELECOM,EARTH PIT,QUARTERLY,8,4,4,48.0,50.0
JLA6,TELECOM,EARTH PIT,YEARLY,2,0,2,13.0,0.0
JLA6,TELECOM,EPABX,HALF YEARLY,2,1,1,-32.0,50.0
JLA6,TELECOM,EPABX,MONTHLY,68,44,24,-0.5,64.7
JLA6,TELECOM,PAS/PIDS,HALF YEARLY,16,4,12,49.2,25.0
JLA6,TELECOM,PAS/PIDS,QUARTERLY,360,234,126,19.3,65.0
JLA6,TELECOM,RADIO,MONTHLY,17,11,6,-0.5,64.7
JLA6,TELECOM,SDH/MPLS,HALF YEARLY,1,0,1,116.0,0.0
JLA6,TELECOM,SDH/MPLS,YEARLY,1,1,0,-305.0,100.0
JLA6,TELECOM,SMPS,HALF YEARLY,4,2,2,-21.5,50.0
JLA6,TELECOM,SMPS,MONTHLY,34,22,12,-0.5,64.7
JLA6,TELECOM,TELE ROUTER,HALF YEARLY,2,0,2,116.0,0.0
JLA6,TELECOM,TELE SWITCH,QUARTERLY,2,0,2,74.0,0.0
JLA6,TELECOM,TER ROOM,MONTHLY,2,2,0,-7.0,100.0
JLA6,TELECOM,UPS,HALF YEARLY,4,2,2,-43.8,50.0
JLA6,TELECOM,UPS,MONTHLY,34,22,12,-0.5,64.7
JLA8,AFC,AFC ROUTER,QUARTERLY,2,0,2,77.0,0.0
JLA8,AFC,AFC SWITCH,QUARTERLY,7,0,7,76.1,0.0
JLA8,AFC,AVM,MONTHLY,52,32,20,6.8,61.5
JLA8,AFC,EFO,QUARTERLY,6,2,4,34.3,33.3
JLA8,AFC,GATE,MONTHLY,154,107,47,-1.1,69.5
JLA8,AFC,RCTM,BI-WEEKLY,19,7,12,10.4,36.8
JLA8,AFC,RCTM,MONTHLY,17,13,4,-1.6,76.5
JLA8,AFC,SC,HALF YEARLY,3,3,0,-55.3,100.0
JLA8,AFC,SWING BARRIER,MONTHLY,11,8,3,10.4,72.7
JLA8,AFC,TOM,QUARTERLY,6,2,4,34.3,33.3
JLA8,AFC,TVM,BI-WEEKLY,118,30,88,10.5,25.4
JLA8,AFC,TVM,MONTHLY,108,90,18,-3.2,83.3
JLA8,TELECOM,CCTV,HALF YEARLY,1,0,1,188.0,0.0
JLA8,TELECOM,CCTV,QUARTERLY,264,209,55,-17.9,79.2
JLA8,TELECOM,CLOCK,HALF YEARLY,4,2,2,-29.8,50.0
JLA8,TELECOM,CLOCK,QUARTERLY,14,13,1,-10.4,92.9
JLA8,TELECOM,EARTH PIT,QUARTERLY,2,0,2,121.0,0.0
JLA8,TELECOM,EPABX,HALF YEARLY,8,1,7,183.1,12.5
JLA8,TELECOM,EPABX,MONTHLY,68,36,32,32.3,52.9
JLA8,TELECOM,EPABX,QUARTERLY,23,16,7,-20.3,69.6
JLA8,TELECOM,PAS/PIDS,HALF YEARLY,20,8,12,78.0,40.0
JLA8,TELECOM,PAS/PIDS,MONTHLY,398,139,259,11.9,34.9
JLA8,TELECOM,PAS/PIDS,QUARTERLY,297,48,249,56.2,16.2
JLA8,TELECOM,RADIO,HALF YEARLY,1,0,1,19.0,0.0
JLA8,TELECOM,RADIO,MONTHLY,14,7,7,26.0,50.0
JLA8,TELECOM,SDH/MPLS,HALF YEARLY,1,1,0,-40.0,100.0
JLA8,TELECOM,SDH/MPLS,QUARTERLY,2,1,1,-20.0,50.0
JLA8,TELECOM,SMPS,HALF YEARLY,6,6,0,-42.3,100.0
JLA8,TELECOM,SMPS,MONTHLY,24,8,16,10.7,33.3
JLASBL,TELECOM,CCTV,QUARTERLY,13,1,12,90.3,7.7
JLML,AFC,AFC SWITCH,QUARTERLY,4,2,2,-8.5,50.0
JLML,AFC,AVM,MONTHLY,35,21,14,-0.2,60.0
JLML,AFC,EC,QUARTERLY,6,3,3,-2.0,50.0
JLML,AFC,EFO,QUARTERLY,5,4,1,-1.4,80.0
JLML,AFC,EMERGENCY SWITCH,MONTHLY,3,1,2,19.7,33.3
JLML,AFC,GATE,MONTHLY,148,103,45,0.6,69.6
JLML,AFC,SWING BARRIER,MONTHLY,16,9,7,2.1,56.2
JLML,AFC,TOM,QUARTERLY,10,8,2,-1.4,80.0
JLML,AFC,TVM,BI-WEEKLY,82,0,82,19.0,0.0
JLML,AFC,TVM,MONTHLY,36,15,21,31.5,41.7
JLML,TELECOM,CCTV,HALF YEARLY,7,3,4,0.0,42.9
JLML,TELECOM,CCTV,QUARTERLY,104,49,55,12.1,47.1
JLML,TELECOM,CLOCK,HALF YEARLY,1,1,0,-25.0,100.0
JLML,TELECOM,CLOCK,QUARTERLY,38,14,24,19.6,36.8
JLML,TELECOM,EARTH PIT,QUARTERLY,2,0,2,242.0,0.0
JLML,TELECOM,EPABX,MONTHLY,68,44,24,-2.4,64.7
JLML,TELECOM,EPABX,QUARTERLY,5,4,1,-0.6,80.0
JLML,TELECOM,PAS/PIDS,HALF YEARLY,4,2,2,-1.5,50.0
JLML,TELECOM,PAS/PIDS,QUARTERLY,983,563,420,1.5,57.3
JLML,TELECOM,RADIO,MONTHLY,17,11,6,-0.6,64.7
JLML,TELECOM,SDH/MPLS,YEARLY,1,1,0,-365.0,100.0
JLML,TELECOM,SMPS,MONTHLY,32,21,11,-1.4,65.6
JLML,TELECOM,TELE SWITCH,QUARTERLY,2,0,2,304.0,0.0
JLML,TELECOM,UPS,HALF YEARLY,2,1,1,-42.5,50.0
JLML,TELECOM,UPS,MONTHLY,32,21,11,-1.4,65.6
JLNS,AFC,GATE,MONTHLY,62,10,52,74.8,16.1
JLNS,AFC,TVM,BI-WEEKLY,202,72,130,7.5,35.6
JLNS,AFC,TVM,MONTHLY,110,30,80,7.7,27.3
JLNS,TELECOM,EPABX,MONTHLY,1,1,0,3.0,100.0
JLNS,TELECOM,RADIO,MONTHLY,12,12,0,1.0,100.0
JLNS,TELECOM,SMPS,MONTHLY,16,8,8,26.8,50.0
JLNS,TELECOM,UPS,MONTHLY,7,4,3,89.0,57.1
JNPH,AFC,AFC ROUTER,QUARTERLY,2,1,1,1.0,50.0
JNPH,AFC,AFC SWITCH,QUARTERLY,9,6,3,3.3,66.7
JNPH,AFC,AVM,MONTHLY,12,0,12,26.0,0.0
JNPH,AFC,EC,QUARTERLY,5,0,5,51.0,0.0
JNPH,AFC,EFO,QUARTERLY,8,4,4,15.0,50.0
JNPH,AFC,EMERGENCY SWITCH,MONTHLY,2,0,2,12.0,0.0
JNPH,AFC,GATE,MONTHLY,164,79,85,2.0,48.2
JNPH,AFC,RCTM,MONTHLY,14,8,6,1.4,57.1
JNPH,AFC,SC,HALF YEARLY,1,1,0,-153.0,100.0
JNPH,AFC,SWING BARRIER,MONTHLY,3,0,3,44.3,0.0
JNPH,AFC,TOM,QUARTERLY,16,8,8,15.0,50.0
JNPH,AFC,TVM,BI-WEEKLY,76,36,40,9.2,47.4
JNPH,AFC,TVM,MONTHLY,52,28,24,3.8,53.8
JNPH,TELECOM,CCTV,QUARTERLY,307,225,82,9.0,73.3
JNPH,TELECOM,CLOCK,QUARTERLY,53,32,21,50.9,60.4
JNPH,TELECOM,EARTH PIT,QUARTERLY,6,2,4,70.7,33.3
JNPH,TELECOM,EPABX,HALF YEARLY,1,0,1,31.0,0.0
JNPH,TELECOM,EPABX,MONTHLY,3,0,3,60.7,0.0
JNPH,TELECOM,EPABX,QUARTERLY,15,13,2,-57.4,86.7
JNPH,TELECOM,EPABX,YEARLY,1,1,0,-49.0,100.0
JNPH,TELECOM,PAS/PIDS,HALF YEARLY,27,26,1,-107.3,96.3
JNPH,TELECOM,PAS/PIDS,MONTHLY,34,18,16,0.8,52.9
JNPH,TELECOM,PAS/PIDS,QUARTERLY,650,439,211,7.3,67.5
JNPH,TELECOM,PAS/PIDS,YEARLY,20,20,0,-186.1,100.0
JNPH,TELECOM,RADIO,HALF YEARLY,3,3,0,-27.0,100.0
JNPH,TELECOM,RADIO,MONTHLY,25,16,9,-4.6,64.0
JNPH,TELECOM,SDH/MPLS,QUARTERLY,4,2,2,-13.0,50.0
JNPH,TELECOM,SMPS,HALF YEARLY,4,4,0,-64.5,100.0
JNPH,TELECOM,SMPS,MONTHLY,31,18,13,1.7,58.1
JNPH,TELECOM,TER ROOM,MONTHLY,1,1,0,-3.0,100.0
JNPH,TELECOM,UPS,HALF YEARLY,1,0,1,92.0,0.0
JNPH,TELECOM,UPS,MONTHLY,32,19,13,1.6,59.4
JPE,AFC,AFC SWITCH,QUARTERLY,6,3,3,42.5,50.0
JPE,AFC,AFC SWITCH,YEARLY,3,3,0,-337.0,100.0
JPE,AFC,AVM,MONTHLY,54,30,24,6.8,55.6
JPE,AFC,EC,HALF YEARLY,9,0,9,13.0,0.0
JPE,AFC,EFO,QUARTERLY,11,5,6,-4.7,45.5
JPE,AFC,GATE,MONTHLY,139,82,57,1.9,59.0
JPE,AFC,SWING BARRIER,MONTHLY,6,4,2,13.7,66.7
JPE,AFC,TOM,QUARTERLY,5,2,3,3.8,40.0
JPE,AFC,TVM,BI-WEEKLY,143,114,29,1.3,79.7
JPE,AFC,TVM,MONTHLY,86,82,4,-4.6,95.3
JPE,IT,IT SWITCH,QUARTERLY,4,2,2,-37.0,50.0
JPE,TELECOM,CCTV,HALF YEARLY,9,0,9,5.0,0.0
JPE,TELECOM,CCTV,QUARTERLY,284,177,107,-5.6,62.3
JPE,TELECOM,CLOCK,HALF YEARLY,2,0,2,23.0,0.0
JPE,TELECOM,CLOCK,QUARTERLY,121,63,58,-6.7,52.1
JPE,TELECOM,CLOCK,YEARLY,4,4,0,-365.0,100.0
JPE,TELECOM,EPABX,HALF YEARLY,2,1,1,-78.5,50.0
JPE,TELECOM,EPABX,MONTHLY,72,48,24,-3.7,66.7
JPE,TELECOM,EPABX,QUARTERLY,79,57,22,-28.2,72.2
JPE,TELECOM,EPABX,YEARLY,4,4,0,-278.2,100.0
JPE,TELECOM,PAS/PIDS,HALF YEARLY,37,19,18,3.9,51.4
JPE,TELECOM,PAS/PIDS,MONTHLY,2,1,1,12.0,50.0
JPE,TELECOM,PAS/PIDS,QUARTERLY,1037,833,204,-8.8,80.3
JPE,TELECOM,PAS/PIDS,YEARLY,27,27,0,-210.2,100.0
JPE,TELECOM,RADIO,MONTHLY,15,9,6,1.7,60.0
JPE,TELECOM,SDH/MPLS,HALF YEARLY,1,1,0,-73.0,100.0
JPE,TELECOM,SDH/MPLS,QUARTERLY,2,2,0,-36.5,100.0
JPE,TELECOM,SMPS,HALF YEARLY,4,2,2,-7.0,50.0
JPE,TELECOM,SMPS,MONTHLY,32,22,10,2.8,68.8
JPE,TELECOM,TELE SWITCH,HALF YEARLY,2,0,2,6.0,0.0
JPE,TELECOM,TELE SWITCH,QUARTERLY,8,4,4,3.5,50.0
JPE,TELECOM,TELE SWITCH,YEARLY,4,4,0,-198.5,100.0
JPE,TELECOM,UPS,MONTHLY,23,12,11,12.4,52.2
JPVE,AFC,AFC SWITCH,QUARTERLY,3,3,0,-63.0,100.0
JPVE,AFC,CSM,MONTHLY,3,3,0,-20.0,100.0
JPVE,AFC,EFO,QUARTERLY,4,3,1,-45.0,75.0
JPVE,AFC,GATE,MONTHLY,12,8,4,30.0,66.7
JPVE,AFC,SWING BARRIER,MONTHLY,1,1,0,-15.0,100.0
JPVE,AFC,TIM,BI-WEEKLY,6,6,0,1.3,100.0
JPVE,AFC,TIM,MONTHLY,2,2,0,1.0,100.0
JPVE,AFC,TOM,QUARTERLY,3,2,1,-30.0,66.7
JPVE,TELECOM,TER ROOM,MONTHLY,1,0,1,22.0,0.0
JPW3,AFC,AFC SWITCH,QUARTERLY,2,2,0,-22.0,100.0
JPW3,AFC,AVM,MONTHLY,22,6,16,11.7,27.3
JPW3,AFC,EC,HALF YEARLY,12,6,6,-7.0,50.0
JPW3,AFC,EFO,QUARTERLY,5,3,2,2.8,60.0
JPW3,AFC,GATE,MONTHLY,89,54,35,1.1,60.7
JPW3,AFC,SWING BARRIER,MONTHLY,3,1,2,11.7,33.3
JPW3,AFC,TOM,QUARTERLY,12,8,4,-12.7,66.7
JPW3,AFC,TVM,BI-WEEKLY,105,72,33,1.2,68.6
JPW3,AFC,TVM,MONTHLY,54,36,18,-1.1,66.7
JPW3,IT,IT SWITCH,QUARTERLY,4,4,0,-35.0,100.0
JPW3,TELECOM,CCTV,HALF YEARLY,10,2,8,15.2,20.0
JPW3,TELECOM,CCTV,MONTHLY,4,0,4,33.0,0.0
JPW3,TELECOM,CCTV,QUARTERLY,235,142,93,12.2,60.4
JPW3,TELECOM,CLOCK,QUARTERLY,71,44,27,-3.1,62.0
JPW3,TELECOM,EPABX,HALF YEARLY,1,1,0,-6.0,100.0
JPW3,TELECOM,EPABX,MONTHLY,64,41,23,-1.0,64.1
JPW3,TELECOM,EPABX,QUARTERLY,59,57,2,-19.4,96.6
JPW3,TELECOM,NETWORKING,QUARTERLY,1,0,1,111.0,0.0
JPW3,TELECOM,PAS/PIDS,HALF YEARLY,32,18,14,-2.4,56.2
JPW3,TELECOM,PAS/PIDS,MONTHLY,34,22,12,7.4,64.7
JPW3,TELECOM,PAS/PIDS,QUARTERLY,188,165,23,-41.7,87.8
JPW3,TELECOM,PAS/PIDS,YEARLY,14,14,0,-41.2,100.0
JPW3,TELECOM,RADIO,MONTHLY,16,11,5,-0.4,68.8
JPW3,TELECOM,SDH/MPLS,QUARTERLY,2,1,1,14.0,50.0
JPW3,TELECOM,SMPS,HALF YEARLY,2,2,0,-37.0,100.0
JPW3,TELECOM,SMPS,MONTHLY,39,29,10,-4.4,74.4
JPW3,TELECOM,SMPS,YEARLY,4,4,0,-227.0,100.0
JPW3,TELECOM,TELE SWITCH,HALF YEARLY,2,0,2,5.0,0.0
JPW3,TELECOM,TELE SWITCH,QUARTERLY,4,2,2,46.5,50.0
JPW8,AFC,AFC ROUTER,QUARTERLY,2,0,2,51.0,0.0
JPW8,AFC,AFC SWITCH,QUARTERLY,19,9,10,14.5,47.4
JPW8,AFC,AVM,MONTHLY,26,8,18,37.8,30.8
JPW8,AFC,EFO,QUARTERLY,13,9,4,-24.3,69.2
JPW8,AFC,GATE,MONTHLY,166,82,84,11.8,49.4
JPW8,AFC,RCTM,BI-WEEKLY,42,21,21,7.5,50.0
JPW8,AFC,RCTM,MONTHLY,23,12,11,8.9,52.2
JPW8,AFC,SC,HALF YEARLY,1,0,1,42.0,0.0
JPW8,AFC,SCVM,BI-WEEKLY,21,11,10,7.1,52.4
JPW8,AFC,SCVM,MONTHLY,10,4,6,11.8,40.0
JPW8,AFC,SWING BARRIER,MONTHLY,4,0,4,112.0,0.0
JPW8,AFC,TOM,QUARTERLY,15,12,3,-33.1,80.0
JPW8,AFC,TVM,BI-WEEKLY,120,54,66,9.0,45.0
JPW8,AFC,TVM,MONTHLY,82,46,36,1.8,56.1
JPW8,TELECOM,CCTV,HALF YEARLY,4,0,4,102.0,0.0
JPW8,TELECOM,CCTV,QUARTERLY,255,112,143,21.8,43.9
JPW8,TELECOM,CLOCK,HALF YEARLY,1,0,1,90.0,0.0
JPW8,TELECOM,CLOCK,QUARTERLY,6,1,5,131.2,16.7
JPW8,TELECOM,EPABX,HALF YEARLY,1,0,1,102.0,0.0
JPW8,TELECOM,EPABX,MONTHLY,92,6,86,134.2,6.5
JPW8,TELECOM,EPABX,QUARTERLY,32,9,23,78.1,28.1
JPW8,TELECOM,PAS/PIDS,HALF YEARLY,8,5,3,-77.2,62.5
JPW8,TELECOM,PAS/PIDS,MONTHLY,24,10,14,35.1,41.7
JPW8,TELECOM,PAS/PIDS,QUARTERLY,66,32,34,12.4,48.5
JPW8,TELECOM,PAS/PIDS,YEARLY,2,2,0,-365.0,100.0
JPW8,TELECOM,PEST CONTROL,MONTHLY,3,1,2,43.7,33.3
JPW8,TELECOM,RADIO,HALF YEARLY,6,6,0,-86.0,100.0
JPW8,TELECOM,RADIO,MONTHLY,14,2,12,66.8,14.3
JPW8,TELECOM,SDH/MPLS,HALF YEARLY,1,1,0,-47.0,100.0
JPW8,TELECOM,SDH/MPLS,MONTHLY,1,0,1,251.0,0.0
JPW8,TELECOM,SDH/MPLS,QUARTERLY,2,1,1,45.0,50.0
JPW8,TELECOM,SMPS,HALF YEARLY,2,0,2,109.0,0.0
JPW8,TELECOM,SMPS,MONTHLY,21,13,8,14.5,61.9
JPW8,TELECOM,TELE SWITCH,QUARTERLY,1,0,1,119.0,0.0
JRMJ,AFC,EFO,QUARTERLY,2,1,1,-14.5,50.0
JRMJ,AFC,GATE,MONTHLY,4,0,4,108.0,0.0
JRMJ,AFC,TIM,BI-WEEKLY,6,6,0,1.0,100.0
JRMJ,AFC,TIM,MONTHLY,2,2,0,0.0,100.0
JRMJ,AFC,TOM,QUARTERLY,2,1,1,-14.5,50.0
JRMJ,TELECOM,TER ROOM,MONTHLY,1,1,0,-2.0,100.0
JW,AFC,AFC SWITCH,QUARTERLY,24,22,2,-34.2,91.7
JW,AFC,AVM,MONTHLY,24,15,9,6.0,62.5
JW,AFC,EC,QUARTERLY,10,4,6,46.8,40.0
JW,AFC,EFO,QUARTERLY,18,17,1,-38.8,94.4
JW,AFC,GATE,MONTHLY,214,137,77,-3.4,64.0
JW,AFC,SWING BARRIER,MONTHLY,11,7,4,4.0,63.6
JW,AFC,TOM,QUARTERLY,11,11,0,-46.1,100.0
JW,AFC,TVM,BI-WEEKLY,203,116,87,5.9,57.1
JW,AFC,TVM,MONTHLY,215,183,32,-10.9,85.1
JW,TELECOM,CCTV,QUARTERLY,90,62,28,9.4,68.9
JW,TELECOM,CLOCK,QUARTERLY,30,24,6,-25.1,80.0
JW,TELECOM,EARTH PIT,QUARTERLY,2,2,0,-84.0,100.0
JW,TELECOM,EARTH PIT,YEARLY,1,1,0,-365.0,100.0
JW,TELECOM,EPABX,MONTHLY,48,24,24,1.9,50.0
JW,TELECOM,PAS/PIDS,HALF YEARLY,10,10,0,-77.6,100.0
JW,TELECOM,PAS/PIDS,QUARTERLY,991,779,212,-38.8,78.6
JW,TELECOM,PEST CONTROL,MONTHLY,10,5,5,26.0,50.0
JW,TELECOM,RADIO,MONTHLY,14,6,8,18.1,42.9
JW,TELECOM,SDH/MPLS,QUARTERLY,1,0,1,63.0,0.0
JW,TELECOM,SMPS,HALF YEARLY,2,0,2,23.0,0.0
JW,TELECOM,SMPS,MONTHLY,39,27,12,-5.5,69.2
JW,TELECOM,TELE SWITCH,QUARTERLY,4,2,2,-13.0,50.0
JW,TELECOM,UPS,MONTHLY,37,24,13,-4.2,64.9
KB,AFC,AFC ROUTER,QUARTERLY,3,2,1,4.0,66.7
KB,AFC,AFC SWITCH,QUARTERLY,44,43,1,-53.0,97.7
KB,AFC,AVM,MONTHLY,34,22,12,5.1,64.7
KB,AFC,EC,HALF YEARLY,7,7,0,-63.0,100.0
KB,AFC,EC,QUARTERLY,7,1,6,93.9,14.3
KB,AFC,EFO,QUARTERLY,10,9,1,-15.7,90.0
KB,AFC,GATE,MONTHLY,275,149,126,1.0,54.2
KB,AFC,SWING BARRIER,MONTHLY,9,6,3,-1.4,66.7
KB,AFC,TOM,QUARTERLY,44,39,5,-22.1,88.6
KB,AFC,TVM,BI-WEEKLY,191,107,84,4.1,56.0
KB,AFC,TVM,MONTHLY,155,127,28,-7.1,81.9
KB,TELECOM,CCTV,MONTHLY,2,0,2,5.0,0.0
KB,TELECOM,CCTV,QUARTERLY,45,20,25,29.4,44.4
KB,TELECOM,CLOCK,HALF YEARLY,2,2,0,-12.0,100.0
KB,TELECOM,CLOCK,QUARTERLY,46,29,17,-13.0,63.0
KB,TELECOM,CLOCK,YEARLY,1,1,0,-365.0,100.0
KB,TELECOM,EARTH PIT,QUARTERLY,1,1,0,-83.0,100.0
KB,TELECOM,EPABX,HALF YEARLY,2,1,1,-85.5,50.0
KB,TELECOM,EPABX,MONTHLY,36,20,16,16.1,55.6
KB,TELECOM,EPABX,QUARTERLY,8,6,2,-42.6,75.0
KB,TELECOM,PAS/PIDS,HALF YEARLY,145,49,96,-4.4,33.8
KB,TELECOM,PAS/PIDS,QUARTERLY,639,511,128,-22.8,80.0
KB,TELECOM,PAS/PIDS,YEARLY,8,0,8,42.0,0.0
KB,TELECOM,PEST CONTROL,MONTHLY,6,4,2,20.7,66.7
KB,TELECOM,RADIO,MONTHLY,8,2,6,30.4,25.0
KB,TELECOM,SDH/MPLS,QUARTERLY,2,0,2,133.5,0.0
KB,TELECOM,SMPS,MONTHLY,36,23,13,-2.4,63.9
KB,TELECOM,TELE ROUTER,QUARTERLY,2,0,2,41.0,0.0
KB,TELECOM,TELE SWITCH,QUARTERLY,6,4,2,10.0,66.7
KE,AFC,AFC SWITCH,QUARTERLY,2,2,0,-22.5,100.0
KE,AFC,AVM,MONTHLY,51,39,12,0.9,76.5
KE,AFC,EFO,QUARTERLY,4,3,1,-0.8,75.0
KE,AFC,GATE,MONTHLY,138,75,63,3.8,54.3
KE,AFC,SWING BARRIER,MONTHLY,12,6,6,12.6,50.0
KE,AFC,TOM,QUARTERLY,8,6,2,-0.5,75.0
KE,AFC,TVM,BI-WEEKLY,18,6,12,15.0,33.3
KE,AFC,TVM,MONTHLY,44,29,15,3.6,65.9
KE,TELECOM,CCTV,HALF YEARLY,11,11,0,-143.0,100.0
KE,TELECOM,CCTV,MONTHLY,6,4,2,-4.3,66.7
KE,TELECOM,CCTV,QUARTERLY,105,63,42,-5.6,60.0
KE,TELECOM,CLOCK,QUARTERLY,40,35,5,-24.5,87.5
KE,TELECOM,EPABX,MONTHLY,16,8,8,5.1,50.0
KE,TELECOM,EPABX,QUARTERLY,2,1,1,4.5,50.0
KE,TELECOM,PAS/PIDS,HALF YEARLY,12,10,2,-72.3,83.3
KE,TELECOM,PAS/PIDS,QUARTERLY,442,373,69,-25.1,84.4
KE,TELECOM,PAS/PIDS,YEARLY,1,1,0,-280.0,100.0
KE,TELECOM,RADIO,MONTHLY,12,5,7,12.6,41.7
KE,TELECOM,SDH/MPLS,QUARTERLY,1,0,1,45.0,0.0
KE,TELECOM,SMPS,MONTHLY,30,12,18,1.7,40.0
KE,TELECOM,TELE SWITCH,QUARTERLY,3,2,1,1.0,66.7
KE,TELECOM,UPS,HALF YEARLY,1,0,1,10.0,0.0
KE,TELECOM,UPS,MONTHLY,34,18,16,-0.4,52.9
KG,AFC,AFC ROUTER,QUARTERLY,3,1,2,10.7,33.3
KG,AFC,AFC SWITCH,QUARTERLY,19,5,14,21.5,26.3
KG,AFC,EFO,QUARTERLY,8,2,6,23.6,25.0
KG,AFC,GATE,MONTHLY,174,102,72,3.9,58.6
KG,AFC,RCTM,BI-WEEKLY,38,10,28,9.1,26.3
KG,AFC,RCTM,MONTHLY,25,11,14,3.6,44.0
KG,AFC,SC,HALF YEARLY,1,0,1,121.0,0.0
KG,AFC,TOM,QUARTERLY,12,3,9,23.7,25.0
KG,AFC,TVM,BI-WEEKLY,198,62,136,8.2,31.3
KG,AFC,TVM,MONTHLY,118,48,70,5.2,40.7
KG,TELECOM,CCTV,QUARTERLY,372,308,64,-9.1,82.8
KG,TELECOM,EARTH PIT,QUARTERLY,7,2,5,7.3,28.6
KG,TELECOM,EPABX,MONTHLY,4,1,3,8.5,25.0
KG,TELECOM,EPABX,QUARTERLY,4,2,2,-13.2,50.0
KG,TELECOM,PAS/PIDS,MONTHLY,11,1,10,66.2,9.1
KG,TELECOM,PAS/PIDS,QUARTERLY,874,666,208,-12.4,76.2
KG,TELECOM,RADIO,MONTHLY,9,4,5,13.7,44.4
KG,TELECOM,SDH/MPLS,HALF YEARLY,1,1,0,-90.0,100.0
KG,TELECOM,SDH/MPLS,QUARTERLY,3,2,1,-7.0,66.7
KG,TELECOM,SMPS,HALF YEARLY,3,2,1,-98.3,66.7
KG,TELECOM,SMPS,MONTHLY,33,21,12,-0.3,63.6
KGM,AFC,AFC SWITCH,QUARTERLY,2,0,2,56.0,0.0
KGM,AFC,AVM,MONTHLY,48,12,36,58.6,25.0
KGM,AFC,EC,QUARTERLY,5,1,4,317.6,20.0
KGM,AFC,EFO,QUARTERLY,11,7,4,0.5,63.6
KGM,AFC,GATE,MONTHLY,547,307,240,5.2,56.1
KGM,AFC,SWING BARRIER,MONTHLY,4,0,4,65.5,0.0
KGM,AFC,TOM,QUARTERLY,58,46,12,-22.2,79.3
KGM,AFC,TVM,MONTHLY,53,38,15,1.9,71.7
KGM,TELECOM,CCTV,QUARTERLY,212,110,102,33.4,51.9
KGM,TELECOM,CLOCK,QUARTERLY,67,27,40,108.4,40.3
KGM,TELECOM,EPABX,MONTHLY,8,1,7,155.2,12.5
KGM,TELECOM,EPABX,QUARTERLY,55,27,28,6.4,49.1
KGM,TELECOM,PAS/PIDS,MONTHLY,18,11,7,41.8,61.1
KGM,TELECOM,PAS/PIDS,QUARTERLY,750,369,381,45.0,49.2
KGM,TELECOM,PAS/PIDS,YEARLY,1,0,1,206.0,0.0
KGM,TELECOM,RADIO,MONTHLY,17,6,11,27.0,35.3
KGM,TELECOM,SDH/MPLS,MONTHLY,3,0,3,139.3,0.0
KGM,TELECOM,SDH/MPLS,QUARTERLY,1,1,0,-31.0,100.0
KGM,TELECOM,SMPS,MONTHLY,43,29,14,2.4,67.4
KGM,TELECOM,TELE ROUTER,QUARTERLY,2,1,1,52.0,50.0
KGM,TELECOM,TELE SWITCH,QUARTERLY,8,4,4,2.8,50.0
KGR,AFC,AFC SWITCH,QUARTERLY,8,5,3,-5.6,62.5
KGR,AFC,AVM,MONTHLY,48,24,24,2.2,50.0
KGR,AFC,EC,HALF YEARLY,4,0,4,6.0,0.0
KGR,AFC,EC,QUARTERLY,8,5,3,-6.0,62.5
KGR,AFC,EFO,QUARTERLY,8,3,5,-2.5,37.5
KGR,AFC,EMERGENCY SWITCH,MONTHLY,7,6,1,-1.0,85.7
KGR,AFC,GATE,MONTHLY,292,149,143,1.9,51.0
KGR,AFC,SC,HALF YEARLY,1,1,0,-76.0,100.0
KGR,AFC,SWING BARRIER,MONTHLY,11,6,5,1.7,54.5
KGR,AFC,TOM,QUARTERLY,47,38,9,-24.5,80.9
KGR,IT,IT SWITCH,QUARTERLY,4,3,1,-42.5,75.0
KGR,TELECOM,CCTV,HALF YEARLY,27,0,27,37.0,0.0
KGR,TELECOM,CCTV,MONTHLY,25,15,10,-5.4,60.0
KGR,TELECOM,CCTV,QUARTERLY,300,196,104,-19.1,65.3
KGR,TELECOM,CLOCK,HALF YEARLY,5,0,5,96.4,0.0
KGR,TELECOM,CLOCK,QUARTERLY,57,31,26,-9.3,54.4
KGR,TELECOM,EARTH PIT,QUARTERLY,2,2,0,-41.0,100.0
KGR,TELECOM,EPABX,HALF YEARLY,12,4,8,-11.4,33.3
KGR,TELECOM,EPABX,MONTHLY,25,5,20,36.2,20.0
KGR,TELECOM,EPABX,QUARTERLY,18,8,10,-5.7,44.4
KGR,TELECOM,PAS/PIDS,HALF YEARLY,14,4,10,16.0,28.6
KGR,TELECOM,PAS/PIDS,MONTHLY,169,109,60,3.4,64.5
KGR,TELECOM,PAS/PIDS,QUARTERLY,441,226,215,1.4,51.2
KGR,TELECOM,RADIO,MONTHLY,8,2,6,12.0,25.0
KGR,TELECOM,SDH/MPLS,QUARTERLY,2,0,2,78.0,0.0
KGR,TELECOM,SMPS,MONTHLY,24,10,14,12.0,41.7
KGR,TELECOM,TELE SWITCH,QUARTERLY,4,0,4,36.0,0.0
KGR,TELECOM,TER ROOM,MONTHLY,1,1,0,1.0,100.0
KGR,TELECOM,UPS,MONTHLY,22,10,12,6.9,45.5
KHCY,AFC,AFC ROUTER,QUARTERLY,1,0,1,103.0,0.0
KHCY,AFC,AFC SWITCH,QUARTERLY,6,3,3,67.7,50.0
KHCY,AFC,AVM,MONTHLY,23,14,9,1.1,60.9
KHCY,AFC,EC,QUARTERLY,6,2,4,38.0,33.3
KHCY,AFC,EFO,QUARTERLY,6,2,4,57.2,33.3
KHCY,AFC,EMERGENCY SWITCH,MONTHLY,11,4,7,15.2,36.4
KHCY,AFC,GATE,MONTHLY,173,92,81,6.4,53.2
KHCY,AFC,SWING BARRIER,MONTHLY,9,1,8,25.2,11.1
KHCY,AFC,TVM,BI-WEEKLY,265,233,32,-0.7,87.9
KHCY,AFC,TVM,MONTHLY,120,112,8,-1.7,93.3
KHCY,TELECOM,CCTV,QUARTERLY,74,4,70,172.8,5.4
KHCY,TELECOM,CLOCK,HALF YEARLY,2,0,2,16.0,0.0
KHCY,TELECOM,CLOCK,QUARTERLY,25,1,24,169.3,4.0
KHCY,TELECOM,EPABX,HALF YEARLY,2,2,0,-32.5,100.0
KHCY,TELECOM,EPABX,MONTHLY,28,12,16,31.9,42.9
KHCY,TELECOM,EPABX,QUARTERLY,4,2,2,23.2,50.0
KHCY,TELECOM,EPABX,YEARLY,1,1,0,-70.0,100.0
KHCY,TELECOM,PAS/PIDS,HALF YEARLY,9,0,9,73.0,0.0
KHCY,TELECOM,PAS/PIDS,QUARTERLY,138,0,138,259.3,0.0
KHCY,TELECOM,RADIO,MONTHLY,21,13,8,41.3,61.9
KHCY,TELECOM,SMPS,HALF YEARLY,4,2,2,-5.5,50.0
KHCY,TELECOM,SMPS,MONTHLY,29,12,17,2.3,41.4
KHCY,TELECOM,SMPS,YEARLY,2,2,0,-225.0,100.0
KHCY,TELECOM,TELE ROUTER,QUARTERLY,4,2,2,59.5,50.0
KHCY,TELECOM,TELE SWITCH,QUARTERLY,2,2,0,-70.0,100.0
KHCY,TELECOM,UPS,HALF YEARLY,7,7,0,-140.9,100.0
KHCY,TELECOM,UPS,MONTHLY,30,19,11,0.4,63.3
KHNA,AFC,AFC ROUTER,QUARTERLY,1,0,1,28.0,0.0
KHNA,AFC,AFC SWITCH,QUARTERLY,6,3,3,-11.5,50.0
KHNA,AFC,AVM,MONTHLY,6,2,4,27.0,33.3
KHNA,AFC,EC,QUARTERLY,2,2,0,-54.5,100.0
KHNA,AFC,EFO,QUARTERLY,4,2,2,-24.2,50.0
KHNA,AFC,EMERGENCY SWITCH,MONTHLY,2,0,2,55.5,0.0
KHNA,AFC,GATE,MONTHLY,108,60,48,5.6,55.6
KHNA,AFC,RCTM,BI-WEEKLY,16,6,10,15.9,37.5
KHNA,AFC,RCTM,MONTHLY,10,5,5,16.5,50.0
KHNA,AFC,SWING BARRIER,MONTHLY,1,0,1,87.0,0.0
KHNA,AFC,TOM,QUARTERLY,8,4,4,-24.2,50.0
KHNA,AFC,TVM,BI-WEEKLY,54,24,30,12.6,44.4
KHNA,AFC,TVM,MONTHLY,21,9,12,36.4,42.9
KHNA,TELECOM,CCTV,QUARTERLY,369,297,72,-36.8,80.5
KHNA,TELECOM,CLOCK,HALF YEARLY,2,2,0,-83.0,100.0
KHNA,TELECOM,CLOCK,QUARTERLY,40,34,6,-45.4,85.0
KHNA,TELECOM,EARTH PIT,QUARTERLY,4,4,0,-35.0,100.0
KHNA,TELECOM,EPABX,HALF YEARLY,1,1,0,-55.0,100.0
KHNA,TELECOM,EPABX,QUARTERLY,38,37,1,-69.7,97.4
KHNA,TELECOM,PAS/PIDS,HALF YEARLY,15,15,0,-170.7,100.0
KHNA,TELECOM,PAS/PIDS,MONTHLY,26,22,4,-6.2,84.6
KHNA,TELECOM,PAS/PIDS,QUARTERLY,344,297,47,-47.7,86.3
KHNA,TELECOM,RADIO,MONTHLY,2,0,2,182.0,0.0
KHNA,TELECOM,RADIO,QUARTERLY,1,1,0,-15.0,100.0
KHNA,TELECOM,SMPS,MONTHLY,35,23,12,-3.4,65.7
KIKD,IT,IT SWITCH,QUARTERLY,7,3,4,0.1,42.9
KIKD,TELECOM,CCTV,HALF YEARLY,3,3,0,-162.0,100.0
KIKD,TELECOM,CCTV,QUARTERLY,18,5,13,100.9,27.8
KIKD,TELECOM,CLOCK,HALF YEARLY,2,2,0,-49.0,100.0
KIKD,TELECOM,CLOCK,QUARTERLY,2,0,2,41.0,0.0
KIKD,TELECOM,EARTH PIT,QUARTERLY,4,2,2,-27.5,50.0
KIKD,TELECOM,EPABX,HALF YEARLY,3,0,3,80.0,0.0
KIKD,TELECOM,EPABX,MONTHLY,14,1,13,142.0,7.1
KIKD,TELECOM,EPABX,QUARTERLY,16,10,6,-18.1,62.5
KIKD,TELECOM,NETWORKING,QUARTERLY,2,2,0,-90.0,100.0
KIKD,TELECOM,PAS/PIDS,HALF YEARLY,8,0,8,19.0,0.0
KIKD,TELECOM,PAS/PIDS,MONTHLY,34,2,32,24.6,5.9
KIKD,TELECOM,PAS/PIDS,QUARTERLY,98,48,50,38.8,49.0
KIKD,TELECOM,RADIO,HALF YEARLY,1,0,1,114.0,0.0
KIKD,TELECOM,RADIO,MONTHLY,14,5,9,36.2,35.7
KIKD,TELECOM,SDH/MPLS,QUARTERLY,1,0,1,86.0,0.0
KIKD,TELECOM,SMPS,HALF YEARLY,2,2,0,-17.0,100.0
KIKD,TELECOM,SMPS,MONTHLY,39,25,14,-6.3,64.1
KIKJ,AFC,AVM,MONTHLY,20,8,12,17.2,40.0
KIKJ,AFC,EFO,QUARTERLY,2,0,2,213.0,0.0
KIKJ,AFC,GATE,MONTHLY,102,44,58,23.2,43.1
KIKJ,AFC,RCTM,BI-WEEKLY,17,5,12,13.1,29.4
KIKJ,AFC,RCTM,MONTHLY,12,7,5,8.4,58.3
KIKJ,AFC,SC,HALF YEARLY,3,3,0,-106.3,100.0
KIKJ,AFC,SWING BARRIER,MONTHLY,8,4,4,29.0,50.0
KIKJ,AFC,TOM,QUARTERLY,1,0,1,213.0,0.0
KIKJ,AFC,TVM,BI-WEEKLY,72,24,48,12.2,33.3
KIKJ,AFC,TVM,MONTHLY,52,32,20,5.5,61.5
KIKJ,TELECOM,CCTV,QUARTERLY,178,117,61,26.8,65.7
KIKJ,TELECOM,CLOCK,HALF YEARLY,1,1,0,-53.0,100.0
KIKJ,TELECOM,CLOCK,QUARTERLY,10,7,3,1.5,70.0
KIKJ,TELECOM,EPABX,MONTHLY,44,22,22,63.0,50.0
KIKJ,TELECOM,EPABX,QUARTERLY,8,7,1,-1.4,87.5
KIKJ,TELECOM,PAS/PIDS,MONTHLY,375,167,208,75.8,44.5
KIKJ,TELECOM,PAS/PIDS,QUARTERLY,35,6,29,-2.3,17.1
KIKJ,TELECOM,RADIO,MONTHLY,10,5,5,14.7,50.0
KIKJ,TELECOM,SDH/MPLS,HALF YEARLY,3,3,0,-125.3,100.0
KIKJ,TELECOM,SDH/MPLS,QUARTERLY,2,1,1,-8.0,50.0
KIKJ,TELECOM,SMPS,HALF YEARLY,2,0,2,28.0,0.0
KIKJ,TELECOM,SMPS,MONTHLY,27,13,14,4.2,48.1
KIKJ,TELECOM,UPS,MONTHLY,6,0,6,96.7,0.0
KJKS,AFC,AFC SWITCH,QUARTERLY,2,2,0,-90.0,100.0
KJKS,AFC,CSM,MONTHLY,2,2,0,-7.0,100.0
KJKS,AFC,EC,QUARTERLY,3,3,0,-90.0,100.0
KJKS,AFC,GATE,MONTHLY,12,6,6,-6.0,50.0
KJKS,TELECOM,CLOCK,MONTHLY,1,1,0,-27.0,100.0
KJKS,TELECOM,PAS/PIDS,MONTHLY,93,93,0,-29.8,100.0
KJKS,TELECOM,TER ROOM,MONTHLY,1,1,0,-16.0,100.0
KJMD6,AFC,AFC SWITCH,QUARTERLY,9,3,6,58.7,33.3
KJMD6,AFC,AVM,MONTHLY,8,4,4,6.0,50.0
KJMD6,AFC,EC,HALF YEARLY,1,1,0,-180.0,100.0
KJMD6,AFC,EC,QUARTERLY,3,3,0,-90.0,100.0
KJMD6,AFC,EMERGENCY SWITCH,MONTHLY,4,4,0,-7.5,100.0
KJMD6,AFC,GATE,MONTHLY,192,111,81,12.6,57.8
KJMD6,AFC,TOM,QUARTERLY,4,0,4,77.0,0.0
KJMD6,AFC,TVM,BI-WEEKLY,140,100,40,1.5,71.4
KJMD6,AFC,TVM,MONTHLY,80,65,15,-3.8,81.2
KJMD6,TELECOM,CCTV,QUARTERLY,131,90,41,-16.5,68.7
KJMD6,TELECOM,CLOCK,HALF YEARLY,5,3,2,-48.4,60.0
KJMD6,TELECOM,CLOCK,QUARTERLY,43,36,7,-41.8,83.7
KJMD6,TELECOM,EPABX,MONTHLY,20,8,12,3.6,40.0
KJMD6,TELECOM,EPABX,QUARTERLY,2,0,2,92.5,0.0
KJMD6,TELECOM,PAS/PIDS,MONTHLY,8,2,6,93.2,25.0
KJMD6,TELECOM,PAS/PIDS,QUARTERLY,478,333,145,-25.8,69.7
KJMD6,TELECOM,RADIO,MONTHLY,7,3,4,12.6,42.9
KJMD6,TELECOM,SDH/MPLS,HALF YEARLY,1,0,1,129.0,0.0
KJMD6,TELECOM,SDH/MPLS,QUARTERLY,1,1,0,-20.0,100.0
KJMD6,TELECOM,SMPS,HALF YEARLY,1,0,1,288.0,0.0
KJMD6,TELECOM,SMPS,MONTHLY,26,12,14,7.3,46.2
KJMD6,TELECOM,SMPS,YEARLY,2,2,0,-365.0,100.0
KJMD6,TELECOM,UPS,HALF YEARLY,4,4,0,-151.5,100.0
KJMD6,TELECOM,UPS,MONTHLY,29,18,11,3.4,62.1
KJMD8,AFC,AFC SWITCH,QUARTERLY,6,0,6,74.0,0.0
KJMD8,AFC,AVM,MONTHLY,15,5,10,85.6,33.3
KJMD8,AFC,EFO,QUARTERLY,12,6,6,-15.5,50.0
KJMD8,AFC,GATE,MONTHLY,108,67,41,3.2,62.0
KJMD8,AFC,RCTM,BI-WEEKLY,35,7,28,12.5,20.0
KJMD8,AFC,RCTM,MONTHLY,30,20,10,0.9,66.7
KJMD8,AFC,SC,HALF YEARLY,1,0,1,171.0,0.0
KJMD8,AFC,SWING BARRIER,MONTHLY,6,0,6,114.7,0.0
KJMD8,AFC,TOM,QUARTERLY,10,4,6,-0.6,40.0
KJMD8,AFC,TVM,BI-WEEKLY,80,10,70,15.0,12.5
KJMD8,AFC,TVM,MONTHLY,70,45,25,3.1,64.3
KJMD8,IT,IT SWITCH,QUARTERLY,4,4,0,-90.0,100.0
KJMD8,TELECOM,CCTV,QUARTERLY,255,102,153,20.9,40.0
KJMD8,TELECOM,CLOCK,HALF YEARLY,2,1,1,-47.0,50.0
KJMD8,TELECOM,CLOCK,QUARTERLY,1,0,1,184.0,0.0
KJMD8,TELECOM,EPABX,MONTHLY,3,0,3,96.0,0.0
KJMD8,TELECOM,EPABX,QUARTERLY,7,2,5,150.1,28.6
KJMD8,TELECOM,PAS/PIDS,HALF YEARLY,3,3,0,-81.3,100.0
KJMD8,TELECOM,PAS/PIDS,MONTHLY,107,0,107,161.3,0.0
KJMD8,TELECOM,PAS/PIDS,QUARTERLY,358,132,226,48.3,36.9
KJMD8,TELECOM,RADIO,MONTHLY,4,1,3,78.5,25.0
KJMD8,TELECOM,SDH/MPLS,HALF YEARLY,1,0,1,86.0,0.0
KJMD8,TELECOM,SDH/MPLS,QUARTERLY,1,0,1,176.0,0.0
KJMD8,TELECOM,SMPS,HALF YEARLY,2,0,2,171.0,0.0
KJMD8,TELECOM,SMPS,MONTHLY,29,19,10,-1.5,65.5
KKDA4,AFC,AFC SWITCH,QUARTERLY,6,3,3,68.5,50.0
KKDA4,AFC,AVM,MONTHLY,28,7,21,34.2,25.0
KKDA4,AFC,EC,HALF YEARLY,4,4,0,3.0,100.0
KKDA4,AFC,EFO,QUARTERLY,6,4,2,8.0,66.7
KKDA4,AFC,EMERGENCY SWITCH,MONTHLY,4,0,4,98.5,0.0
KKDA4,AFC,GATE,MONTHLY,123,71,52,-0.6,57.7
KKDA4,AFC,SWING BARRIER,MONTHLY,4,0,4,98.5,0.0
KKDA4,AFC,TVM,BI-WEEKLY,118,70,48,8.7,59.3
KKDA4,AFC,TVM,MONTHLY,96,60,36,-0.5,62.5
KKDA4,TELECOM,CCTV,HALF YEARLY,8,8,0,-52.2,100.0
KKDA4,TELECOM,CCTV,QUARTERLY,296,175,121,9.9,59.1
KKDA4,TELECOM,CLOCK,QUARTERLY,72,29,43,12.0,40.3
KKDA4,TELECOM,EARTH PIT,QUARTERLY,10,8,2,-10.6,80.0
KKDA4,TELECOM,EPABX,HALF YEARLY,4,4,0,-93.0,100.0
KKDA4,TELECOM,EPABX,MONTHLY,50,24,26,5.0,48.0
KKDA4,TELECOM,EPABX,QUARTERLY,5,5,0,-19.2,100.0
KKDA4,TELECOM,EPABX,YEARLY,1,1,0,-1.0,100.0
KKDA4,TELECOM,NETWORKING,QUARTERLY,10,8,2,-37.8,80.0
KKDA4,TELECOM,NETWORKING,YEARLY,2,2,0,-18.0,100.0
KKDA4,TELECOM,PAS/PIDS,HALF YEARLY,38,38,0,-44.7,100.0
KKDA4,TELECOM,PAS/PIDS,MONTHLY,25,11,14,5.0,44.0
KKDA4,TELECOM,PAS/PIDS,QUARTERLY,573,313,260,1.0,54.6
KKDA4,TELECOM,PAS/PIDS,YEARLY,9,9,0,-2.3,100.0
KKDA4,TELECOM,PEST CONTROL,MONTHLY,6,5,1,1.8,83.3
KKDA4,TELECOM,PEST CONTROL,QUARTERLY,1,1,0,0.0,100.0
KKDA4,TELECOM,RADIO,HALF YEARLY,2,2,0,-6.5,100.0
KKDA4,TELECOM,RADIO,MONTHLY,18,10,8,20.4,55.6
KKDA4,TELECOM,SDH/MPLS,HALF YEARLY,1,1,0,-5.0,100.0
KKDA4,TELECOM,SDH/MPLS,QUARTERLY,3,1,2,3.7,33.3
KKDA4,TELECOM,SMPS,HALF YEARLY,4,4,0,2.5,100.0
KKDA4,TELECOM,SMPS,MONTHLY,33,19,14,-0.7,57.6
KKDA4,TELECOM,UPS,MONTHLY,33,20,13,-2.1,60.6
KKDA4,TELECOM,UPS,YEARLY,2,2,0,-151.0,100.0
KKDA7,AFC,AFC ROUTER,QUARTERLY,1,0,1,96.0,0.0
KKDA7,AFC,AFC SWITCH,QUARTERLY,15,5,10,-6.0,33.3
KKDA7,AFC,AVM,MONTHLY,6,0,6,53.0,0.0
KKDA7,AFC,EC,QUARTERLY,6,3,3,13.5,50.0
KKDA7,AFC,EFO,QUARTERLY,6,4,2,-16.5,66.7
KKDA7,AFC,EMERGENCY SWITCH,MONTHLY,4,0,4,32.0,0.0
KKDA7,AFC,GATE,MONTHLY,60,32,28,3.4,53.3
KKDA7,AFC,RCTM,BI-WEEKLY,15,7,8,16.5,46.7
KKDA7,AFC,RCTM,MONTHLY,7,5,2,21.6,71.4
KKDA7,AFC,SC,HALF YEARLY,1,0,1,96.0,0.0
KKDA7,AFC,SWING BARRIER,MONTHLY,2,0,2,100.5,0.0
KKDA7,AFC,TOM,QUARTERLY,14,10,4,-24.3,71.4
KKDA7,AFC,TVM,BI-WEEKLY,96,51,45,14.1,53.1
KKDA7,AFC,TVM,MONTHLY,42,36,6,6.0,85.7
KKDA7,TELECOM,CCTV,HALF YEARLY,124,82,42,-41.9,66.1
KKDA7,TELECOM,CCTV,QUARTERLY,806,795,11,-50.9,98.6
KKDA7,TELECOM,CLOCK,HALF YEARLY,2,1,1,-1.0,50.0
KKDA7,TELECOM,CLOCK,QUARTERLY,162,149,13,-51.0,92.0
KKDA7,TELECOM,EPABX,HALF YEARLY,1,1,0,-24.0,100.0
KKDA7,TELECOM,EPABX,MONTHLY,20,0,20,85.7,0.0
KKDA7,TELECOM,EPABX,QUARTERLY,32,25,7,-47.0,78.1
KKDA7,TELECOM,PAS/PIDS,HALF YEARLY,42,28,14,-53.8,66.7
KKDA7,TELECOM,PAS/PIDS,MONTHLY,303,96,207,149.0,31.7
KKDA7,TELECOM,PAS/PIDS,QUARTERLY,1097,1017,80,-40.6,92.7
KKDA7,TELECOM,RADIO,MONTHLY,11,7,4,10.2,63.6
KKDA7,TELECOM,SDH/MPLS,QUARTERLY,2,1,1,14.0,50.0
KKDA7,TELECOM,SMPS,HALF YEARLY,4,0,4,39.0,0.0
KKDA7,TELECOM,SMPS,MONTHLY,38,26,12,-4.7,68.4
KKDA7,TELECOM,UPS,MONTHLY,11,2,9,47.5,18.2
KKDA7,TELECOM,UPS,YEARLY,1,1,0,-333.0,100.0
KKDC,AFC,AFC ROUTER,QUARTERLY,3,2,1,-30.3,66.7
KKDC,AFC,AFC SWITCH,QUARTERLY,20,20,0,-54.2,100.0
KKDC,AFC,AVM,MONTHLY,12,4,8,22.3,33.3
KKDC,AFC,EC,QUARTERLY,3,0,3,26.0,0.0
KKDC,AFC,EFO,QUARTERLY,10,8,2,-38.0,80.0
KKDC,AFC,EMERGENCY SWITCH,MONTHLY,8,4,4,9.2,50.0
KKDC,AFC,GATE,MONTHLY,158,128,30,-0.1,81.0
KKDC,AFC,RCTM,BI-WEEKLY,17,7,10,12.1,41.2
KKDC,AFC,RCTM,MONTHLY,10,8,2,15.8,80.0
KKDC,AFC,SWING BARRIER,MONTHLY,1,0,1,86.0,0.0
KKDC,AFC,TOM,QUARTERLY,12,10,2,-46.7,83.3
KKDC,AFC,TVM,BI-WEEKLY,72,32,40,11.4,44.4
KKDC,AFC,TVM,MONTHLY,36,28,8,19.3,77.8
KKDC,TELECOM,CCTV,HALF YEARLY,19,19,0,-155.7,100.0
KKDC,TELECOM,CCTV,QUARTERLY,543,446,97,-49.5,82.1
KKDC,TELECOM,CLOCK,QUARTERLY,72,58,14,-43.3,80.6
KKDC,TELECOM,EARTH PIT,QUARTERLY,4,4,0,-63.0,100.0
KKDC,TELECOM,EPABX,MONTHLY,4,0,4,24.0,0.0
KKDC,TELECOM,EPABX,QUARTERLY,35,31,4,-56.7,88.6
KKDC,TELECOM,PAS/PIDS,HALF YEARLY,2,2,0,-11.0,100.0
KKDC,TELECOM,PAS/PIDS,MONTHLY,94,0,94,206.2,0.0
KKDC,TELECOM,PAS/PIDS,QUARTERLY,1128,1046,82,-66.0,92.7
KKDC,TELECOM,RADIO,MONTHLY,4,0,4,73.5,0.0
KKDC,TELECOM,SDH/MPLS,QUARTERLY,2,1,1,0.5,50.0
KKDC,TELECOM,SMPS,HALF YEARLY,6,6,0,-108.0,100.0
KKDC,TELECOM,SMPS,MONTHLY,39,27,12,-6.9,69.2
KKDC,TELECOM,SMPS,YEARLY,2,2,0,-352.0,100.0
KKDC,TELECOM,UPS,HALF YEARLY,4,4,0,-180.0,100.0
KKDC,TELECOM,UPS,MONTHLY,9,3,6,59.0,33.3
KM,AFC,AFC ROUTER,QUARTERLY,1,0,1,59.0,0.0
KM,AFC,AFC SWITCH,QUARTERLY,6,6,0,-23.0,100.0
KM,AFC,AVM,MONTHLY,4,4,0,3.0,100.0
KM,AFC,EFO,QUARTERLY,9,7,2,-2.4,77.8
KM,AFC,EMERGENCY SWITCH,MONTHLY,2,2,0,3.0,100.0
KM,AFC,GATE,MONTHLY,209,107,102,1.3,51.2
KM,AFC,SC,HALF YEARLY,1,1,0,-166.0,100.0
KM,AFC,SWING BARRIER,MONTHLY,2,0,2,4.0,0.0
KM,AFC,TOM,QUARTERLY,4,3,1,8.5,75.0
KM,AFC,TVM,BI-WEEKLY,105,30,75,6.6,28.6
KM,AFC,TVM,MONTHLY,70,35,35,-0.5,50.0
KM,TELECOM,CCTV,QUARTERLY,165,66,99,30.4,40.0
KM,TELECOM,CLOCK,QUARTERLY,64,38,26,32.8,59.4
KM,TELECOM,EARTH PIT,QUARTERLY,16,12,4,-45.9,75.0
KM,TELECOM,EPABX,MONTHLY,3,1,2,96.0,33.3
KM,TELECOM,EPABX,QUARTERLY,3,1,2,9.0,33.3
KM,TELECOM,PAS/PIDS,HALF YEARLY,38,29,9,-44.4,76.3
KM,TELECOM,PAS/PIDS,MONTHLY,22,8,14,10.5,36.4
KM,TELECOM,PAS/PIDS,QUARTERLY,446,195,251,3.4,43.7
KM,TELECOM,PAS/PIDS,YEARLY,9,9,0,-310.0,100.0
KM,TELECOM,RADIO,HALF YEARLY,2,0,2,87.0,0.0
KM,TELECOM,RADIO,MONTHLY,14,6,8,31.9,42.9
KM,TELECOM,SDH/MPLS,MONTHLY,2,0,2,15.0,0.0
KM,TELECOM,SDH/MPLS,QUARTERLY,1,0,1,177.0,0.0
KM,TELECOM,SMPS,HALF YEARLY,2,0,2,94.0,0.0
KM,TELECOM,SMPS,MONTHLY,30,20,10,1.7,66.7
KM,TELECOM,TER ROOM,MONTHLY,1,1,0,-11.0,100.0
KM,TELECOM,UPS,HALF YEARLY,3,3,0,-147.3,100.0
KM,TELECOM,UPS,MONTHLY,31,22,9,0.9,71.0
KN,AFC,AFC SWITCH,QUARTERLY,15,7,8,-10.2,46.7
KN,AFC,AVM,MONTHLY,94,58,36,1.6,61.7
KN,AFC,EC,HALF YEARLY,3,3,0,3.0,100.0
KN,AFC,EC,QUARTERLY,17,13,4,-13.2,76.5
KN,AFC,EFO,QUARTERLY,5,1,4,13.6,20.0
KN,AFC,EMERGENCY SWITCH,MONTHLY,7,4,3,3.1,57.1
KN,AFC,GATE,MONTHLY,217,114,103,1.6,52.5
KN,AFC,SWING BARRIER,MONTHLY,48,26,22,1.2,54.2
KN,AFC,TOM,QUARTERLY,18,7,11,32.5,38.9
KN,AFC,TVM,BI-WEEKLY,25,10,15,16.0,40.0
KN,AFC,TVM,MONTHLY,121,71,50,1.8,58.7
KN,IT,IT SWITCH,QUARTERLY,1,1,0,-5.0,100.0
KN,TELECOM,CCTV,HALF YEARLY,26,17,9,-46.0,65.4
KN,TELECOM,CCTV,MONTHLY,7,5,2,-5.0,71.4
KN,TELECOM,CCTV,QUARTERLY,126,93,33,-1.7,73.8
KN,TELECOM,CLOCK,QUARTERLY,56,35,21,7.2,62.5
KN,TELECOM,EPABX,HALF YEARLY,1,1,0,-75.0,100.0
KN,TELECOM,EPABX,MONTHLY,58,36,22,1.1,62.1
KN,TELECOM,EPABX,QUARTERLY,15,12,3,-28.1,80.0
KN,TELECOM,PAS/PIDS,HALF YEARLY,14,10,4,6.9,71.4
KN,TELECOM,PAS/PIDS,QUARTERLY,415,253,162,20.1,61.0
KN,TELECOM,RADIO,MONTHLY,17,10,7,12.4,58.8
KN,TELECOM,SDH/MPLS,QUARTERLY,1,1,0,0.0,100.0
KN,TELECOM,SDH/MPLS,YEARLY,1,1,0,-330.0,100.0
KN,TELECOM,SMPS,HALF YEARLY,2,0,2,303.0,0.0
KN,TELECOM,SMPS,MONTHLY,35,14,21,13.0,40.0
KN,TELECOM,TELE SWITCH,QUARTERLY,2,0,2,71.0,0.0
KN,TELECOM,UPS,MONTHLY,44,25,19,1.8,56.8
KNR3,AFC,AFC SWITCH,QUARTERLY,18,12,6,-21.8,66.7
KNR3,AFC,AVM,MONTHLY,20,5,15,51.5,25.0
KNR3,AFC,EC,HALF YEARLY,3,0,3,10.0,0.0
KNR3,AFC,EC,QUARTERLY,1,0,1,51.0,0.0
KNR3,AFC,EFO,QUARTERLY,4,2,2,12.2,50.0
KNR3,AFC,GATE,MONTHLY,147,90,57,-1.7,61.2
KNR3,AFC,SWING BARRIER,MONTHLY,3,2,1,-7.7,66.7
KNR3,AFC,TOM,QUARTERLY,5,4,1,-8.2,80.0
KNR3,AFC,TVM,BI-WEEKLY,128,92,36,2.7,71.9
KNR3,AFC,TVM,MONTHLY,85,64,21,-4.8,75.3
KNR3,TELECOM,CCTV,MONTHLY,8,4,4,3.5,50.0
KNR3,TELECOM,CCTV,QUARTERLY,169,93,76,13.6,55.0
KNR3,TELECOM,CLOCK,HALF YEARLY,6,5,1,-46.2,83.3
KNR3,TELECOM,CLOCK,QUARTERLY,31,10,21,57.8,32.3
KNR3,TELECOM,CLOCK,YEARLY,4,4,0,-260.2,100.0
KNR3,TELECOM,EPABX,HALF YEARLY,2,1,1,21.5,50.0
KNR3,TELECOM,EPABX,MONTHLY,55,24,31,5.7,43.6
KNR3,TELECOM,EPABX,QUARTERLY,4,2,2,2.0,50.0
KNR3,TELECOM,EPABX,YEARLY,3,1,2,-4.3,33.3
KNR3,TELECOM,PAS/PIDS,HALF YEARLY,45,19,26,-43.9,42.2
KNR3,TELECOM,PAS/PIDS,MONTHLY,16,9,7,19.2,56.2
KNR3,TELECOM,PAS/PIDS,QUARTERLY,117,77,40,-12.7,65.8
KNR3,TELECOM,PAS/PIDS,YEARLY,38,38,0,-206.8,100.0
KNR3,TELECOM,RADIO,MONTHLY,15,7,8,3.3,46.7
KNR3,TELECOM,SMPS,HALF YEARLY,4,2,2,5.0,50.0
KNR3,TELECOM,SMPS,MONTHLY,32,16,16,1.1,50.0
KNR3,TELECOM,TELE SWITCH,HALF YEARLY,2,0,2,56.0,0.0
KNR3,TELECOM,TELE SWITCH,QUARTERLY,8,4,4,2.0,50.0
KNR5,TELECOM,CCTV,QUARTERLY,63,54,9,-23.9,85.7
KNR5,TELECOM,CLOCK,QUARTERLY,5,1,4,22.8,20.0
KNR5,TELECOM,EARTH PIT,QUARTERLY,4,2,2,2.5,50.0
KNR5,TELECOM,EPABX,MONTHLY,20,16,4,11.2,80.0
KNR5,TELECOM,PAS/PIDS,HALF YEARLY,8,8,0,-40.0,100.0
KNR5,TELECOM,PAS/PIDS,MONTHLY,24,22,2,-9.6,91.7
KNR5,TELECOM,PAS/PIDS,QUARTERLY,141,126,15,-59.4,89.4
KNR5,TELECOM,PEST CONTROL,MONTHLY,5,3,2,11.2,60.0
KNR5,TELECOM,RADIO,MONTHLY,4,2,2,21.5,50.0
KNR5,TELECOM,SDH/MPLS,QUARTERLY,2,2,0,-65.0,100.0
KNR5,TELECOM,SMPS,MONTHLY,13,7,6,2.3,53.8
KNR5,TELECOM,TELE ROUTER,QUARTERLY,2,2,0,-36.0,100.0
KNR5,TELECOM,TELE SWITCH,QUARTERLY,2,2,0,-36.0,100.0
KP,AFC,AFC SWITCH,QUARTERLY,6,2,4,19.7,33.3
KP,AFC,AVM,MONTHLY,50,28,22,3.8,56.0
KP,AFC,EC,HALF YEARLY,7,3,4,-11.9,42.9
KP,AFC,EC,QUARTERLY,21,10,11,-1.9,47.6
KP,AFC,EFO,QUARTERLY,6,2,4,8.0,33.3
KP,AFC,EMERGENCY SWITCH,MONTHLY,6,2,4,3.8,33.3
KP,AFC,GATE,MONTHLY,202,126,76,-0.6,62.4
KP,AFC,SC,HALF YEARLY,2,2,0,-162.5,100.0
KP,AFC,SWING BARRIER,MONTHLY,24,15,9,1.0,62.5
KP,AFC,TOM,QUARTERLY,7,3,4,-6.0,42.9
KP,AFC,TVM,BI-WEEKLY,23,9,14,61.3,39.1
KP,AFC,TVM,MONTHLY,75,42,33,-0.3,56.0
KP,IT,IT SWITCH,QUARTERLY,4,3,1,-39.0,75.0
KP,TELECOM,CCTV,HALF YEARLY,10,0,10,180.5,0.0
KP,TELECOM,CCTV,MONTHLY,9,5,4,-2.0,55.6
KP,TELECOM,CCTV,QUARTERLY,129,58,71,22.1,45.0
KP,TELECOM,CLOCK,HALF YEARLY,1,0,1,120.0,0.0
KP,TELECOM,CLOCK,QUARTERLY,71,43,28,10.3,60.6
KP,TELECOM,EPABX,HALF YEARLY,1,0,1,156.0,0.0
KP,TELECOM,EPABX,MONTHLY,67,38,29,5.5,56.7
KP,TELECOM,EPABX,QUARTERLY,17,15,2,-54.0,88.2
KP,TELECOM,PAS/PIDS,HALF YEARLY,22,15,7,-6.5,68.2
KP,TELECOM,PAS/PIDS,QUARTERLY,422,259,163,9.5,61.4
KP,TELECOM,PAS/PIDS,YEARLY,1,1,0,-211.0,100.0
KP,TELECOM,RADIO,MONTHLY,15,8,7,2.7,53.3
KP,TELECOM,SDH/MPLS,HALF YEARLY,1,0,1,44.0,0.0
KP,TELECOM,SDH/MPLS,QUARTERLY,2,2,0,-83.5,100.0
KP,TELECOM,SMPS,HALF YEARLY,5,3,2,27.2,60.0
KP,TELECOM,SMPS,MONTHLY,39,25,14,3.8,64.1
KP,TELECOM,TELE SWITCH,HALF YEARLY,2,0,2,156.0,0.0
KP,TELECOM,TELE SWITCH,QUARTERLY,6,2,4,22.0,33.3
KP,TELECOM,UPS,HALF YEARLY,1,0,1,22.0,0.0
KP,TELECOM,UPS,MONTHLY,42,24,18,2.0,57.1
KP,TELECOM,UPS,YEARLY,2,2,0,-365.0,100.0
KPD,TELECOM,CLOCK,HALF YEARLY,1,1,0,-172.0,100.0
KPD,TELECOM,CLOCK,QUARTERLY,1,0,1,34.0,0.0
KPD,TELECOM,EPABX,HALF YEARLY,1,1,0,-53.0,100.0
KPD,TELECOM,EPABX,QUARTERLY,3,2,1,36.7,66.7
KPD,TELECOM,RADIO,MONTHLY,7,3,4,25.7,42.9
KPD,TELECOM,SMPS,HALF YEARLY,4,2,2,16.5,50.0
KPD,TELECOM,SMPS,MONTHLY,20,11,9,16.3,55.0
KPEN,AFC,CSM,MONTHLY,11,1,10,92.5,9.1
KPEN,AFC,EFO,QUARTERLY,8,4,4,19.0,50.0
KPEN,AFC,GATE,MONTHLY,64,24,40,15.2,37.5
KPEN,AFC,SWING BARRIER,MONTHLY,8,2,6,26.2,25.0
KPEN,AFC,TIM,BI-WEEKLY,24,0,24,50.7,0.0
KPEN,AFC,TIM,MONTHLY,36,12,24,15.7,33.3
KPEN,AFC,TOM,QUARTERLY,10,6,4,-2.8,60.0
KPEN,TELECOM,CCTV,QUARTERLY,21,14,7,-15.0,66.7
KPEN,TELECOM,CLOCK,QUARTERLY,19,1,18,123.3,5.3
KPEN,TELECOM,EPABX,MONTHLY,68,20,48,121.9,29.4
KPEN,TELECOM,EPABX,QUARTERLY,14,0,14,135.0,0.0
KPEN,TELECOM,PAS/PIDS,QUARTERLY,5,2,3,25.6,40.0
KPEN,TELECOM,RADIO,MONTHLY,7,2,5,149.9,28.6
KSHI,AFC,AFC SWITCH,QUARTERLY,6,3,3,45.0,50.0
KSHI,AFC,AVM,MONTHLY,42,21,21,14.0,50.0
KSHI,AFC,EC,HALF YEARLY,10,10,0,-45.0,100.0
KSHI,AFC,EFO,QUARTERLY,8,6,2,17.2,75.0
KSHI,AFC,EMERGENCY SWITCH,MONTHLY,4,2,2,105.0,50.0
KSHI,AFC,GATE,MONTHLY,195,144,51,1.8,73.8
KSHI,AFC,SC,HALF YEARLY,2,2,0,-22.0,100.0
KSHI,AFC,SWING BARRIER,MONTHLY,4,0,4,109.0,0.0
KSHI,AFC,TOM,QUARTERLY,12,6,6,20.0,50.0
KSHI,AFC,TVM,BI-WEEKLY,32,12,20,13.0,37.5
KSHI,AFC,TVM,MONTHLY,26,14,12,7.1,53.8
KSHI,TELECOM,CCTV,QUARTERLY,251,143,108,7.6,57.0
KSHI,TELECOM,CLOCK,HALF YEARLY,2,0,2,196.0,0.0
KSHI,TELECOM,CLOCK,QUARTERLY,51,4,47,43.3,7.8
KSHI,TELECOM,EPABX,MONTHLY,30,22,8,0.3,73.3
KSHI,TELECOM,EPABX,QUARTERLY,4,1,3,25.0,25.0
KSHI,TELECOM,EPABX,YEARLY,1,1,0,-5.0,100.0
KSHI,TELECOM,NETWORKING,QUARTERLY,2,1,1,22.0,50.0
KSHI,TELECOM,PAS/PIDS,HALF YEARLY,22,15,7,7.1,68.2
KSHI,TELECOM,PAS/PIDS,QUARTERLY,441,178,263,-0.0,40.4
KSHI,TELECOM,PAS/PIDS,YEARLY,6,6,0,-71.5,100.0
KSHI,TELECOM,RADIO,MONTHLY,12,6,6,8.0,50.0
KSHI,TELECOM,SDH/MPLS,HALF YEARLY,3,2,1,-56.3,66.7
KSHI,TELECOM,SDH/MPLS,QUARTERLY,1,1,0,-7.0,100.0
KSHI,TELECOM,SMPS,HALF YEARLY,4,2,2,5.0,50.0
KSHI,TELECOM,SMPS,MONTHLY,31,17,14,1.5,54.8
KSHI,TELECOM,TELE SWITCH,HALF YEARLY,2,0,2,9.0,0.0
KSHI,TELECOM,TELE SWITCH,QUARTERLY,4,3,1,27.5,75.0
KSHI,TELECOM,UPS,HALF YEARLY,7,7,0,-154.0,100.0
KSHI,TELECOM,UPS,MONTHLY,32,18,14,-0.2,56.2
LJPN6,AFC,AFC SWITCH,QUARTERLY,1,0,1,197.0,0.0
LJPN6,AFC,GATE,MONTHLY,76,18,58,16.4,23.7
LJPN6,AFC,TVM,BI-WEEKLY,175,77,98,4.0,44.0
LJPN6,AFC,TVM,MONTHLY,98,63,35,2.1,64.3
LJPN6,TELECOM,EPABX,MONTHLY,6,0,6,101.5,0.0
LJPN6,TELECOM,EPABX,QUARTERLY,6,6,0,-38.0,100.0
LJPN6,TELECOM,PAS/PIDS,MONTHLY,116,30,86,38.2,25.9
LJPN6,TELECOM,RADIO,MONTHLY,12,8,4,10.0,66.7
LJPN6,TELECOM,SMPS,MONTHLY,18,12,6,-8.6,66.7
LJPN7,AFC,AFC ROUTER,QUARTERLY,3,2,1,-6.0,66.7
LJPN7,AFC,AFC SWITCH,QUARTERLY,17,12,5,-21.2,70.6
LJPN7,AFC,AVM,MONTHLY,16,4,12,54.2,25.0
LJPN7,AFC,CSM,MONTHLY,1,1,0,-12.0,100.0
LJPN7,AFC,EC,QUARTERLY,5,0,5,39.0,0.0
LJPN7,AFC,EFO,QUARTERLY,4,3,1,-26.5,75.0
LJPN7,AFC,EMERGENCY SWITCH,MONTHLY,4,0,4,105.5,0.0
LJPN7,AFC,GATE,MONTHLY,136,66,70,2.6,48.5
LJPN7,AFC,RCTM,BI-WEEKLY,35,28,7,9.4,80.0
LJPN7,AFC,RCTM,MONTHLY,5,4,1,0.4,80.0
LJPN7,AFC,SCVM,BI-WEEKLY,29,24,5,2.2,82.8
LJPN7,AFC,SCVM,MONTHLY,9,6,3,23.9,66.7
LJPN7,AFC,SWING BARRIER,MONTHLY,7,2,5,55.6,28.6
LJPN7,AFC,TOM,QUARTERLY,4,2,2,4.2,50.0
LJPN7,AFC,TVM,BI-WEEKLY,96,78,18,1.6,81.2
LJPN7,AFC,TVM,MONTHLY,15,12,3,0.4,80.0
LJPN7,TELECOM,CCTV,HALF YEARLY,84,42,42,-58.5,50.0
LJPN7,TELECOM,CCTV,QUARTERLY,210,163,47,-0.7,77.6
LJPN7,TELECOM,CLOCK,QUARTERLY,25,14,11,34.1,56.0
LJPN7,TELECOM,EPABX,MONTHLY,52,26,26,40.0,50.0
LJPN7,TELECOM,EPABX,QUARTERLY,59,30,29,-14.3,50.8
LJPN7,TELECOM,PAS/PIDS,HALF YEARLY,17,3,14,36.5,17.6
LJPN7,TELECOM,PAS/PIDS,QUARTERLY,402,264,138,-10.1,65.7
LJPN7,TELECOM,PAS/PIDS,YEARLY,5,5,0,-365.0,100.0
LJPN7,TELECOM,RADIO,MONTHLY,45,31,14,0.6,68.9
LJPN7,TELECOM,SDH/MPLS,QUARTERLY,3,3,0,-25.7,100.0
LJPN7,TELECOM,SMPS,HALF YEARLY,4,2,2,3.0,50.0
LJPN7,TELECOM,SMPS,MONTHLY,20,10,10,11.1,50.0
LLQA,AFC,AFC ROUTER,QUARTERLY,1,1,0,-68.0,100.0
LLQA,AFC,AFC SWITCH,QUARTERLY,18,8,10,-4.6,44.4
LLQA,AFC,EFO,QUARTERLY,10,7,3,-27.6,70.0
LLQA,AFC,GATE,MONTHLY,204,108,96,8.2,52.9
LLQA,AFC,RCTM,BI-WEEKLY,39,11,28,8.2,28.2
LLQA,AFC,RCTM,MONTHLY,26,14,12,2.3,53.8
LLQA,AFC,TOM,QUARTERLY,30,20,10,-19.3,66.7
LLQA,AFC,TVM,BI-WEEKLY,113,29,84,9.0,25.7
LLQA,AFC,TVM,MONTHLY,69,33,36,5.9,47.8
LLQA,TELECOM,CCTV,HALF YEARLY,13,0,13,59.0,0.0
LLQA,TELECOM,CCTV,QUARTERLY,205,152,53,-8.3,74.1
LLQA,TELECOM,EARTH PIT,QUARTERLY,8,6,2,-23.5,75.0
LLQA,TELECOM,EPABX,HALF YEARLY,1,0,1,107.0,0.0
LLQA,TELECOM,EPABX,MONTHLY,4,2,2,47.0,50.0
LLQA,TELECOM,EPABX,QUARTERLY,7,5,2,-36.0,71.4
LLQA,TELECOM,PAS/PIDS,HALF YEARLY,2,0,2,155.0,0.0
LLQA,TELECOM,PAS/PIDS,MONTHLY,5,1,4,53.8,20.0
LLQA,TELECOM,PAS/PIDS,QUARTERLY,611,405,206,-0.2,66.3
LLQA,TELECOM,RADIO,MONTHLY,9,2,7,32.4,22.2
LLQA,TELECOM,SDH/MPLS,QUARTERLY,2,1,1,26.0,50.0
LLQA,TELECOM,SMPS,MONTHLY,32,22,10,0.6,68.8
LLQA,TELECOM,UPS,HALF YEARLY,5,5,0,-89.4,100.0
LLQA,TELECOM,UPS,MONTHLY,29,19,10,3.4,65.5
LLQA,TELECOM,UPS,YEARLY,2,2,0,-279.0,100.0
LN,AFC,AFC SWITCH,QUARTERLY,10,6,4,-2.1,60.0
LN,AFC,AVM,MONTHLY,33,0,33,33.3,0.0
LN,AFC,EC,QUARTERLY,4,4,0,-40.0,100.0
LN,AFC,EMERGENCY SWITCH,MONTHLY,3,1,2,6.0,33.3
LN,AFC,GATE,MONTHLY,232,107,125,13.2,46.1
LN,AFC,SWING BARRIER,MONTHLY,2,0,2,139.0,0.0
LN,AFC,TOM,QUARTERLY,31,25,6,-20.7,80.6
LN,AFC,TVM,BI-WEEKLY,42,26,16,6.4,61.9
LN,AFC,TVM,MONTHLY,26,14,12,3.0,53.8
LN,IT,IT SWITCH,QUARTERLY,1,0,1,72.0,0.0
LN,TELECOM,CCTV,HALF YEARLY,22,22,0,-159.0,100.0
LN,TELECOM,CCTV,QUARTERLY,135,87,48,0.4,64.4
LN,TELECOM,CCTV,YEARLY,2,2,0,-328.0,100.0
LN,TELECOM,CLOCK,HALF YEARLY,1,0,1,192.0,0.0
LN,TELECOM,CLOCK,QUARTERLY,33,24,9,10.2,72.7
LN,TELECOM,EPABX,HALF YEARLY,2,1,1,6.0,50.0
LN,TELECOM,EPABX,MONTHLY,21,11,10,19.2,52.4
LN,TELECOM,EPABX,QUARTERLY,1,0,1,117.0,0.0
LN,TELECOM,EPABX,YEARLY,1,0,1,20.0,0.0
LN,TELECOM,NETWORKING,QUARTERLY,2,1,1,2.0,50.0
LN,TELECOM,PAS/PIDS,HALF YEARLY,10,6,4,-4.2,60.0
LN,TELECOM,PAS/PIDS,QUARTERLY,647,448,199,-5.9,69.2
LN,TELECOM,PEST CONTROL,MONTHLY,1,0,1,13.0,0.0
LN,TELECOM,RADIO,MONTHLY,9,3,6,28.0,33.3
LN,TELECOM,SDH/MPLS,HALF YEARLY,1,0,1,15.0,0.0
LN,TELECOM,SDH/MPLS,QUARTERLY,1,0,1,10.0,0.0
LN,TELECOM,SDH/MPLS,YEARLY,1,1,0,-365.0,100.0
LN,TELECOM,SMPS,HALF YEARLY,2,0,2,198.0,0.0
LN,TELECOM,SMPS,MONTHLY,27,15,12,4.3,55.6
LN,TELECOM,TELE SWITCH,HALF YEARLY,3,1,2,-4.0,33.3
LN,TELECOM,TELE SWITCH,YEARLY,2,0,2,7.0,0.0
MAPR,AFC,GATE,MONTHLY,6,6,0,-10.0,100.0
MAPR,AFC,TOM,QUARTERLY,2,2,0,-25.0,100.0
MAPR,AFC,TVM,MONTHLY,12,8,4,2.2,66.7
MAPR,TELECOM,CCTV,QUARTERLY,48,30,18,15.5,62.5
MAPR,TELECOM,CLOCK,QUARTERLY,22,16,6,-17.7,72.7
MAPR,TELECOM,PAS/PIDS,QUARTERLY,95,64,31,-10.1,67.4
MAPR,TELECOM,PAS/PIDS,YEARLY,1,1,0,-277.0,100.0
MAPR,TELECOM,SDH/MPLS,QUARTERLY,1,0,1,8.0,0.0
MAPR,TELECOM,SMPS,MONTHLY,14,6,8,1.6,42.9
MAPR,TELECOM,TELE ROUTER,QUARTERLY,2,0,2,8.0,0.0
MAPR,TELECOM,TELE SWITCH,QUARTERLY,2,0,2,8.0,0.0
MAPR,TELECOM,UPS,MONTHLY,12,6,6,8.6,50.0
MDHS3,AFC,AVM,MONTHLY,3,0,3,70.0,0.0
MDHS3,AFC,EC,QUARTERLY,3,0,3,10.0,0.0
MDHS3,AFC,EFO,QUARTERLY,1,0,1,149.0,0.0
MDHS3,AFC,EMERGENCY SWITCH,MONTHLY,1,0,1,70.0,0.0
MDHS3,AFC,GATE,MONTHLY,40,17,23,39.8,42.5
MDHS3,AFC,TOM,QUARTERLY,1,1,0,-42.0,100.0
MDHS3,AFC,TVM,BI-WEEKLY,60,28,32,11.9,46.7
MDHS3,AFC,TVM,MONTHLY,12,4,8,59.7,33.3
MDHS3,TELECOM,CCTV,QUARTERLY,34,34,0,-74.8,100.0
MDHS3,TELECOM,CLOCK,QUARTERLY,15,11,4,-45.5,73.3
MDHS3,TELECOM,PAS/PIDS,QUARTERLY,68,68,0,-82.3,100.0
MDHS3,TELECOM,SMPS,MONTHLY,2,0,2,156.0,0.0
MDHS3,TELECOM,UPS,MONTHLY,2,0,2,52.5,0.0
MDHS6,AFC,AFC ROUTER,QUARTERLY,1,0,1,19.0,0.0
MDHS6,AFC,AFC SWITCH,QUARTERLY,9,6,3,-25.8,66.7
MDHS6,AFC,EFO,QUARTERLY,2,1,1,-2.5,50.0
MDHS6,AFC,GATE,MONTHLY,24,0,24,25.0,0.0
MDHS6,AFC,RCTM,MONTHLY,11,5,6,9.9,45.5
MDHS6,AFC,TOM,QUARTERLY,4,2,2,-2.5,50.0
MDHS6,AFC,TVM,BI-WEEKLY,32,2,30,13.4,6.2
MDHS6,AFC,TVM,MONTHLY,24,12,12,6.6,50.0
MDHS6,TELECOM,CCTV,HALF YEARLY,43,43,0,-19.0,100.0
MDHS6,TELECOM,CCTV,QUARTERLY,119,0,119,100.1,0.0
MDHS6,TELECOM,CLOCK,HALF YEARLY,2,0,2,58.0,0.0
MDHS6,TELECOM,CLOCK,QUARTERLY,8,2,6,78.2,25.0
MDHS6,TELECOM,EPABX,HALF YEARLY,2,2,0,-61.0,100.0
MDHS6,TELECOM,EPABX,MONTHLY,5,2,3,14.8,40.0
MDHS6,TELECOM,EPABX,QUARTERLY,2,1,1,11.0,50.0
MDHS6,TELECOM,PAS/PIDS,HALF YEARLY,13,10,3,-109.6,76.9
MDHS6,TELECOM,PAS/PIDS,MONTHLY,15,4,11,16.4,26.7
MDHS6,TELECOM,PAS/PIDS,QUARTERLY,169,3,166,104.1,1.8
MDHS6,TELECOM,RADIO,MONTHLY,9,2,7,13.8,22.2
MDHS6,TELECOM,SDH/MPLS,HALF YEARLY,2,2,0,-84.0,100.0
MDHS6,TELECOM,SDH/MPLS,QUARTERLY,1,0,1,46.0,0.0
MDHS6,TELECOM,SMPS,MONTHLY,19,9,10,6.1,47.4
MDHS6,TELECOM,TELEPHONE,MONTHLY,2,0,2,20.0,0.0
MDTW,AFC,AFC SWITCH,QUARTERLY,3,3,0,1.0,100.0
MDTW,AFC,AVM,MONTHLY,36,12,24,15.1,33.3
MDTW,AFC,EC,QUARTERLY,10,10,0,-35.5,100.0
MDTW,AFC,EFO,QUARTERLY,6,4,2,15.0,66.7
MDTW,AFC,EMERGENCY SWITCH,MONTHLY,10,4,6,19.2,40.0
MDTW,AFC,GATE,MONTHLY,120,71,49,-3.8,59.2
MDTW,AFC,SC,HALF YEARLY,1,0,1,17.0,0.0
MDTW,AFC,SWING BARRIER,MONTHLY,18,6,12,15.1,33.3
MDTW,AFC,TOM,QUARTERLY,6,4,2,15.0,66.7
MDTW,AFC,TVM,BI-WEEKLY,21,12,9,6.6,57.1
MDTW,AFC,TVM,MONTHLY,39,39,0,-4.8,100.0
MDTW,TELECOM,CCTV,HALF YEARLY,2,0,2,52.0,0.0
MDTW,TELECOM,CCTV,QUARTERLY,448,339,109,-23.1,75.7
MDTW,TELECOM,CLOCK,HALF YEARLY,4,4,0,-72.0,100.0
MDTW,TELECOM,CLOCK,QUARTERLY,177,153,24,-39.8,86.4
MDTW,TELECOM,EPABX,MONTHLY,53,4,49,31.8,7.5
MDTW,TELECOM,EPABX,QUARTERLY,103,74,29,-37.0,71.8
MDTW,TELECOM,PAS/PIDS,HALF YEARLY,19,18,1,-92.8,94.7
MDTW,TELECOM,PAS/PIDS,MONTHLY,1123,223,900,38.4,19.9
MDTW,TELECOM,PAS/PIDS,QUARTERLY,119,69,50,61.2,58.0
MDTW,TELECOM,RADIO,MONTHLY,12,5,7,3.3,41.7
MDTW,TELECOM,SDH/MPLS,QUARTERLY,2,1,1,11.5,50.0
MDTW,TELECOM,SMPS,MONTHLY,33,21,12,-2.8,63.6
MDTW,TELECOM,TELE SWITCH,QUARTERLY,8,6,2,6.5,75.0
MDTW,TELECOM,TER ROOM,MONTHLY,1,1,0,0.0,100.0
METE,AFC,AFC ROUTER,QUARTERLY,4,2,2,7.8,50.0
METE,AFC,AFC SWITCH,QUARTERLY,18,15,3,-14.5,83.3
METE,AFC,AVM,MONTHLY,60,32,28,2.6,53.3
METE,AFC,EC,QUARTERLY,16,16,0,-29.5,100.0
METE,AFC,EFO,QUARTERLY,12,10,2,-11.2,83.3
METE,AFC,EMERGENCY SWITCH,MONTHLY,14,6,8,4.1,42.9
METE,AFC,GATE,MONTHLY,161,92,69,0.4,57.1
METE,AFC,SC,HALF YEARLY,2,1,1,20.0,50.0
METE,AFC,SWING BARRIER,MONTHLY,20,12,8,3.6,60.0
METE,AFC,TOM,QUARTERLY,12,10,2,-11.2,83.3
METE,AFC,TVM,BI-WEEKLY,150,120,30,2.7,80.0
METE,AFC,TVM,MONTHLY,80,65,15,-0.6,81.2
METE,TELECOM,CCTV,HALF YEARLY,89,52,37,-26.4,58.4
METE,TELECOM,CCTV,QUARTERLY,227,154,73,1.8,67.8
METE,TELECOM,CLOCK,HALF YEARLY,4,2,2,-12.0,50.0
METE,TELECOM,CLOCK,QUARTERLY,69,51,18,5.1,73.9
METE,TELECOM,EARTH PIT,QUARTERLY,10,4,6,8.4,40.0
METE,TELECOM,EARTH PIT,YEARLY,2,0,2,13.0,0.0
METE,TELECOM,EPABX,HALF YEARLY,2,0,2,20.0,0.0
METE,TELECOM,EPABX,MONTHLY,64,36,28,0.6,56.2
METE,TELECOM,EPABX,QUARTERLY,6,4,2,-13.0,66.7
METE,TELECOM,PAS/PIDS,HALF YEARLY,41,39,2,-84.7,95.1
METE,TELECOM,PAS/PIDS,QUARTERLY,686,460,226,1.5,67.1
METE,TELECOM,RADIO,MONTHLY,16,9,7,0.6,56.2
METE,TELECOM,SDH/MPLS,HALF YEARLY,2,1,1,-13.5,50.0
METE,TELECOM,SDH/MPLS,QUARTERLY,4,2,2,-21.8,50.0
METE,TELECOM,SMPS,HALF YEARLY,2,2,0,-76.0,100.0
METE,TELECOM,SMPS,MONTHLY,35,21,14,-2.1,60.0
METE,TELECOM,TELE ROUTER,HALF YEARLY,4,0,4,20.0,0.0
METE,TELECOM,TELE ROUTER,QUARTERLY,10,6,4,-1.8,60.0
METE,TELECOM,TELE SWITCH,HALF YEARLY,3,0,3,23.3,0.0
METE,TELECOM,TELE SWITCH,QUARTERLY,9,5,4,8.0,55.6
METE,TELECOM,UPS,HALF YEARLY,1,1,0,-118.0,100.0
METE,TELECOM,UPS,MONTHLY,32,18,14,0.6,56.2
MGRO,AFC,AFC SWITCH,QUARTERLY,28,15,13,1.2,53.6
MGRO,AFC,AVM,MONTHLY,117,73,44,0.6,62.4
MGRO,AFC,EC,HALF YEARLY,5,0,5,120.0,0.0
MGRO,AFC,EC,QUARTERLY,27,13,14,4.6,48.1
MGRO,AFC,EFO,QUARTERLY,12,7,5,-4.8,58.3
MGRO,AFC,EMERGENCY SWITCH,MONTHLY,16,8,8,16.9,50.0
MGRO,AFC,GATE,MONTHLY,254,122,132,7.4,48.0
MGRO,AFC,SWING BARRIER,MONTHLY,34,22,12,0.1,64.7
MGRO,AFC,TOM,QUARTERLY,40,16,24,12.2,40.0
MGRO,AFC,TVM,MONTHLY,60,30,30,9.2,50.0
MGRO,TELECOM,CCTV,HALF YEARLY,52,26,26,-12.0,50.0
MGRO,TELECOM,CCTV,QUARTERLY,266,124,142,29.0,46.6
MGRO,TELECOM,CLOCK,HALF YEARLY,2,0,2,134.0,0.0
MGRO,TELECOM,CLOCK,QUARTERLY,67,51,16,-4.9,76.1
MGRO,TELECOM,EARTH PIT,QUARTERLY,10,6,4,-15.2,60.0
MGRO,TELECOM,EPABX,HALF YEARLY,1,0,1,185.0,0.0
MGRO,TELECOM,EPABX,MONTHLY,68,44,24,0.1,64.7
MGRO,TELECOM,EPABX,QUARTERLY,11,8,3,-49.0,72.7
MGRO,TELECOM,PAS/PIDS,HALF YEARLY,2,0,2,127.0,0.0
MGRO,TELECOM,PAS/PIDS,MONTHLY,3,0,3,152.3,0.0
MGRO,TELECOM,PAS/PIDS,QUARTERLY,66,11,55,124.6,16.7
MGRO,TELECOM,RADIO,MONTHLY,17,11,6,0.1,64.7
MGRO,TELECOM,SDH/MPLS,MONTHLY,1,1,0,1.0,100.0
MGRO,TELECOM,SDH/MPLS,QUARTERLY,2,0,2,24.0,0.0
MGRO,TELECOM,SMPS,HALF YEARLY,2,0,2,170.0,0.0
MGRO,TELECOM,SMPS,MONTHLY,24,6,18,10.8,25.0
MGRO,TELECOM,TELE SWITCH,HALF YEARLY,2,0,2,149.0,0.0
MGRO,TELECOM,TELE SWITCH,QUARTERLY,10,6,4,-4.6,60.0
MGRO,TELECOM,TER ROOM,MONTHLY,1,0,1,6.0,0.0
MGRO,TELECOM,UPS,HALF YEARLY,7,6,1,-128.0,85.7
MGRO,TELECOM,UPS,MONTHLY,22,4,18,12.1,18.2
MGRO,TELECOM,UPS,YEARLY,6,6,0,-240.3,100.0
MIA,AFC,AVM,MONTHLY,2,2,0,-8.0,100.0
MIA,AFC,EFO,QUARTERLY,2,2,0,-47.0,100.0
MIA,AFC,EMERGENCY SWITCH,MONTHLY,1,1,0,0.0,100.0
MIA,AFC,GATE,MONTHLY,12,8,4,11.0,66.7
MIA,AFC,RCTM,MONTHLY,7,5,2,4.7,71.4
MIA,AFC,TOM,QUARTERLY,1,1,0,-4.0,100.0
MIA,AFC,TVM,MONTHLY,24,21,3,0.4,87.5
MIA,TELECOM,CCTV,QUARTERLY,75,56,19,-21.2,74.7
MIA,TELECOM,CLOCK,QUARTERLY,12,6,6,-18.8,50.0
MIA,TELECOM,EARTH PIT,QUARTERLY,4,2,2,-31.0,50.0
MIA,TELECOM,EPABX,MONTHLY,15,7,8,3.1,46.7
MIA,TELECOM,PAS/PIDS,MONTHLY,117,116,1,-5.3,99.1
MIA,TELECOM,PAS/PIDS,QUARTERLY,171,81,90,-6.8,47.4
MIA,TELECOM,PEST CONTROL,MONTHLY,3,1,2,9.0,33.3
MIA,TELECOM,RADIO,MONTHLY,5,3,2,-0.6,60.0
MIA,TELECOM,SMPS,MONTHLY,13,5,8,4.5,38.5
MIA,TELECOM,UPS,MONTHLY,3,0,3,59.3,0.0
MIEE,AFC,AVM,MONTHLY,4,2,2,-6.0,50.0
MIEE,AFC,GATE,MONTHLY,33,10,23,23.0,30.3
MIEE,AFC,RCTM,MONTHLY,7,4,3,-2.4,57.1
MIEE,AFC,TOM,QUARTERLY,1,1,0,-12.0,100.0
MIEE,AFC,TVM,MONTHLY,28,12,16,0.9,42.9
MIEE,TELECOM,CCTV,QUARTERLY,31,22,9,-34.3,71.0
MIEE,TELECOM,CLOCK,HALF YEARLY,2,2,0,-6.0,100.0
MIEE,TELECOM,PAS/PIDS,HALF YEARLY,12,12,0,-20.0,100.0
MIEE,TELECOM,PAS/PIDS,MONTHLY,32,32,0,-18.0,100.0
MIEE,TELECOM,PAS/PIDS,QUARTERLY,8,8,0,1.0,100.0
MIEE,TELECOM,SDH/MPLS,HALF YEARLY,1,1,0,-6.0,100.0
MIEE,TELECOM,SDH/MPLS,QUARTERLY,1,0,1,84.0,0.0
MIEE,TELECOM,SMPS,MONTHLY,10,4,6,13.2,40.0
MIRK,AFC,AFC SWITCH,QUARTERLY,5,0,5,113.0,0.0
MIRK,AFC,AVM,MONTHLY,20,4,16,56.2,20.0
MIRK,AFC,EFO,QUARTERLY,4,0,4,92.5,0.0
MIRK,AFC,GATE,MONTHLY,191,97,94,7.5,50.8
MIRK,AFC,RCTM,BI-WEEKLY,31,9,22,14.8,29.0
MIRK,AFC,RCTM,MONTHLY,21,10,11,9.6,47.6
MIRK,AFC,SC,HALF YEARLY,1,1,0,-128.0,100.0
MIRK,AFC,SWING BARRIER,MONTHLY,4,0,4,126.0,0.0
MIRK,AFC,TOM,QUARTERLY,4,0,4,92.5,0.0
MIRK,AFC,TVM,BI-WEEKLY,174,59,115,11.0,33.9
MIRK,AFC,TVM,MONTHLY,111,60,51,3.7,54.1
MIRK,TELECOM,CCTV,HALF YEARLY,2,0,2,271.0,0.0
MIRK,TELECOM,CCTV,QUARTERLY,222,144,78,-18.7,64.9
MIRK,TELECOM,CLOCK,HALF YEARLY,1,0,1,199.0,0.0
MIRK,TELECOM,CLOCK,QUARTERLY,10,6,4,44.0,60.0
MIRK,TELECOM,EPABX,HALF YEARLY,1,0,1,199.0,0.0
MIRK,TELECOM,EPABX,MONTHLY,32,6,26,125.4,18.8
MIRK,TELECOM,EPABX,QUARTERLY,21,5,16,99.0,23.8
MIRK,TELECOM,PAS/PIDS,HALF YEARLY,143,73,70,-71.8,51.0
MIRK,TELECOM,PAS/PIDS,MONTHLY,5,2,3,49.2,40.0
MIRK,TELECOM,PAS/PIDS,QUARTERLY,183,9,174,99.2,4.9
MIRK,TELECOM,RADIO,MONTHLY,5,0,5,157.8,0.0
MIRK,TELECOM,SMPS,HALF YEARLY,2,2,0,1.0,100.0
MIRK,TELECOM,SMPS,MONTHLY,33,23,10,-3.2,69.7
MIRK,TELECOM,UPS,MONTHLY,11,6,5,21.7,54.5
MKPR,AFC,AFC ROUTER,QUARTERLY,1,0,1,262.0,0.0
MKPR,AFC,AFC SWITCH,QUARTERLY,8,0,8,86.0,0.0
MKPR,AFC,AVM,MONTHLY,17,4,13,67.5,23.5
MKPR,AFC,CSM,MONTHLY,16,12,4,-0.5,75.0
MKPR,AFC,EC,HALF YEARLY,6,6,0,-60.0,100.0
MKPR,AFC,EC,QUARTERLY,8,0,8,86.0,0.0
MKPR,AFC,EFO,QUARTERLY,8,6,2,10.0,75.0
MKPR,AFC,EMERGENCY SWITCH,MONTHLY,19,9,10,18.4,47.4
MKPR,AFC,GATE,MONTHLY,167,99,68,-3.0,59.3
MKPR,AFC,RCTM,BI-WEEKLY,27,20,7,4.0,74.1
MKPR,AFC,RCTM,MONTHLY,3,2,1,10.7,66.7
MKPR,AFC,SC,HALF YEARLY,2,2,0,-3.0,100.0
MKPR,AFC,SWING BARRIER,MONTHLY,15,8,7,6.4,53.3
MKPR,AFC,TIM,BI-WEEKLY,8,8,0,1.0,100.0
MKPR,AFC,TOM,QUARTERLY,10,8,2,-10.0,80.0
MKPR,IT,IT ROUTER,QUARTERLY,1,1,0,-46.0,100.0
MKPR,IT,IT SWITCH,QUARTERLY,1,1,0,-46.0,100.0
MKPR,TELECOM,CCTV,HALF YEARLY,65,18,47,27.6,27.7
MKPR,TELECOM,CCTV,MONTHLY,27,2,25,76.2,7.4
MKPR,TELECOM,CCTV,QUARTERLY,350,268,82,-19.4,76.6
MKPR,TELECOM,CLOCK,HALF YEARLY,2,2,0,-3.0,100.0
MKPR,TELECOM,CLOCK,MONTHLY,19,5,14,33.2,26.3
MKPR,TELECOM,CLOCK,QUARTERLY,94,66,28,-19.6,70.2
MKPR,TELECOM,EARTH PIT,QUARTERLY,2,0,2,283.0,0.0
MKPR,TELECOM,EPABX,HALF YEARLY,6,2,4,108.3,33.3
MKPR,TELECOM,EPABX,MONTHLY,8,4,4,179.5,50.0
MKPR,TELECOM,EPABX,QUARTERLY,53,44,9,-47.2,83.0
MKPR,TELECOM,PAS/PIDS,HALF YEARLY,23,20,3,-5.4,87.0
MKPR,TELECOM,PAS/PIDS,MONTHLY,648,301,347,36.3,46.5
MKPR,TELECOM,PAS/PIDS,QUARTERLY,38,20,18,3.4,52.6
MKPR,TELECOM,RADIO,MONTHLY,12,6,6,10.9,50.0
MKPR,TELECOM,RADIO,QUARTERLY,1,0,1,29.0,0.0
MKPR,TELECOM,SDH/MPLS,HALF YEARLY,1,1,0,-6.0,100.0
MKPR,TELECOM,SMPS,HALF YEARLY,6,6,0,-20.3,100.0
MKPR,TELECOM,SMPS,MONTHLY,30,18,12,0.5,60.0
MKPR,TELECOM,TER ROOM,MONTHLY,2,2,0,-25.0,100.0
MKPRD,IT,IT SWITCH,QUARTERLY,1,0,1,30.0,0.0
MKPRD,TELECOM,CCTV,MONTHLY,210,137,73,5.0,65.2
MKPRD,TELECOM,CCTV,QUARTERLY,106,69,37,52.6,65.1
MKPRD,TELECOM,CLOCK,HALF YEARLY,1,1,0,-69.0,100.0
MKPRD,TELECOM,CLOCK,QUARTERLY,15,13,2,-34.4,86.7
MKPRD,TELECOM,EARTH PIT,QUARTERLY,16,12,4,-7.5,75.0
MKPRD,TELECOM,EPABX,HALF YEARLY,2,2,0,-86.0,100.0
MKPRD,TELECOM,EPABX,MONTHLY,3,0,3,64.0,0.0
MKPRD,TELECOM,EPABX,QUARTERLY,44,39,5,-35.0,88.6
MKPRD,TELECOM,PAS/PIDS,MONTHLY,1803,1329,474,12.5,73.7
MKPRD,TELECOM,PAS/PIDS,QUARTERLY,238,95,143,50.4,39.9
MKPRD,TELECOM,RADIO,MONTHLY,85,58,27,1.1,68.2
MKPRD,TELECOM,RADIO,QUARTERLY,2,1,1,-1.0,50.0
MKPRD,TELECOM,SDH/MPLS,HALF YEARLY,1,1,0,-128.0,100.0
MKPRD,TELECOM,SDH/MPLS,QUARTERLY,3,2,1,-10.7,66.7
MKPRD,TELECOM,SMPS,MONTHLY,28,8,20,5.8,28.6
MKPRD,TELECOM,SMPS,YEARLY,4,4,0,-274.0,100.0
MLCD,AFC,AFC ROUTER,QUARTERLY,1,1,0,-90.0,100.0
MLCD,AFC,AFC SWITCH,QUARTERLY,6,2,4,32.0,33.3
MLCD,AFC,AVM,MONTHLY,15,6,9,0.0,40.0
MLCD,AFC,EC,QUARTERLY,3,3,0,-61.3,100.0
MLCD,AFC,EFO,QUARTERLY,3,3,0,-61.0,100.0
MLCD,AFC,EMERGENCY SWITCH,MONTHLY,4,2,2,2.8,50.0
MLCD,AFC,GATE,MONTHLY,116,62,54,3.9,53.4
MLCD,AFC,SWING BARRIER,MONTHLY,4,1,3,2.8,25.0
MLCD,AFC,TVM,BI-WEEKLY,150,78,72,3.6,52.0
MLCD,AFC,TVM,MONTHLY,96,72,24,-2.4,75.0
MLCD,TELECOM,CCTV,QUARTERLY,11,11,0,-55.0,100.0
MLCD,TELECOM,CLOCK,QUARTERLY,12,7,5,76.8,58.3
MLCD,TELECOM,EPABX,HALF YEARLY,1,0,1,169.0,0.0
MLCD,TELECOM,EPABX,MONTHLY,36,16,20,23.3,44.4
MLCD,TELECOM,EPABX,QUARTERLY,4,1,3,31.8,25.0
MLCD,TELECOM,EPABX,YEARLY,1,1,0,-294.0,100.0
MLCD,TELECOM,PAS/PIDS,MONTHLY,2,0,2,12.0,0.0
MLCD,TELECOM,PAS/PIDS,QUARTERLY,31,7,24,147.4,22.6
MLCD,TELECOM,RADIO,MONTHLY,13,5,8,45.8,38.5
MLCD,TELECOM,SMPS,HALF YEARLY,2,0,2,118.0,0.0
MLCD,TELECOM,SMPS,MONTHLY,24,16,8,7.8,66.7
MLCD,TELECOM,UPS,HALF YEARLY,3,3,0,-175.0,100.0
MLCD,TELECOM,UPS,MONTHLY,20,11,9,14.9,55.0
MMJR,AFC,AFC ROUTER,QUARTERLY,3,1,2,63.7,33.3
MMJR,AFC,AFC SWITCH,QUARTERLY,9,3,6,63.7,33.3
MMJR,AFC,AVM,MONTHLY,52,28,24,0.5,53.8
MMJR,AFC,EC,QUARTERLY,12,8,4,-8.3,66.7
MMJR,AFC,EFO,QUARTERLY,12,8,4,-13.2,66.7
MMJR,AFC,EMERGENCY SWITCH,MONTHLY,11,6,5,16.1,54.5
MMJR,AFC,GATE,MONTHLY,153,90,63,-0.3,58.8
MMJR,AFC,RCTM,BI-WEEKLY,29,20,9,2.0,69.0
MMJR,AFC,RCTM,MONTHLY,13,12,1,0.5,92.3
MMJR,AFC,SC,HALF YEARLY,1,1,0,-12.0,100.0
MMJR,AFC,SWING BARRIER,MONTHLY,8,4,4,0.6,50.0
MMJR,AFC,TOM,QUARTERLY,10,6,4,2.2,60.0
MMJR,AFC,TVM,BI-WEEKLY,55,35,20,2.9,63.6
MMJR,AFC,TVM,MONTHLY,30,26,4,1.3,86.7
MMJR,TELECOM,CCTV,HALF YEARLY,117,116,1,-11.8,99.1
MMJR,TELECOM,CCTV,QUARTERLY,318,227,91,-4.7,71.4
MMJR,TELECOM,CLOCK,HALF YEARLY,4,4,0,-43.5,100.0
MMJR,TELECOM,CLOCK,QUARTERLY,90,56,34,9.5,62.2
MMJR,TELECOM,EARTH PIT,QUARTERLY,6,2,4,74.0,33.3
MMJR,TELECOM,EARTH PIT,YEARLY,2,0,2,13.0,0.0
MMJR,TELECOM,EPABX,HALF YEARLY,2,2,0,-21.5,100.0
MMJR,TELECOM,EPABX,MONTHLY,64,36,28,1.6,56.2
MMJR,TELECOM,EPABX,QUARTERLY,5,4,1,-8.8,80.0
MMJR,TELECOM,PAS/PIDS,HALF YEARLY,16,10,6,20.8,62.5
MMJR,TELECOM,PAS/PIDS,QUARTERLY,547,308,239,37.9,56.3
MMJR,TELECOM,PAS/PIDS,YEARLY,1,1,0,-365.0,100.0
MMJR,TELECOM,RADIO,MONTHLY,16,9,7,1.6,56.2
MMJR,TELECOM,SDH/MPLS,HALF YEARLY,1,1,0,-33.0,100.0
MMJR,TELECOM,SDH/MPLS,QUARTERLY,3,3,0,-13.0,100.0
MMJR,TELECOM,SMPS,HALF YEARLY,2,2,0,-10.0,100.0
MMJR,TELECOM,SMPS,MONTHLY,30,14,16,3.7,46.7
MMJR,TELECOM,TER ROOM,MONTHLY,1,1,0,1.0,100.0
MN,AFC,AFC SWITCH,QUARTERLY,13,8,5,15.8,61.5
MN,AFC,AVM,MONTHLY,39,13,26,36.3,33.3
MN,AFC,EC,QUARTERLY,6,4,2,-25.7,66.7
MN,AFC,EFO,QUARTERLY,14,13,1,-17.3,92.9
MN,AFC,GATE,MONTHLY,189,135,54,0.0,71.4
MN,AFC,SWING BARRIER,MONTHLY,4,1,3,186.5,25.0
MN,AFC,TOM,QUARTERLY,2,0,2,149.0,0.0
MN,AFC,TVM,BI-WEEKLY,224,151,73,5.0,67.4
MN,AFC,TVM,MONTHLY,146,114,32,-1.8,78.1
MN,TELECOM,CCTV,QUARTERLY,141,40,101,54.0,28.4
MN,TELECOM,CLOCK,HALF YEARLY,2,0,2,72.0,0.0
MN,TELECOM,CLOCK,QUARTERLY,66,41,25,-14.3,62.1
MN,TELECOM,EPABX,HALF YEARLY,1,0,1,37.0,0.0
MN,TELECOM,EPABX,MONTHLY,56,36,20,4.0,64.3
MN,TELECOM,EPABX,QUARTERLY,11,7,4,-22.2,63.6
MN,TELECOM,EPABX,YEARLY,1,1,0,-58.0,100.0
MN,TELECOM,PAS/PIDS,HALF YEARLY,18,5,13,63.4,27.8
MN,TELECOM,PAS/PIDS,QUARTERLY,1519,862,657,-13.9,56.7
MN,TELECOM,PAS/PIDS,YEARLY,14,13,1,-45.1,92.9
MN,TELECOM,RADIO,HALF YEARLY,2,1,1,-58.0,50.0
MN,TELECOM,RADIO,MONTHLY,18,12,6,-1.9,66.7
MN,TELECOM,SMPS,MONTHLY,35,21,14,-0.9,60.0
MN,TELECOM,TELE SWITCH,HALF YEARLY,2,0,2,65.0,0.0
MN,TELECOM,TELE SWITCH,QUARTERLY,10,6,4,-23.6,60.0
MN,TELECOM,UPS,HALF YEARLY,7,6,1,-132.7,85.7
MN,TELECOM,UPS,MONTHLY,32,18,14,1.9,56.2
MNGM,AFC,AFC ROUTER,YEARLY,1,1,0,-176.0,100.0
MNGM,AFC,AFC SWITCH,QUARTERLY,20,13,7,1.4,65.0
MNGM,AFC,AVM,MONTHLY,62,42,20,0.8,67.7
MNGM,AFC,EC,QUARTERLY,23,17,6,1.8,73.9
MNGM,AFC,EFO,QUARTERLY,14,8,6,-24.3,57.1
MNGM,AFC,EMERGENCY SWITCH,MONTHLY,6,0,6,49.7,0.0
MNGM,AFC,GATE,MONTHLY,137,83,54,0.9,60.6
MNGM,AFC,RCTM,BI-WEEKLY,30,2,28,16.3,6.7
MNGM,AFC,RCTM,MONTHLY,5,0,5,87.8,0.0
MNGM,AFC,SC,HALF YEARLY,2,1,1,-5.0,50.0
MNGM,AFC,SWING BARRIER,MONTHLY,28,18,10,3.9,64.3
MNGM,AFC,TOM,QUARTERLY,16,4,12,10.2,25.0
MNGM,AFC,TVM,BI-WEEKLY,142,10,132,16.5,7.0
MNGM,AFC,TVM,MONTHLY,35,0,35,81.9,0.0
MNGM,TELECOM,CCTV,HALF YEARLY,71,71,0,-87.6,100.0
MNGM,TELECOM,CCTV,QUARTERLY,243,109,134,8.0,44.9
MNGM,TELECOM,CLOCK,HALF YEARLY,1,1,0,-47.0,100.0
MNGM,TELECOM,CLOCK,QUARTERLY,31,12,19,4.7,38.7
MNGM,TELECOM,EPABX,HALF YEARLY,4,4,0,-19.0,100.0
MNGM,TELECOM,EPABX,MONTHLY,68,44,24,-2.9,64.7
MNGM,TELECOM,EPABX,QUARTERLY,12,10,2,-12.4,83.3
MNGM,TELECOM,PAS/PIDS,HALF YEARLY,21,14,7,-18.5,66.7
MNGM,TELECOM,PAS/PIDS,QUARTERLY,487,235,252,-4.1,48.3
MNGM,TELECOM,RADIO,MONTHLY,19,13,6,-4.6,68.4
MNGM,TELECOM,SDH/MPLS,HALF YEARLY,1,1,0,-95.0,100.0
MNGM,TELECOM,SDH/MPLS,QUARTERLY,4,3,1,-18.8,75.0
MNGM,TELECOM,SMPS,HALF YEARLY,4,2,2,-36.5,50.0
MNGM,TELECOM,SMPS,MONTHLY,38,24,14,-2.8,63.2
MNGM,TELECOM,UPS,MONTHLY,35,19,16,5.6,54.3
MNGM,TELECOM,UPS,YEARLY,3,3,0,-118.3,100.0
MPK,AFC,AFC SWITCH,QUARTERLY,6,4,2,3.3,66.7
MPK,AFC,AVM,MONTHLY,44,21,23,0.8,47.7
MPK,AFC,EC,QUARTERLY,6,3,3,4.0,50.0
MPK,AFC,EFO,QUARTERLY,4,2,2,-0.8,50.0
MPK,AFC,EMERGENCY SWITCH,MONTHLY,7,3,4,6.7,42.9
MPK,AFC,GATE,MONTHLY,127,54,73,3.6,42.5
MPK,AFC,SWING BARRIER,MONTHLY,12,4,8,9.1,33.3
MPK,AFC,TOM,QUARTERLY,3,2,1,29.0,66.7
MPK,AFC,TVM,BI-WEEKLY,69,8,61,27.9,11.6
MPK,AFC,TVM,MONTHLY,24,8,16,27.3,33.3
MPK,TELECOM,CCTV,HALF YEARLY,10,10,0,-79.2,100.0
MPK,TELECOM,CCTV,QUARTERLY,66,37,29,13.0,56.1
MPK,TELECOM,CLOCK,HALF YEARLY,2,2,0,-39.0,100.0
MPK,TELECOM,CLOCK,QUARTERLY,37,15,22,24.3,40.5
MPK,TELECOM,EPABX,HALF YEARLY,2,1,1,-40.5,50.0
MPK,TELECOM,EPABX,MONTHLY,48,28,20,3.2,58.3
MPK,TELECOM,EPABX,QUARTERLY,9,9,0,-59.0,100.0
MPK,TELECOM,PAS/PIDS,HALF YEARLY,9,9,0,-23.4,100.0
MPK,TELECOM,PAS/PIDS,QUARTERLY,656,349,307,24.5,53.2
MPK,TELECOM,RADIO,MONTHLY,14,7,7,3.1,50.0
MPK,TELECOM,SMPS,HALF YEARLY,2,2,0,-81.0,100.0
MPK,TELECOM,SMPS,MONTHLY,29,19,10,2.6,65.5
MPK,TELECOM,UPS,MONTHLY,30,21,9,-0.8,70.0
MUDK,AFC,EFO,QUARTERLY,2,0,2,93.0,0.0
MUDK,AFC,EMERGENCY SWITCH,MONTHLY,2,0,2,90.0,0.0
MUDK,AFC,GATE,MONTHLY,37,28,9,1.6,75.7
MUDK,AFC,TOM,QUARTERLY,2,0,2,93.0,0.0
MUDK,AFC,TVM,BI-WEEKLY,4,0,4,65.0,0.0
MUDK,AFC,TVM,MONTHLY,28,20,8,0.4,71.4
MUDK,TELECOM,CCTV,QUARTERLY,102,90,12,-30.4,88.2
MUDK,TELECOM,CLOCK,QUARTERLY,11,11,0,-23.4,100.0
MUDK,TELECOM,EPABX,QUARTERLY,1,0,1,56.0,0.0
MUDK,TELECOM,PAS/PIDS,HALF YEARLY,2,2,0,-66.0,100.0
MUDK,TELECOM,PAS/PIDS,QUARTERLY,223,213,10,-53.0,95.5
MUDK,TELECOM,SMPS,MONTHLY,14,6,8,4.1,42.9
MUDKD,IT,IT SWITCH,HALF YEARLY,8,8,0,-4.0,100.0
MUDKD,IT,IT SWITCH,QUARTERLY,16,10,6,-16.1,62.5
MUDKD,TELECOM,CCTV,QUARTERLY,62,15,47,18.4,24.2
MUDKD,TELECOM,CLOCK,QUARTERLY,27,0,27,30.0,0.0
MUDKD,TELECOM,EARTH PIT,QUARTERLY,4,4,0,0.0,100.0
MUDKD,TELECOM,EPABX,QUARTERLY,2,1,1,1.0,50.0
MUDKD,TELECOM,NETWORKING,QUARTERLY,8,4,4,7.0,50.0
MUDKD,TELECOM,PAS/PIDS,HALF YEARLY,17,17,0,-3.0,100.0
MUDKD,TELECOM,PAS/PIDS,MONTHLY,14,12,2,1.6,85.7
MUDKD,TELECOM,PAS/PIDS,QUARTERLY,171,40,131,17.3,23.4
MUDKD,TELECOM,PEST CONTROL,MONTHLY,6,6,0,0.0,100.0
MUDKD,TELECOM,RADIO,HALF YEARLY,79,79,0,-168.0,100.0
MUDKD,TELECOM,RADIO,MONTHLY,12,10,2,1.6,83.3
MUDKD,TELECOM,RADIO,QUARTERLY,2,2,0,-1.5,100.0
MUDKD,TELECOM,SDH/MPLS,QUARTERLY,2,1,1,7.0,50.0
MUDKD,TELECOM,SMPS,MONTHLY,14,10,4,1.0,71.4
MUDKD,TELECOM,TER ROOM,MONTHLY,1,1,0,-13.0,100.0
MUPR,AFC,AFC ROUTER,QUARTERLY,1,0,1,21.0,0.0
MUPR,AFC,AFC SWITCH,QUARTERLY,7,6,1,-26.6,85.7
MUPR,AFC,AVM,MONTHLY,19,12,7,8.9,63.2
MUPR,AFC,EC,QUARTERLY,4,0,4,21.0,0.0
MUPR,AFC,EFO,QUARTERLY,4,2,2,94.0,50.0
MUPR,AFC,EMERGENCY SWITCH,MONTHLY,4,0,4,72.5,0.0
MUPR,AFC,GATE,MONTHLY,152,80,72,5.4,52.6
MUPR,AFC,RCTM,BI-WEEKLY,15,4,11,15.0,26.7
MUPR,AFC,RCTM,MONTHLY,13,9,4,7.5,69.2
MUPR,AFC,SC,HALF YEARLY,1,0,1,110.0,0.0
MUPR,AFC,SWING BARRIER,MONTHLY,4,1,3,20.8,25.0
MUPR,AFC,TOM,QUARTERLY,12,8,4,-28.7,66.7
MUPR,AFC,TVM,BI-WEEKLY,96,24,72,13.2,25.0
MUPR,AFC,TVM,MONTHLY,80,62,18,6.4,77.5
MUPR,TELECOM,CCTV,HALF YEARLY,67,0,67,51.0,0.0
MUPR,TELECOM,CCTV,QUARTERLY,342,254,88,-16.3,74.3
MUPR,TELECOM,CLOCK,HALF YEARLY,1,1,0,-152.0,100.0
MUPR,TELECOM,CLOCK,QUARTERLY,56,24,32,0.3,42.9
MUPR,TELECOM,EARTH PIT,QUARTERLY,4,4,0,-41.0,100.0
MUPR,TELECOM,EPABX,MONTHLY,30,7,23,61.9,23.3
MUPR,TELECOM,EPABX,QUARTERLY,25,6,19,6.4,24.0
MUPR,TELECOM,PAS/PIDS,MONTHLY,892,330,562,31.2,37.0
MUPR,TELECOM,PAS/PIDS,QUARTERLY,323,227,96,-14.1,70.3
MUPR,TELECOM,RADIO,MONTHLY,11,8,3,6.7,72.7
MUPR,TELECOM,SDH/MPLS,HALF YEARLY,1,1,0,-102.0,100.0
MUPR,TELECOM,SDH/MPLS,QUARTERLY,4,3,1,-40.5,75.0
MUPR,TELECOM,SMPS,HALF YEARLY,4,2,2,13.5,50.0
MUPR,TELECOM,SMPS,MONTHLY,62,52,10,-15.1,83.9
MVNR,AFC,AFC SWITCH,QUARTERLY,1,0,1,124.0,0.0
MVNR,AFC,AVM,MONTHLY,21,0,21,84.7,0.0
MVNR,AFC,EFO,QUARTERLY,7,2,5,16.3,28.6
MVNR,AFC,GATE,MONTHLY,185,81,104,11.3,43.8
MVNR,AFC,TOM,QUARTERLY,9,3,6,33.3,33.3
MVNR,AFC,TVM,MONTHLY,54,24,30,12.7,44.4
MVNR,TELECOM,CCTV,QUARTERLY,24,24,0,-42.0,100.0
MVNR,TELECOM,EPABX,MONTHLY,30,6,24,31.3,20.0
MVNR,TELECOM,EPABX,QUARTERLY,3,3,0,-74.0,100.0
MVNR,TELECOM,PAS/PIDS,MONTHLY,14,4,10,35.7,28.6
MVNR,TELECOM,PAS/PIDS,QUARTERLY,50,0,50,107.0,0.0
MVNR,TELECOM,RADIO,MONTHLY,6,1,5,27.3,16.7
MVNR,TELECOM,SMPS,MONTHLY,25,13,12,4.6,52.0
MVNR,TELECOM,UPS,MONTHLY,9,2,7,38.2,22.2
MVPE,AFC,AFC SWITCH,QUARTERLY,7,4,3,27.7,57.1
MVPE,AFC,AVM,MONTHLY,12,8,4,49.0,66.7
MVPE,AFC,EC,HALF YEARLY,2,2,0,-40.0,100.0
MVPE,AFC,EC,QUARTERLY,2,0,2,142.0,0.0
MVPE,AFC,EFO,QUARTERLY,5,0,5,95.2,0.0
MVPE,AFC,EMERGENCY SWITCH,MONTHLY,3,2,1,57.3,66.7
MVPE,AFC,GATE,MONTHLY,180,107,73,0.8,59.4
MVPE,AFC,SWING BARRIER,MONTHLY,2,0,2,207.0,0.0
MVPE,AFC,TOM,QUARTERLY,2,2,0,-12.5,100.0
MVPE,AFC,TVM,BI-WEEKLY,46,21,25,28.8,45.7
MVPE,AFC,TVM,MONTHLY,45,20,25,18.0,44.4
MVPE,TELECOM,CCTV,QUARTERLY,172,52,120,13.2,30.2
MVPE,TELECOM,CLOCK,HALF YEARLY,3,2,1,59.3,66.7
MVPE,TELECOM,CLOCK,QUARTERLY,40,15,25,34.8,37.5
MVPE,TELECOM,EARTH PIT,QUARTERLY,4,0,4,95.5,0.0
MVPE,TELECOM,EPABX,HALF YEARLY,1,1,0,-180.0,100.0
MVPE,TELECOM,EPABX,MONTHLY,64,39,25,5.3,60.9
MVPE,TELECOM,EPABX,QUARTERLY,6,5,1,-17.2,83.3
MVPE,TELECOM,PAS/PIDS,HALF YEARLY,15,4,11,88.7,26.7
MVPE,TELECOM,PAS/PIDS,MONTHLY,34,1,33,137.6,2.9
MVPE,TELECOM,PAS/PIDS,QUARTERLY,364,141,223,52.4,38.7
MVPE,TELECOM,RADIO,MONTHLY,12,6,6,10.3,50.0
MVPE,TELECOM,SMPS,MONTHLY,10,1,9,57.8,10.0
MVPE,TELECOM,TELE ROUTER,QUARTERLY,2,0,2,271.0,0.0
MVPE,TELECOM,TELE SWITCH,QUARTERLY,2,0,2,264.0,0.0
MVPE,TELECOM,TER ROOM,MONTHLY,1,1,0,-9.0,100.0
MVPE,TELECOM,UPS,MONTHLY,8,0,8,79.8,0.0
MVPI3,AFC,AFC ROUTER,QUARTERLY,1,0,1,98.0,0.0
MVPI3,AFC,AFC ROUTER,YEARLY,1,1,0,-353.0,100.0
MVPI3,AFC,AFC SWITCH,QUARTERLY,8,5,3,-9.8,62.5
MVPI3,AFC,AFC SWITCH,YEARLY,3,3,0,-353.0,100.0
MVPI3,AFC,AVM,MONTHLY,25,4,21,47.6,16.0
MVPI3,AFC,EC,QUARTERLY,6,0,6,102.5,0.0
MVPI3,AFC,EFO,QUARTERLY,14,11,3,-34.1,78.6
MVPI3,AFC,EMERGENCY SWITCH,MONTHLY,3,0,3,129.0,0.0
MVPI3,AFC,GATE,MONTHLY,213,150,63,1.1,70.4
MVPI3,AFC,SC,HALF YEARLY,1,0,1,135.0,0.0
MVPI3,AFC,SWING BARRIER,MONTHLY,2,0,2,231.0,0.0
MVPI3,AFC,TVM,BI-WEEKLY,128,64,64,6.6,50.0
MVPI3,AFC,TVM,MONTHLY,88,32,56,9.2,36.4
MVPI3,TELECOM,CCTV,QUARTERLY,178,61,117,49.5,34.3
MVPI3,TELECOM,CLOCK,HALF YEARLY,1,0,1,11.0,0.0
MVPI3,TELECOM,CLOCK,QUARTERLY,83,37,46,20.2,44.6
MVPI3,TELECOM,EARTH PIT,QUARTERLY,6,0,6,48.3,0.0
MVPI3,TELECOM,EPABX,HALF YEARLY,1,1,0,-154.0,100.0
MVPI3,TELECOM,EPABX,MONTHLY,32,12,20,26.2,37.5
MVPI3,TELECOM,EPABX,QUARTERLY,31,2,29,142.2,6.5
MVPI3,TELECOM,PAS/PIDS,MONTHLY,6,0,6,103.8,0.0
MVPI3,TELECOM,PAS/PIDS,QUARTERLY,615,353,262,1.0,57.4
MVPI3,TELECOM,PAS/PIDS,YEARLY,12,12,0,-344.9,100.0
MVPI3,TELECOM,RADIO,MONTHLY,14,9,5,3.3,64.3
MVPI3,TELECOM,SMPS,MONTHLY,16,8,8,30.1,50.0
MVPI3,TELECOM,TELE ROUTER,QUARTERLY,2,0,2,59.0,0.0
MVPI3,TELECOM,TELE SWITCH,QUARTERLY,6,2,4,34.3,33.3
MVPI3,TELECOM,UPS,HALF YEARLY,3,2,1,-115.0,66.7
MVPI3,TELECOM,UPS,MONTHLY,20,8,12,18.5,40.0
MVPI3,TELECOM,UPS,YEARLY,3,3,0,-234.0,100.0
MVPI7,AFC,AFC ROUTER,QUARTERLY,1,0,1,55.0,0.0
MVPI7,AFC,AFC SWITCH,QUARTERLY,15,5,10,50.7,33.3
MVPI7,AFC,AFC SWITCH,YEARLY,5,5,0,-363.0,100.0
MVPI7,AFC,AVM,MONTHLY,24,6,18,72.2,25.0
MVPI7,AFC,EC,QUARTERLY,5,0,5,227.2,0.0
MVPI7,AFC,EFO,QUARTERLY,3,0,3,276.7,0.0
MVPI7,AFC,EMERGENCY SWITCH,MONTHLY,15,6,9,11.0,40.0
MVPI7,AFC,GATE,MONTHLY,108,84,24,4.2,77.8
MVPI7,AFC,RCTM,BI-WEEKLY,17,9,8,13.7,52.9
MVPI7,AFC,RCTM,MONTHLY,9,6,3,20.8,66.7
MVPI7,AFC,SWING BARRIER,MONTHLY,4,0,4,60.0,0.0
MVPI7,AFC,TOM,QUARTERLY,9,5,4,-5.6,55.6
MVPI7,AFC,TVM,BI-WEEKLY,32,12,20,15.4,37.5
MVPI7,AFC,TVM,MONTHLY,20,14,6,15.7,70.0
MVPI7,TELECOM,CCTV,HALF YEARLY,109,108,1,-57.8,99.1
MVPI7,TELECOM,CCTV,QUARTERLY,691,657,34,-47.0,95.1
MVPI7,TELECOM,CLOCK,HALF YEARLY,4,4,0,-96.5,100.0
MVPI7,TELECOM,CLOCK,QUARTERLY,146,136,10,-52.0,93.2
MVPI7,TELECOM,EARTH PIT,QUARTERLY,12,8,4,-15.2,66.7
MVPI7,TELECOM,EPABX,HALF YEARLY,8,8,0,-101.5,100.0
MVPI7,TELECOM,EPABX,MONTHLY,101,59,42,26.0,58.4
MVPI7,TELECOM,EPABX,QUARTERLY,24,18,6,-33.6,75.0
MVPI7,TELECOM,PAS/PIDS,HALF YEARLY,37,33,4,-87.4,89.2
MVPI7,TELECOM,PAS/PIDS,MONTHLY,606,172,434,44.6,28.4
MVPI7,TELECOM,PAS/PIDS,QUARTERLY,550,429,121,-28.0,78.0
MVPI7,TELECOM,PAS/PIDS,YEARLY,1,1,0,-365.0,100.0
MVPI7,TELECOM,RADIO,HALF YEARLY,4,2,2,-5.5,50.0
MVPI7,TELECOM,RADIO,MONTHLY,13,8,5,7.3,61.5
MVPI7,TELECOM,SDH/MPLS,QUARTERLY,1,0,1,144.0,0.0
MVPI7,TELECOM,SMPS,HALF YEARLY,2,2,0,-20.0,100.0
MVPI7,TELECOM,SMPS,MONTHLY,47,37,10,-10.0,78.7
MVPI7,TELECOM,SMPS,YEARLY,2,2,0,-287.0,100.0
MVPI7,TELECOM,UPS,MONTHLY,11,3,8,45.0,27.3
MVPO,AFC,AFC SWITCH,QUARTERLY,12,9,3,12.0,75.0
MVPO,AFC,AVM,MONTHLY,9,5,4,16.9,55.6
MVPO,AFC,EC,QUARTERLY,4,2,2,-13.0,50.0
MVPO,AFC,EFO,QUARTERLY,6,5,1,-21.8,83.3
MVPO,AFC,EMERGENCY SWITCH,MONTHLY,4,1,3,33.2,25.0
MVPO,AFC,GATE,MONTHLY,136,88,48,-2.5,64.7
MVPO,AFC,RCTM,BI-WEEKLY,17,9,8,12.8,52.9
MVPO,AFC,RCTM,MONTHLY,7,6,1,21.0,85.7
MVPO,AFC,SCVM,BI-WEEKLY,14,7,7,18.6,50.0
MVPO,AFC,SCVM,MONTHLY,8,6,2,14.6,75.0
MVPO,AFC,SWING BARRIER,MONTHLY,4,2,2,22.8,50.0
MVPO,AFC,TOM,QUARTERLY,13,11,2,-27.1,84.6
MVPO,AFC,TVM,BI-WEEKLY,48,24,24,14.5,50.0
MVPO,AFC,TVM,MONTHLY,27,21,6,22.3,77.8
MVPO,TELECOM,CCTV,HALF YEARLY,29,29,0,-72.0,100.0
MVPO,TELECOM,CCTV,QUARTERLY,625,621,4,-54.0,99.4
MVPO,TELECOM,CLOCK,HALF YEARLY,4,4,0,-105.5,100.0
MVPO,TELECOM,CLOCK,QUARTERLY,113,113,0,-44.8,100.0
MVPO,TELECOM,EARTH PIT,QUARTERLY,2,0,2,186.0,0.0
MVPO,TELECOM,EPABX,HALF YEARLY,1,0,1,54.0,0.0
MVPO,TELECOM,EPABX,MONTHLY,6,0,6,81.0,0.0
MVPO,TELECOM,EPABX,QUARTERLY,23,19,4,-36.7,82.6
MVPO,TELECOM,PAS/PIDS,HALF YEARLY,15,15,0,-103.9,100.0
MVPO,TELECOM,PAS/PIDS,MONTHLY,646,193,453,17.0,29.9
MVPO,TELECOM,PAS/PIDS,QUARTERLY,291,232,59,-38.5,79.7
MVPO,TELECOM,RADIO,MONTHLY,2,0,2,106.5,0.0
MVPO,TELECOM,SMPS,HALF YEARLY,6,6,0,-92.3,100.0
MVPO,TELECOM,SMPS,MONTHLY,38,30,8,-5.6,78.9
MYPI,AFC,AFC ROUTER,QUARTERLY,1,0,1,48.0,0.0
MYPI,AFC,AFC SWITCH,QUARTERLY,14,9,5,-11.1,64.3
MYPI,AFC,AVM,MONTHLY,23,12,11,13.3,52.2
MYPI,AFC,CSM,MONTHLY,1,0,1,18.0,0.0
MYPI,AFC,EFO,QUARTERLY,8,4,4,30.2,50.0
MYPI,AFC,EMERGENCY SWITCH,MONTHLY,8,2,6,49.2,25.0
MYPI,AFC,GATE,MONTHLY,128,84,44,0.1,65.6
MYPI,AFC,RCTM,BI-WEEKLY,33,28,5,0.7,84.8
MYPI,AFC,RCTM,MONTHLY,5,4,1,-5.4,80.0
MYPI,AFC,SC,HALF YEARLY,1,1,0,-124.0,100.0
MYPI,AFC,SWING BARRIER,MONTHLY,10,3,7,14.8,30.0
MYPI,AFC,TOM,QUARTERLY,8,4,4,30.2,50.0
MYPI,AFC,TVM,BI-WEEKLY,140,120,20,-0.1,85.7
MYPI,AFC,TVM,MONTHLY,20,16,4,-5.4,80.0
MYPI,TELECOM,CCTV,HALF YEARLY,58,39,19,-45.8,67.2
MYPI,TELECOM,CCTV,MONTHLY,33,1,32,95.8,3.0
MYPI,TELECOM,CCTV,QUARTERLY,624,569,55,-43.9,91.2
MYPI,TELECOM,CCTV,YEARLY,2,2,0,-365.0,100.0
MYPI,TELECOM,CLOCK,HALF YEARLY,2,1,1,-5.0,50.0
MYPI,TELECOM,CLOCK,MONTHLY,80,51,29,8.6,63.7
MYPI,TELECOM,CLOCK,QUARTERLY,92,80,12,-34.0,87.0
MYPI,TELECOM,EARTH PIT,QUARTERLY,15,6,9,7.3,40.0
MYPI,TELECOM,EPABX,MONTHLY,56,36,20,4.4,64.3
MYPI,TELECOM,EPABX,QUARTERLY,203,195,8,-52.6,96.1
MYPI,TELECOM,EPABX,YEARLY,1,1,0,-365.0,100.0
MYPI,TELECOM,PAS/PIDS,HALF YEARLY,15,11,4,-89.0,73.3
MYPI,TELECOM,PAS/PIDS,MONTHLY,955,530,425,26.3,55.5
MYPI,TELECOM,PAS/PIDS,QUARTERLY,45,43,2,-38.2,95.6
MYPI,TELECOM,RADIO,MONTHLY,38,26,12,3.8,68.4
MYPI,TELECOM,SDH/MPLS,QUARTERLY,1,0,1,65.0,0.0
MYPI,TELECOM,SMPS,HALF YEARLY,6,4,2,-57.0,66.7
MYPI,TELECOM,SMPS,MONTHLY,33,21,12,-2.8,63.6
MYPI,TELECOM,SMPS,YEARLY,1,1,0,-365.0,100.0
NAKR,AFC,AFC ROUTER,QUARTERLY,2,1,1,36.5,50.0
NAKR,AFC,AFC SWITCH,QUARTERLY,11,9,2,-10.0,81.8
NAKR,AFC,AVM,MONTHLY,8,0,8,214.0,0.0
NAKR,AFC,EC,QUARTERLY,5,0,5,47.0,0.0
NAKR,AFC,EFO,QUARTERLY,2,1,1,130.0,50.0
NAKR,AFC,EMERGENCY SWITCH,MONTHLY,5,1,4,28.2,20.0
NAKR,AFC,GATE,MONTHLY,170,98,72,5.5,57.6
NAKR,AFC,SWING BARRIER,MONTHLY,3,1,2,17.3,33.3
NAKR,AFC,TOM,QUARTERLY,4,2,2,24.5,50.0
NAKR,AFC,TVM,BI-WEEKLY,70,30,40,14.4,42.9
NAKR,AFC,TVM,MONTHLY,85,60,25,-4.0,70.6
NAKR,TELECOM,CCTV,QUARTERLY,119,76,43,-14.1,63.9
NAKR,TELECOM,CLOCK,QUARTERLY,63,40,23,10.0,63.5
NAKR,TELECOM,CLOCK,YEARLY,3,3,0,-351.7,100.0
NAKR,TELECOM,EPABX,QUARTERLY,1,1,0,-7.0,100.0
NAKR,TELECOM,EPABX,YEARLY,1,0,1,6.0,0.0
NAKR,TELECOM,NETWORKING,QUARTERLY,2,2,0,-48.0,100.0
NAKR,TELECOM,PAS/PIDS,HALF YEARLY,4,2,2,-76.5,50.0
NAKR,TELECOM,PAS/PIDS,QUARTERLY,397,138,259,34.4,34.8
NAKR,TELECOM,RADIO,HALF YEARLY,1,1,0,-163.0,100.0
NAKR,TELECOM,RADIO,MONTHLY,17,13,4,-2.2,76.5
NAKR,TELECOM,SDH/MPLS,QUARTERLY,2,2,0,-46.0,100.0
NAKR,TELECOM,SMPS,MONTHLY,12,6,6,44.2,50.0
NAKR,TELECOM,UPS,MONTHLY,12,6,6,42.8,50.0
NAVR,AFC,AFC SWITCH,QUARTERLY,9,0,9,47.2,0.0
NAVR,AFC,AVM,MONTHLY,26,18,8,5.9,69.2
NAVR,AFC,EFO,QUARTERLY,7,4,3,17.0,57.1
NAVR,AFC,EMERGENCY SWITCH,MONTHLY,3,0,3,81.7,0.0
NAVR,AFC,GATE,MONTHLY,237,157,80,3.0,66.2
NAVR,AFC,RCTM,BI-WEEKLY,61,51,10,1.4,83.6
NAVR,AFC,RCTM,MONTHLY,10,8,2,1.0,80.0
NAVR,AFC,SWING BARRIER,MONTHLY,14,8,6,23.9,57.1
NAVR,AFC,TOM,QUARTERLY,4,2,2,50.0,50.0
NAVR,AFC,TVM,BI-WEEKLY,217,182,35,1.1,83.9
NAVR,AFC,TVM,MONTHLY,38,31,7,-1.4,81.6
NAVR,TELECOM,CCTV,QUARTERLY,230,59,171,21.5,25.7
NAVR,TELECOM,CLOCK,HALF YEARLY,1,1,0,-82.0,100.0
NAVR,TELECOM,CLOCK,QUARTERLY,52,24,28,1.8,46.2
NAVR,TELECOM,EPABX,HALF YEARLY,1,1,0,-61.0,100.0
NAVR,TELECOM,EPABX,MONTHLY,26,16,10,4.0,61.5
NAVR,TELECOM,EPABX,QUARTERLY,14,9,5,-24.6,64.3
NAVR,TELECOM,PAS/PIDS,HALF YEARLY,11,2,9,9.5,18.2
NAVR,TELECOM,PAS/PIDS,QUARTERLY,672,246,426,7.6,36.6
NAVR,TELECOM,RADIO,MONTHLY,24,15,9,7.8,62.5
NAVR,TELECOM,SDH/MPLS,QUARTERLY,1,1,0,-61.0,100.0
NAVR,TELECOM,SMPS,MONTHLY,38,30,8,-5.1,78.9
NAVR,TELECOM,UPS,HALF YEARLY,12,12,0,-176.2,100.0
NAVR,TELECOM,UPS,MONTHLY,8,1,7,67.9,12.5
NBAA,AFC,AFC SWITCH,QUARTERLY,17,6,11,-6.2,35.3
NBAA,AFC,AFC SWITCH,YEARLY,5,5,0,-271.0,100.0
NBAA,AFC,AVM,MONTHLY,44,26,18,5.4,59.1
NBAA,AFC,EC,QUARTERLY,18,6,12,-9.7,33.3
NBAA,AFC,EFO,QUARTERLY,16,13,3,-28.8,81.2
NBAA,AFC,EMERGENCY SWITCH,MONTHLY,4,2,2,84.5,50.0
NBAA,AFC,GATE,MONTHLY,280,155,125,2.5,55.4
NBAA,AFC,RCTM,BI-WEEKLY,29,1,28,19.2,3.4
NBAA,AFC,RCTM,MONTHLY,23,11,12,13.3,47.8
NBAA,AFC,SWING BARRIER,MONTHLY,19,10,9,10.9,52.6
NBAA,AFC,TOM,QUARTERLY,28,24,4,-25.1,85.7
NBAA,AFC,TVM,BI-WEEKLY,191,13,178,17.8,6.8
NBAA,AFC,TVM,MONTHLY,164,93,71,6.4,56.7
NBAA,TELECOM,CCTV,HALF YEARLY,4,2,2,-22.0,50.0
NBAA,TELECOM,CCTV,MONTHLY,4,0,4,54.0,0.0
NBAA,TELECOM,CCTV,QUARTERLY,247,149,98,-20.8,60.3
NBAA,TELECOM,CLOCK,HALF YEARLY,1,0,1,57.0,0.0
NBAA,TELECOM,CLOCK,QUARTERLY,30,6,24,64.2,20.0
NBAA,TELECOM,EPABX,HALF YEARLY,1,1,0,-61.0,100.0
NBAA,TELECOM,EPABX,QUARTERLY,13,9,4,-16.8,69.2
NBAA,TELECOM,PAS/PIDS,HALF YEARLY,18,11,7,-28.3,61.1
NBAA,TELECOM,PAS/PIDS,QUARTERLY,400,203,197,3.8,50.7
NBAA,TELECOM,RADIO,MONTHLY,11,5,6,12.6,45.5
NBAA,TELECOM,SDH/MPLS,QUARTERLY,2,1,1,15.0,50.0
NBAA,TELECOM,SMPS,HALF YEARLY,2,0,2,142.0,0.0
NBAA,TELECOM,SMPS,MONTHLY,29,19,10,3.4,65.5
NCAJ,AFC,AFC ROUTER,QUARTERLY,4,1,3,19.2,25.0
NCAJ,AFC,AFC SWITCH,QUARTERLY,18,12,6,-17.0,66.7
NCAJ,AFC,AVM,MONTHLY,4,0,4,78.0,0.0
NCAJ,AFC,EFO,QUARTERLY,10,6,4,-2.6,60.0
NCAJ,AFC,EMERGENCY SWITCH,MONTHLY,2,0,2,44.0,0.0
NCAJ,AFC,GATE,MONTHLY,153,99,54,-0.2,64.7
NCAJ,AFC,RCTM,BI-WEEKLY,28,23,5,3.6,82.1
NCAJ,AFC,RCTM,MONTHLY,16,15,1,-1.9,93.8
NCAJ,AFC,SC,HALF YEARLY,2,1,1,-11.0,50.0
NCAJ,AFC,SWING BARRIER,MONTHLY,1,0,1,44.0,0.0
NCAJ,AFC,TOM,QUARTERLY,15,9,6,-2.6,60.0
NCAJ,AFC,TVM,BI-WEEKLY,104,92,12,2.7,88.5
NCAJ,AFC,TVM,MONTHLY,70,66,4,-2.8,94.3
NCAJ,TELECOM,CCTV,HALF YEARLY,55,55,0,-34.0,100.0
NCAJ,TELECOM,CCTV,QUARTERLY,339,200,139,9.1,59.0
NCAJ,TELECOM,CLOCK,HALF YEARLY,2,0,2,8.0,0.0
NCAJ,TELECOM,CLOCK,QUARTERLY,102,64,38,0.2,62.7
NCAJ,TELECOM,EARTH PIT,QUARTERLY,8,2,6,14.8,25.0
NCAJ,TELECOM,EARTH PIT,YEARLY,2,0,2,12.0,0.0
NCAJ,TELECOM,EPABX,HALF YEARLY,1,0,1,9.0,0.0
NCAJ,TELECOM,EPABX,MONTHLY,68,48,20,-0.2,70.6
NCAJ,TELECOM,EPABX,QUARTERLY,2,0,2,47.0,0.0
NCAJ,TELECOM,PAS/PIDS,HALF YEARLY,15,6,9,-8.2,40.0
NCAJ,TELECOM,PAS/PIDS,QUARTERLY,1207,745,462,2.5,61.7
NCAJ,TELECOM,PAS/PIDS,YEARLY,2,2,0,-365.0,100.0
NCAJ,TELECOM,RADIO,MONTHLY,18,12,6,-1.9,66.7
NCAJ,TELECOM,SDH/MPLS,QUARTERLY,1,0,1,57.0,0.0
NCAJ,TELECOM,SMPS,HALF YEARLY,2,0,2,29.0,0.0
NCAJ,TELECOM,SMPS,MONTHLY,34,22,12,-0.2,64.7
NCAJ,TELECOM,UPS,HALF YEARLY,4,4,0,-138.0,100.0
NCAJ,TELECOM,UPS,MONTHLY,35,23,12,-1.1,65.7
NCBC,AFC,AFC ROUTER,QUARTERLY,6,5,1,-20.0,83.3
NCBC,AFC,AFC SWITCH,QUARTERLY,24,20,4,-20.0,83.3
NCBC,AFC,AVM,MONTHLY,64,36,28,0.2,56.2
NCBC,AFC,EC,QUARTERLY,15,15,0,-17.0,100.0
NCBC,AFC,EFO,QUARTERLY,11,9,2,-22.0,81.8
NCBC,AFC,EMERGENCY SWITCH,MONTHLY,24,11,13,5.0,45.8
NCBC,AFC,GATE,MONTHLY,103,55,48,0.6,53.4
NCBC,AFC,RCTM,BI-WEEKLY,27,21,6,3.0,77.8
NCBC,AFC,RCTM,MONTHLY,15,13,2,3.4,86.7
NCBC,AFC,SC,HALF YEARLY,2,2,0,-11.5,100.0
NCBC,AFC,SWING BARRIER,MONTHLY,8,4,4,2.5,50.0
NCBC,AFC,TOM,QUARTERLY,12,10,2,-20.0,83.3
NCBC,AFC,TVM,BI-WEEKLY,52,42,10,2.4,80.8
NCBC,AFC,TVM,MONTHLY,32,28,4,1.3,87.5
NCBC,TELECOM,CCTV,HALF YEARLY,8,2,6,-0.8,25.0
NCBC,TELECOM,CCTV,QUARTERLY,302,188,114,0.2,62.3
NCBC,TELECOM,CLOCK,HALF YEARLY,2,1,1,19.5,50.0
NCBC,TELECOM,CLOCK,QUARTERLY,72,47,25,-6.8,65.3
NCBC,TELECOM,EARTH PIT,QUARTERLY,10,4,6,8.4,40.0
NCBC,TELECOM,EARTH PIT,YEARLY,2,0,2,11.0,0.0
NCBC,TELECOM,EPABX,HALF YEARLY,2,1,1,-1.5,50.0
NCBC,TELECOM,EPABX,MONTHLY,68,36,32,0.9,52.9
NCBC,TELECOM,EPABX,QUARTERLY,17,16,1,-63.9,94.1
NCBC,TELECOM,PAS/PIDS,HALF YEARLY,26,14,12,-11.5,53.8
NCBC,TELECOM,PAS/PIDS,QUARTERLY,663,424,239,-6.1,64.0
NCBC,TELECOM,RADIO,HALF YEARLY,3,2,1,-61.0,66.7
NCBC,TELECOM,RADIO,MONTHLY,17,9,8,0.9,52.9
NCBC,TELECOM,RADIO,QUARTERLY,2,2,0,-12.5,100.0
NCBC,TELECOM,SDH/MPLS,HALF YEARLY,2,2,0,-96.0,100.0
NCBC,TELECOM,SDH/MPLS,QUARTERLY,4,4,0,-21.8,100.0
NCBC,TELECOM,SMPS,HALF YEARLY,4,2,2,19.5,50.0
NCBC,TELECOM,SMPS,MONTHLY,34,20,14,0.9,58.8
NCBC,TELECOM,TER ROOM,MONTHLY,1,0,1,14.0,0.0
NCBC,TELECOM,UPS,HALF YEARLY,1,0,1,98.0,0.0
NCBC,TELECOM,UPS,MONTHLY,31,17,14,1.2,54.8
NCC,AFC,AFC SWITCH,QUARTERLY,2,1,1,76.0,50.0
NCC,AFC,AVM,MONTHLY,14,14,0,-29.0,100.0
NCC,AFC,EFO,QUARTERLY,3,1,2,35.0,33.3
NCC,AFC,GATE,MONTHLY,107,49,58,8.1,45.8
NCC,AFC,TOM,QUARTERLY,16,12,4,-41.0,75.0
NCC,AFC,TVM,BI-WEEKLY,19,7,12,30.9,36.8
NCC,AFC,TVM,MONTHLY,7,2,5,13.1,28.6
NCC,TELECOM,CCTV,QUARTERLY,52,39,13,-42.6,75.0
NCC,TELECOM,CLOCK,QUARTERLY,1,1,0,-90.0,100.0
NCC,TELECOM,EPABX,QUARTERLY,4,4,0,-90.0,100.0
NCC,TELECOM,PAS/PIDS,HALF YEARLY,5,5,0,-160.0,100.0
NCC,TELECOM,PAS/PIDS,QUARTERLY,237,147,90,-19.7,62.0
NCC,TELECOM,RADIO,MONTHLY,2,1,1,45.5,50.0
NCC,TELECOM,SMPS,HALF YEARLY,2,2,0,1.0,100.0
NCC,TELECOM,SMPS,MONTHLY,12,4,8,17.3,33.3
NCC,TELECOM,TELE ROUTER,QUARTERLY,2,2,0,-90.0,100.0
NCC,TELECOM,TELE SWITCH,HALF YEARLY,2,2,0,-180.0,100.0
NDI,AFC,AFC SWITCH,QUARTERLY,13,6,7,27.0,46.2
NDI,AFC,AVM,MONTHLY,23,11,12,37.0,47.8
NDI,AFC,EC,QUARTERLY,7,7,0,-35.0,100.0
NDI,AFC,EFO,QUARTERLY,22,15,7,-21.7,68.2
NDI,AFC,GATE,MONTHLY,417,233,184,1.8,55.9
NDI,AFC,SWING BARRIER,MONTHLY,3,3,0,-19.0,100.0
NDI,AFC,TOM,QUARTERLY,41,27,14,-9.1,65.9
NDI,AFC,TVM,MONTHLY,177,131,46,1.2,74.0
NDI,TELECOM,CCTV,QUARTERLY,12,12,0,-39.0,100.0
NDI,TELECOM,CLOCK,QUARTERLY,10,3,7,-0.7,30.0
NDI,TELECOM,PAS/PIDS,HALF YEARLY,10,4,6,-59.4,40.0
NDI,TELECOM,PAS/PIDS,MONTHLY,2,0,2,81.0,0.0
NDI,TELECOM,PAS/PIDS,QUARTERLY,9,2,7,109.2,22.2
NDI,TELECOM,PAS/PIDS,YEARLY,1,1,0,-155.0,100.0
NDI,TELECOM,RADIO,HALF YEARLY,2,0,2,138.0,0.0
NDI,TELECOM,RADIO,MONTHLY,3,0,3,139.0,0.0
NDI,TELECOM,SMPS,MONTHLY,34,20,14,4.1,58.8
NDI,TELECOM,UPS,HALF YEARLY,2,2,0,-171.0,100.0
NDI,TELECOM,UPS,MONTHLY,25,11,14,12.4,44.0
NDRU,AFC,AFC SWITCH,QUARTERLY,4,1,3,59.8,25.0
NDRU,AFC,AVM,MONTHLY,2,1,1,79.0,50.0
NDRU,AFC,GATE,MONTHLY,77,37,40,31.3,48.1
NDRU,AFC,SC,HALF YEARLY,1,0,1,200.0,0.0
NDRU,AFC,TOM,QUARTERLY,7,0,7,19.6,0.0
NDRU,AFC,TVM,BI-WEEKLY,6,2,4,143.7,33.3
NDRU,AFC,TVM,MONTHLY,18,10,8,25.7,55.6
NDRU,TELECOM,CCTV,HALF YEARLY,208,82,126,-34.0,39.4
NDRU,TELECOM,CCTV,MONTHLY,205,0,205,124.0,0.0
NDRU,TELECOM,CCTV,QUARTERLY,733,463,270,-16.4,63.2
NDRU,TELECOM,CLOCK,QUARTERLY,21,6,15,49.9,28.6
NDRU,TELECOM,EPABX,QUARTERLY,39,33,6,-7.2,84.6
NDRU,TELECOM,PAS/PIDS,HALF YEARLY,416,416,0,-177.3,100.0
NDRU,TELECOM,PAS/PIDS,MONTHLY,59,59,0,-23.0,100.0
NDRU,TELECOM,PAS/PIDS,QUARTERLY,195,195,0,-63.6,100.0
NDRU,TELECOM,UPS,MONTHLY,7,3,4,60.1,42.9
NECC,AFC,AFC SWITCH,QUARTERLY,4,0,4,39.2,0.0
NECC,AFC,AVM,MONTHLY,4,0,4,71.5,0.0
NECC,AFC,EC,HALF YEARLY,4,4,0,-38.0,100.0
NECC,AFC,EFO,QUARTERLY,8,6,2,-1.2,75.0
NECC,AFC,EMERGENCY SWITCH,MONTHLY,2,2,0,-30.0,100.0
NECC,AFC,GATE,MONTHLY,174,90,84,8.4,51.7
NECC,AFC,RCTM,BI-WEEKLY,9,2,7,31.6,22.2
NECC,AFC,RCTM,MONTHLY,2,0,2,97.5,0.0
NECC,AFC,TOM,QUARTERLY,8,6,2,-1.2,75.0
NECC,AFC,TVM,BI-WEEKLY,90,20,70,32.0,22.2
NECC,AFC,TVM,MONTHLY,98,39,59,8.3,39.8
NECC,TELECOM,CCTV,QUARTERLY,31,25,6,4.3,80.6
NECC,TELECOM,CLOCK,QUARTERLY,49,24,25,61.6,49.0
NECC,TELECOM,EARTH PIT,QUARTERLY,1,1,0,-6.0,100.0
NECC,TELECOM,EPABX,MONTHLY,52,16,36,74.0,30.8
NECC,TELECOM,PAS/PIDS,MONTHLY,2,0,2,328.0,0.0
NECC,TELECOM,PAS/PIDS,QUARTERLY,151,32,119,45.8,21.2
NECC,TELECOM,PEST CONTROL,MONTHLY,1,0,1,6.0,0.0
NECC,TELECOM,RADIO,MONTHLY,6,3,3,27.2,50.0
NECC,TELECOM,SDH/MPLS,QUARTERLY,1,0,1,94.0,0.0
NECC,TELECOM,SMPS,MONTHLY,28,14,14,5.6,50.0
NFGH,AFC,AFC ROUTER,QUARTERLY,2,1,1,-26.0,50.0
NFGH,AFC,AFC ROUTER,YEARLY,1,1,0,-297.0,100.0
NFGH,AFC,AFC SWITCH,QUARTERLY,29,24,5,-21.9,82.8
NFGH,AFC,AVM,MONTHLY,56,28,28,4.6,50.0
NFGH,AFC,CSM,MONTHLY,2,1,1,3.0,50.0
NFGH,AFC,EC,QUARTERLY,23,23,0,-47.6,100.0
NFGH,AFC,EFO,QUARTERLY,8,4,4,8.2,50.0
NFGH,AFC,EMERGENCY SWITCH,MONTHLY,16,8,8,1.5,50.0
NFGH,AFC,GATE,MONTHLY,245,159,86,-1.1,64.9
NFGH,AFC,RCTM,BI-WEEKLY,30,19,11,3.3,63.3
NFGH,AFC,RCTM,MONTHLY,18,13,5,-2.5,72.2
NFGH,AFC,SC,HALF YEARLY,2,2,0,-124.0,100.0
NFGH,AFC,SWING BARRIER,MONTHLY,26,16,10,7.3,61.5
NFGH,AFC,TOM,QUARTERLY,8,4,4,8.2,50.0
NFGH,AFC,TVM,BI-WEEKLY,209,148,61,0.9,70.8
NFGH,AFC,TVM,MONTHLY,95,65,30,1.0,68.4
NFGH,TELECOM,CCTV,QUARTERLY,272,147,125,21.1,54.0
NFGH,TELECOM,CLOCK,HALF YEARLY,1,0,1,12.0,0.0
NFGH,TELECOM,CLOCK,QUARTERLY,69,39,30,-7.3,56.5
NFGH,TELECOM,EPABX,HALF YEARLY,10,9,1,-147.6,90.0
NFGH,TELECOM,EPABX,MONTHLY,61,37,24,6.8,60.7
NFGH,TELECOM,EPABX,QUARTERLY,74,57,17,-13.2,77.0
NFGH,TELECOM,PAS/PIDS,HALF YEARLY,27,10,17,37.3,37.0
NFGH,TELECOM,PAS/PIDS,MONTHLY,140,16,124,36.7,11.4
NFGH,TELECOM,PAS/PIDS,QUARTERLY,1037,663,374,-4.6,63.9
NFGH,TELECOM,PAS/PIDS,YEARLY,2,2,0,-163.0,100.0
NFGH,TELECOM,PEST CONTROL,MONTHLY,5,3,2,24.4,60.0
NFGH,TELECOM,RADIO,HALF YEARLY,1,0,1,11.0,0.0
NFGH,TELECOM,RADIO,MONTHLY,17,8,9,17.2,47.1
NFGH,TELECOM,SDH/MPLS,HALF YEARLY,1,1,0,-88.0,100.0
NFGH,TELECOM,SDH/MPLS,QUARTERLY,4,4,0,-30.5,100.0
NFGH,TELECOM,SMPS,HALF YEARLY,4,2,2,2.0,50.0
NFGH,TELECOM,SMPS,MONTHLY,41,33,8,-6.1,80.5
NFGH,TELECOM,TER ROOM,MONTHLY,1,1,0,2.0,100.0
NHPC,AFC,AFC ROUTER,QUARTERLY,3,2,1,-13.0,66.7
NHPC,AFC,AFC SWITCH,QUARTERLY,9,6,3,-13.0,66.7
NHPC,AFC,AVM,MONTHLY,52,28,24,0.8,53.8
NHPC,AFC,EC,QUARTERLY,12,8,4,-13.0,66.7
NHPC,AFC,EFO,QUARTERLY,9,5,4,-1.7,55.6
NHPC,AFC,EMERGENCY SWITCH,MONTHLY,10,6,4,-1.6,60.0
NHPC,AFC,GATE,MONTHLY,162,99,63,-1.6,61.1
NHPC,AFC,RCTM,BI-WEEKLY,28,21,7,2.4,75.0
NHPC,AFC,RCTM,MONTHLY,16,15,1,-1.8,93.8
NHPC,AFC,SC,HALF YEARLY,1,1,0,-12.0,100.0
NHPC,AFC,SWING BARRIER,MONTHLY,8,4,4,1.9,50.0
NHPC,AFC,TOM,QUARTERLY,10,6,4,-6.2,60.0
NHPC,AFC,TVM,BI-WEEKLY,56,42,14,2.8,75.0
NHPC,AFC,TVM,MONTHLY,30,26,4,1.1,86.7
NHPC,TELECOM,CCTV,HALF YEARLY,112,109,3,-12.8,97.3
NHPC,TELECOM,CCTV,QUARTERLY,274,192,82,-3.7,70.1
NHPC,TELECOM,CLOCK,HALF YEARLY,6,6,0,-75.3,100.0
NHPC,TELECOM,CLOCK,QUARTERLY,69,53,16,-10.3,76.8
NHPC,TELECOM,EARTH PIT,QUARTERLY,8,2,6,33.0,25.0
NHPC,TELECOM,EARTH PIT,YEARLY,2,0,2,12.0,0.0
NHPC,TELECOM,EPABX,HALF YEARLY,1,1,0,-12.0,100.0
NHPC,TELECOM,EPABX,MONTHLY,64,36,28,1.7,56.2
NHPC,TELECOM,EPABX,QUARTERLY,5,4,1,-9.0,80.0
NHPC,TELECOM,PAS/PIDS,HALF YEARLY,16,10,6,28.6,62.5
NHPC,TELECOM,PAS/PIDS,QUARTERLY,365,253,112,-4.5,69.3
NHPC,TELECOM,RADIO,HALF YEARLY,1,1,0,-12.0,100.0
NHPC,TELECOM,RADIO,MONTHLY,18,12,6,-1.8,66.7
NHPC,TELECOM,RADIO,QUARTERLY,1,0,1,6.0,0.0
NHPC,TELECOM,SDH/MPLS,QUARTERLY,3,3,0,-20.0,100.0
NHPC,TELECOM,SMPS,HALF YEARLY,2,0,2,10.0,0.0
NHPC,TELECOM,SMPS,MONTHLY,36,22,14,-1.8,61.1
NHPC,TELECOM,TER ROOM,MONTHLY,1,1,0,-8.0,100.0
NHPC,TELECOM,UPS,HALF YEARLY,6,5,1,-148.3,83.3
NHPC,TELECOM,UPS,MONTHLY,34,20,14,-0.2,58.8
NIZM,AFC,AFC ROUTER,QUARTERLY,1,0,1,32.0,0.0
NIZM,AFC,AFC SWITCH,QUARTERLY,21,8,13,1.2,38.1
NIZM,AFC,AVM,MONTHLY,18,10,8,15.4,55.6
NIZM,AFC,EC,QUARTERLY,6,2,4,-8.7,33.3
NIZM,AFC,EFO,QUARTERLY,10,6,4,-20.0,60.0
NIZM,AFC,EMERGENCY SWITCH,MONTHLY,8,4,4,22.8,50.0
NIZM,AFC,GATE,MONTHLY,269,112,157,6.5,41.6
NIZM,AFC,RCTM,BI-WEEKLY,36,21,15,10.7,58.3
NIZM,AFC,RCTM,MONTHLY,18,12,6,22.3,66.7
NIZM,AFC,SCVM,BI-WEEKLY,16,10,6,13.1,62.5
NIZM,AFC,SCVM,MONTHLY,11,8,3,12.9,72.7
NIZM,AFC,SWING BARRIER,MONTHLY,7,3,4,30.3,42.9
NIZM,AFC,TOM,QUARTERLY,15,9,6,-20.0,60.0
NIZM,AFC,TVM,BI-WEEKLY,348,193,155,12.4,55.5
NIZM,AFC,TVM,MONTHLY,246,179,67,10.2,72.8
NIZM,TELECOM,CCTV,HALF YEARLY,162,162,0,-89.8,100.0
NIZM,TELECOM,CCTV,QUARTERLY,184,113,71,41.6,61.4
NIZM,TELECOM,CLOCK,QUARTERLY,52,32,20,-3.2,61.5
NIZM,TELECOM,EPABX,HALF YEARLY,5,4,1,-40.2,80.0
NIZM,TELECOM,EPABX,MONTHLY,10,2,8,133.8,20.0
NIZM,TELECOM,EPABX,QUARTERLY,52,35,17,-12.4,67.3
NIZM,TELECOM,PAS/PIDS,HALF YEARLY,64,58,6,-78.0,90.6
NIZM,TELECOM,PAS/PIDS,MONTHLY,52,0,52,16.0,0.0
NIZM,TELECOM,PAS/PIDS,QUARTERLY,250,157,93,1.3,62.8
NIZM,TELECOM,RADIO,MONTHLY,8,2,6,85.4,25.0
NIZM,TELECOM,SDH/MPLS,MONTHLY,1,0,1,128.0,0.0
NIZM,TELECOM,SDH/MPLS,QUARTERLY,3,1,2,-4.7,33.3
NIZM,TELECOM,SMPS,HALF YEARLY,2,0,2,149.0,0.0
NIZM,TELECOM,SMPS,MONTHLY,49,37,12,-10.7,75.5
NIZM,TELECOM,SMPS,YEARLY,2,2,0,-290.0,100.0
NJFD,IT,IT SWITCH,HALF YEARLY,5,5,0,0.0,100.0
NJFD,IT,IT SWITCH,QUARTERLY,5,0,5,13.0,0.0
NJFD,TELECOM,CCTV,QUARTERLY,55,25,30,-33.7,45.5
NJFD,TELECOM,CLOCK,HALF YEARLY,2,1,1,-86.5,50.0
NJFD,TELECOM,CLOCK,QUARTERLY,71,65,6,-72.2,91.5
NJFD,TELECOM,EARTH PIT,QUARTERLY,1,1,0,-7.0,100.0
NJFD,TELECOM,NETWORKING,QUARTERLY,2,1,1,-8.5,50.0
NJFD,TELECOM,PAS/PIDS,HALF YEARLY,313,313,0,0.0,100.0
NJFD,TELECOM,PAS/PIDS,QUARTERLY,835,520,315,-22.8,62.3
NJFD,TELECOM,PEST CONTROL,MONTHLY,3,3,0,-2.3,100.0
NJFD,TELECOM,RADIO,HALF YEARLY,3,0,3,6.3,0.0
NJFD,TELECOM,RADIO,MONTHLY,224,111,113,18.1,49.6
NJFD,TELECOM,RADIO,QUARTERLY,6,2,4,-7.5,33.3
NJFD,TELECOM,SMPS,HALF YEARLY,1,1,0,-110.0,100.0
NJFD,TELECOM,SMPS,MONTHLY,15,11,4,-6.9,73.3
NJFD,TELECOM,SMPS,QUARTERLY,4,2,2,2.0,50.0
NJFD,TELECOM,TER ROOM,MONTHLY,2,2,0,-4.0,100.0
NNGI,AFC,AFC ROUTER,QUARTERLY,2,1,1,4.0,50.0
NNGI,AFC,AFC ROUTER,YEARLY,1,1,0,-357.0,100.0
NNGI,AFC,AFC SWITCH,QUARTERLY,12,6,6,16.0,50.0
NNGI,AFC,AVM,MONTHLY,30,18,12,2.2,60.0
NNGI,AFC,CSM,MONTHLY,3,3,0,-2.0,100.0
NNGI,AFC,EC,HALF YEARLY,6,3,3,-82.0,50.0
NNGI,AFC,EC,QUARTERLY,9,6,3,-24.7,66.7
NNGI,AFC,EFO,QUARTERLY,5,4,1,-5.0,80.0
NNGI,AFC,EMERGENCY SWITCH,MONTHLY,8,5,3,1.8,62.5
NNGI,AFC,GATE,MONTHLY,64,44,20,0.2,68.8
NNGI,AFC,RCTM,BI-WEEKLY,29,16,13,2.3,55.2
NNGI,AFC,RCTM,MONTHLY,17,12,5,0.1,70.6
NNGI,AFC,SC,HALF YEARLY,2,2,0,-66.5,100.0
NNGI,AFC,SWING BARRIER,MONTHLY,15,9,6,2.2,60.0
NNGI,AFC,TOM,QUARTERLY,12,10,2,-19.2,83.3
NNGI,AFC,TVM,BI-WEEKLY,93,54,39,2.2,58.1
NNGI,AFC,TVM,MONTHLY,51,39,12,-1.6,76.5
NNGI,TELECOM,CCTV,HALF YEARLY,37,0,37,76.0,0.0
NNGI,TELECOM,CCTV,QUARTERLY,215,82,133,38.2,38.1
NNGI,TELECOM,CLOCK,HALF YEARLY,2,2,0,-44.5,100.0
NNGI,TELECOM,CLOCK,QUARTERLY,43,21,22,43.5,48.8
NNGI,TELECOM,EARTH PIT,QUARTERLY,12,12,0,-33.0,100.0
NNGI,TELECOM,EARTH PIT,YEARLY,4,4,0,-337.0,100.0
NNGI,TELECOM,EPABX,HALF YEARLY,1,1,0,-35.0,100.0
NNGI,TELECOM,EPABX,MONTHLY,40,11,29,10.0,27.5
NNGI,TELECOM,EPABX,QUARTERLY,7,5,2,-37.1,71.4
NNGI,TELECOM,EPABX,YEARLY,1,1,0,-330.0,100.0
NNGI,TELECOM,PAS/PIDS,HALF YEARLY,16,16,0,-28.6,100.0
NNGI,TELECOM,PAS/PIDS,MONTHLY,205,95,110,56.7,46.3
NNGI,TELECOM,PAS/PIDS,QUARTERLY,245,54,191,39.6,22.0
NNGI,TELECOM,PEST CONTROL,MONTHLY,6,0,6,97.0,0.0
NNGI,TELECOM,RADIO,MONTHLY,16,11,5,-1.4,68.8
NNGI,TELECOM,SDH/MPLS,HALF YEARLY,1,1,0,-5.0,100.0
NNGI,TELECOM,SDH/MPLS,QUARTERLY,3,2,1,-8.3,66.7
NNGI,TELECOM,SMPS,HALF YEARLY,4,0,4,28.0,0.0
NNGI,TELECOM,SMPS,MONTHLY,30,16,14,1.5,53.3
NNGI,TELECOM,TER ROOM,MONTHLY,1,0,1,4.0,0.0
NNGI,TELECOM,UPS,HALF YEARLY,6,5,1,-148.5,83.3
NNGI,TELECOM,UPS,MONTHLY,28,13,15,1.5,46.4
NNGI,TELECOM,UPS,YEARLY,4,2,2,-168.5,50.0
NNOI,AFC,AFC SWITCH,QUARTERLY,9,9,0,-50.3,100.0
NNOI,AFC,AVM,MONTHLY,18,10,8,2.9,55.6
NNOI,AFC,EFO,QUARTERLY,6,6,0,-23.3,100.0
NNOI,AFC,EMERGENCY SWITCH,MONTHLY,6,2,4,9.5,33.3
NNOI,AFC,GATE,MONTHLY,90,48,42,20.2,53.3
NNOI,AFC,SWING BARRIER,MONTHLY,5,4,1,-10.6,80.0
NNOI,AFC,TOM,QUARTERLY,15,15,0,-23.3,100.0
NNOI,AFC,TVM,MONTHLY,32,28,4,-0.4,87.5
NNOI,TELECOM,CCTV,QUARTERLY,45,16,29,5.9,35.6
NNOI,TELECOM,CLOCK,QUARTERLY,10,1,9,7.8,10.0
NNOI,TELECOM,EARTH PIT,QUARTERLY,2,2,0,-1.0,100.0
NNOI,TELECOM,EPABX,MONTHLY,20,20,0,-1.8,100.0
NNOI,TELECOM,EPABX,QUARTERLY,2,2,0,-4.0,100.0
NNOI,TELECOM,PAS/PIDS,HALF YEARLY,4,4,0,-106.0,100.0
NNOI,TELECOM,PAS/PIDS,MONTHLY,8,8,0,-0.8,100.0
NNOI,TELECOM,PAS/PIDS,QUARTERLY,112,33,79,10.4,29.5
NNOI,TELECOM,PAS/PIDS,YEARLY,2,2,0,-365.0,100.0
NNOI,TELECOM,PEST CONTROL,MONTHLY,5,5,0,-1.8,100.0
NNOI,TELECOM,RADIO,MONTHLY,5,5,0,-1.8,100.0
NNOI,TELECOM,SDH/MPLS,QUARTERLY,1,0,1,6.0,0.0
NNOI,TELECOM,SMPS,MONTHLY,12,4,8,6.3,33.3
NNOI,TELECOM,TELE ROUTER,QUARTERLY,2,0,2,6.0,0.0
NNOI,TELECOM,TELE SWITCH,QUARTERLY,4,2,2,-4.0,50.0
NP,AFC,AFC SWITCH,QUARTERLY,18,15,3,-12.0,83.3
NP,AFC,AVM,MONTHLY,5,0,5,32.0,0.0
NP,AFC,EFO,QUARTERLY,2,2,0,-20.0,100.0
NP,AFC,EMERGENCY SWITCH,MONTHLY,1,1,0,-9.0,100.0
NP,AFC,GATE,MONTHLY,151,60,91,18.2,39.7
NP,AFC,TOM,QUARTERLY,1,1,0,-20.0,100.0
NP,AFC,TVM,BI-WEEKLY,108,92,16,1.6,85.2
NP,AFC,TVM,MONTHLY,56,40,16,0.1,71.4
NP,TELECOM,CCTV,QUARTERLY,36,0,36,171.3,0.0
NP,TELECOM,CLOCK,QUARTERLY,10,6,4,5.0,60.0
NP,TELECOM,EPABX,MONTHLY,20,12,8,51.0,60.0
NP,TELECOM,EPABX,QUARTERLY,5,3,2,31.8,60.0
NP,TELECOM,NETWORKING,HALF YEARLY,1,1,0,-180.0,100.0
NP,TELECOM,NETWORKING,QUARTERLY,2,1,1,35.5,50.0
NP,TELECOM,PAS/PIDS,HALF YEARLY,8,0,8,106.0,0.0
NP,TELECOM,PAS/PIDS,QUARTERLY,77,47,30,-3.4,61.0
NP,TELECOM,RADIO,MONTHLY,8,2,6,71.2,25.0
NP,TELECOM,SDH/MPLS,QUARTERLY,1,1,0,0.0,100.0
NP,TELECOM,SMPS,MONTHLY,31,18,13,-2.7,58.1
NRSN,AFC,AVM,MONTHLY,6,0,6,48.0,0.0
NRSN,AFC,EC,QUARTERLY,1,1,0,-51.0,100.0
NRSN,AFC,EFO,QUARTERLY,2,2,0,2.0,100.0
NRSN,AFC,EMERGENCY SWITCH,MONTHLY,4,2,2,9.0,50.0
NRSN,AFC,GATE,MONTHLY,49,35,14,0.1,71.4
NRSN,AFC,SWING BARRIER,MONTHLY,4,2,2,9.0,50.0
NRSN,AFC,TOM,QUARTERLY,2,2,0,2.0,100.0
NRSN,AFC,TVM,MONTHLY,40,35,5,-0.1,87.5
NRSN,TELECOM,CCTV,HALF YEARLY,30,30,0,-110.0,100.0
NRSN,TELECOM,CCTV,QUARTERLY,37,0,37,14.9,0.0
NRSN,TELECOM,CLOCK,QUARTERLY,10,0,10,18.5,0.0
NRSN,TELECOM,EARTH PIT,QUARTERLY,4,2,2,-19.5,50.0
NRSN,TELECOM,EPABX,MONTHLY,16,12,4,-0.5,75.0
NRSN,TELECOM,PAS/PIDS,HALF YEARLY,3,3,0,-148.0,100.0
NRSN,TELECOM,PAS/PIDS,MONTHLY,8,6,2,-0.5,75.0
NRSN,TELECOM,PAS/PIDS,QUARTERLY,59,3,56,13.0,5.1
NRSN,TELECOM,PEST CONTROL,MONTHLY,6,4,2,5.2,66.7
NRSN,TELECOM,RADIO,MONTHLY,6,4,2,5.2,66.7
NRSN,TELECOM,SDH/MPLS,QUARTERLY,1,0,1,21.0,0.0
NRSN,TELECOM,SMPS,MONTHLY,6,5,1,0.5,83.3
NRSN,TELECOM,UPS,MONTHLY,7,5,2,1.0,71.4
NSBL,TELECOM,CCTV,MONTHLY,3,0,3,33.0,0.0
NSBL,TELECOM,CCTV,QUARTERLY,23,14,9,2.7,60.9
NSBL,TELECOM,CLOCK,QUARTERLY,1,1,0,-33.0,100.0
NSBL,TELECOM,EPABX,QUARTERLY,8,8,0,-49.0,100.0
NSBL,TELECOM,PAS/PIDS,MONTHLY,5,5,0,-30.0,100.0
NSBL,TELECOM,RADIO,MONTHLY,1,0,1,81.0,0.0
NSET,AFC,AVM,MONTHLY,3,0,3,18.0,0.0
NSET,AFC,EFO,QUARTERLY,1,0,1,51.0,0.0
NSET,AFC,EMERGENCY SWITCH,MONTHLY,3,3,0,-26.0,100.0
NSET,AFC,GATE,MONTHLY,75,27,48,26.9,36.0
NSET,AFC,TOM,QUARTERLY,4,0,4,51.0,0.0
NSET,AFC,TVM,BI-WEEKLY,13,6,7,18.8,46.2
NSET,AFC,TVM,MONTHLY,10,5,5,6.6,50.0
NSET,TELECOM,CCTV,QUARTERLY,86,54,32,-4.9,62.8
NSET,TELECOM,CLOCK,QUARTERLY,22,22,0,-89.7,100.0
NSET,TELECOM,EPABX,HALF YEARLY,1,1,0,-177.0,100.0
NSET,TELECOM,EPABX,MONTHLY,4,2,2,63.5,50.0
NSET,TELECOM,EPABX,QUARTERLY,8,6,2,-43.2,75.0
NSET,TELECOM,PAS/PIDS,HALF YEARLY,15,7,8,18.4,46.7
NSET,TELECOM,PAS/PIDS,MONTHLY,44,0,44,20.0,0.0
NSET,TELECOM,PAS/PIDS,QUARTERLY,183,47,136,61.6,25.7
NSET,TELECOM,RADIO,MONTHLY,3,1,2,51.7,33.3
NSET,TELECOM,SMPS,MONTHLY,10,2,8,26.8,20.0
NSET,TELECOM,UPS,MONTHLY,10,5,5,38.8,50.0
NSFT,AFC,AFC ROUTER,QUARTERLY,1,0,1,333.0,0.0
NSFT,AFC,AFC SWITCH,QUARTERLY,11,5,6,36.0,45.5
NSFT,AFC,AVM,MONTHLY,6,0,6,117.0,0.0
NSFT,AFC,EC,QUARTERLY,5,1,4,24.4,20.0
NSFT,AFC,EFO,QUARTERLY,6,4,2,72.3,66.7
NSFT,AFC,EMERGENCY SWITCH,MONTHLY,2,0,2,43.5,0.0
NSFT,AFC,GATE,MONTHLY,225,82,143,11.9,36.4
NSFT,AFC,SWING BARRIER,MONTHLY,1,0,1,117.0,0.0
NSFT,AFC,TOM,QUARTERLY,16,12,4,31.8,75.0
NSFT,AFC,TVM,BI-WEEKLY,30,14,16,15.0,46.7
NSFT,AFC,TVM,MONTHLY,29,17,12,4.0,58.6
NSFT,TELECOM,CCTV,QUARTERLY,54,1,53,211.9,1.9
NSFT,TELECOM,CLOCK,QUARTERLY,15,0,15,124.5,0.0
NSFT,TELECOM,EPABX,MONTHLY,3,0,3,185.0,0.0
NSFT,TELECOM,EPABX,QUARTERLY,2,1,1,93.0,50.0
NSFT,TELECOM,PAS/PIDS,HALF YEARLY,10,1,9,160.2,10.0
NSFT,TELECOM,PAS/PIDS,QUARTERLY,341,94,247,80.5,27.6
NSFT,TELECOM,RADIO,MONTHLY,6,0,6,38.2,0.0
NSFT,TELECOM,SDH/MPLS,QUARTERLY,1,1,0,-7.0,100.0
NSFT,TELECOM,SMPS,MONTHLY,15,5,10,34.5,33.3
NSFT,TELECOM,UPS,MONTHLY,15,5,10,34.5,33.3
NSHP1,AFC,AFC SWITCH,QUARTERLY,2,0,2,36.5,0.0
NSHP1,AFC,AVM,MONTHLY,41,17,24,4.4,41.5
NSHP1,AFC,EFO,QUARTERLY,6,4,2,-14.2,66.7
NSHP1,AFC,GATE,MONTHLY,265,139,126,3.1,52.5
NSHP1,AFC,SWING BARRIER,MONTHLY,9,3,6,21.2,33.3
NSHP1,AFC,TOM,QUARTERLY,13,9,4,-18.5,69.2
NSHP1,AFC,TVM,BI-WEEKLY,22,10,12,45.6,45.5
NSHP1,AFC,TVM,MONTHLY,81,35,46,0.6,43.2
NSHP1,IT,IT SWITCH,QUARTERLY,1,0,1,81.0,0.0
NSHP1,TELECOM,CCTV,HALF YEARLY,12,12,0,-174.0,100.0
NSHP1,TELECOM,CCTV,MONTHLY,8,6,2,0.0,75.0
NSHP1,TELECOM,CCTV,QUARTERLY,119,55,64,6.3,46.2
NSHP1,TELECOM,CLOCK,QUARTERLY,57,27,30,25.4,47.4
NSHP1,TELECOM,EPABX,HALF YEARLY,1,1,0,-107.0,100.0
NSHP1,TELECOM,EPABX,MONTHLY,40,26,14,-0.3,65.0
NSHP1,TELECOM,EPABX,QUARTERLY,19,16,3,-50.2,84.2
NSHP1,TELECOM,NETWORKING,QUARTERLY,2,0,2,7.0,0.0
NSHP1,TELECOM,PAS/PIDS,HALF YEARLY,6,4,2,-44.0,66.7
NSHP1,TELECOM,PAS/PIDS,MONTHLY,2,2,0,-9.0,100.0
NSHP1,TELECOM,PAS/PIDS,QUARTERLY,378,236,142,-4.2,62.4
NSHP1,TELECOM,RADIO,MONTHLY,14,5,9,6.5,35.7
NSHP1,TELECOM,SDH/MPLS,QUARTERLY,3,1,2,-6.0,33.3
NSHP1,TELECOM,SDH/MPLS,YEARLY,1,1,0,-347.0,100.0
NSHP1,TELECOM,SMPS,MONTHLY,29,12,17,3.3,41.4
NSHP1,TELECOM,UPS,HALF YEARLY,6,5,1,-54.8,83.3
NSHP1,TELECOM,UPS,MONTHLY,32,15,17,2.4,46.9
NSHP7,AFC,AFC ROUTER,QUARTERLY,4,4,0,-48.8,100.0
NSHP7,AFC,AFC SWITCH,QUARTERLY,40,37,3,-39.9,92.5
NSHP7,AFC,AVM,MONTHLY,55,37,18,1.1,67.3
NSHP7,AFC,CSM,MONTHLY,4,3,1,-7.0,75.0
NSHP7,AFC,EC,HALF YEARLY,5,5,0,-13.0,100.0
NSHP7,AFC,EC,QUARTERLY,11,4,7,3.2,36.4
NSHP7,AFC,EFO,QUARTERLY,5,2,3,55.2,40.0
NSHP7,AFC,EMERGENCY SWITCH,MONTHLY,6,4,2,112.3,66.7
NSHP7,AFC,GATE,MONTHLY,203,153,50,-5.2,75.4
NSHP7,AFC,RCTM,BI-WEEKLY,59,47,12,2.4,79.7
NSHP7,AFC,RCTM,MONTHLY,13,7,6,44.9,53.8
NSHP7,AFC,SC,HALF YEARLY,2,1,1,-22.5,50.0
NSHP7,AFC,SWING BARRIER,MONTHLY,14,6,8,30.6,42.9
NSHP7,AFC,TOM,QUARTERLY,8,5,3,3.8,62.5
NSHP7,AFC,TVM,BI-WEEKLY,191,166,25,1.2,86.9
NSHP7,AFC,TVM,MONTHLY,30,12,18,67.4,40.0
NSHP7,TELECOM,CCTV,HALF YEARLY,130,62,68,-3.0,47.7
NSHP7,TELECOM,CCTV,QUARTERLY,326,182,144,10.6,55.8
NSHP7,TELECOM,CLOCK,HALF YEARLY,3,2,1,-49.7,66.7
NSHP7,TELECOM,CLOCK,QUARTERLY,87,72,15,-23.5,82.8
NSHP7,TELECOM,EPABX,MONTHLY,70,23,47,36.6,32.9
NSHP7,TELECOM,EPABX,QUARTERLY,100,100,0,-66.2,100.0
NSHP7,TELECOM,PAS/PIDS,HALF YEARLY,355,344,11,-76.1,96.9
NSHP7,TELECOM,PAS/PIDS,MONTHLY,33,10,23,25.3,30.3
NSHP7,TELECOM,PAS/PIDS,QUARTERLY,730,425,305,15.4,58.2
NSHP7,TELECOM,RADIO,MONTHLY,54,37,17,7.3,68.5
NSHP7,TELECOM,RADIO,QUARTERLY,3,3,0,-45.0,100.0
NSHP7,TELECOM,SDH/MPLS,HALF YEARLY,1,1,0,-50.0,100.0
NSHP7,TELECOM,SDH/MPLS,QUARTERLY,3,2,1,-2.7,66.7
NSHP7,TELECOM,SMPS,HALF YEARLY,2,2,0,-29.5,100.0
NSHP7,TELECOM,SMPS,MONTHLY,34,25,9,-0.4,73.5
NSHP7,TELECOM,TER ROOM,MONTHLY,1,1,0,-12.0,100.0
NSHP7,TELECOM,UPS,MONTHLY,10,2,8,48.9,20.0
NSST,AFC,AFC ROUTER,QUARTERLY,2,1,1,114.0,50.0
NSST,AFC,AFC SWITCH,QUARTERLY,12,6,6,12.0,50.0
NSST,AFC,AVM,MONTHLY,24,18,6,3.2,75.0
NSST,AFC,EC,QUARTERLY,4,0,4,44.0,0.0
NSST,AFC,EFO,QUARTERLY,4,2,2,81.5,50.0
NSST,AFC,EMERGENCY SWITCH,MONTHLY,8,5,3,5.2,62.5
NSST,AFC,GATE,MONTHLY,252,152,100,8.4,60.3
NSST,AFC,SWING BARRIER,MONTHLY,6,3,3,12.7,50.0
NSST,AFC,TOM,QUARTERLY,3,1,2,24.3,33.3
NSST,AFC,TVM,BI-WEEKLY,62,26,36,27.1,41.9
NSST,AFC,TVM,MONTHLY,83,47,36,5.4,56.6
NSST,TELECOM,CCTV,QUARTERLY,89,57,32,-13.7,64.0
NSST,TELECOM,CLOCK,QUARTERLY,46,11,35,58.6,23.9
NSST,TELECOM,EPABX,QUARTERLY,3,3,0,-62.0,100.0
NSST,TELECOM,PAS/PIDS,HALF YEARLY,4,4,0,-97.0,100.0
NSST,TELECOM,PAS/PIDS,QUARTERLY,174,113,61,30.9,64.9
NSST,TELECOM,RADIO,MONTHLY,9,4,5,20.3,44.4
NSST,TELECOM,SDH/MPLS,QUARTERLY,2,2,0,-48.0,100.0
NSST,TELECOM,SMPS,MONTHLY,12,4,8,48.7,33.3
NUEE,AFC,AFC SWITCH,YEARLY,2,2,0,-212.0,100.0
NUEE,AFC,AVM,MONTHLY,42,24,18,6.8,57.1
NUEE,AFC,EFO,QUARTERLY,6,2,4,41.3,33.3
NUEE,AFC,GATE,MONTHLY,133,55,78,13.4,41.4
NUEE,AFC,RCTM,BI-WEEKLY,38,18,20,9.4,47.4
NUEE,AFC,RCTM,MONTHLY,22,13,9,9.9,59.1
NUEE,AFC,SC,HALF YEARLY,2,1,1,-9.0,50.0
NUEE,AFC,SWING BARRIER,MONTHLY,10,6,4,44.4,60.0
NUEE,AFC,TOM,QUARTERLY,8,6,2,8.5,75.0
NUEE,AFC,TVM,BI-WEEKLY,204,90,114,12.1,44.1
NUEE,AFC,TVM,MONTHLY,150,96,54,5.0,64.0
NUEE,IT,IT ROUTER,QUARTERLY,2,2,0,-80.0,100.0
NUEE,IT,IT SWITCH,QUARTERLY,1,1,0,-90.0,100.0
NUEE,TELECOM,CCTV,MONTHLY,120,72,48,83.9,60.0
NUEE,TELECOM,CCTV,QUARTERLY,165,129,36,-26.7,78.2
NUEE,TELECOM,CLOCK,QUARTERLY,15,13,2,-58.1,86.7
NUEE,TELECOM,EPABX,MONTHLY,31,6,25,93.1,19.4
NUEE,TELECOM,EPABX,QUARTERLY,6,0,6,308.0,0.0
NUEE,TELECOM,PAS/PIDS,MONTHLY,21,15,6,16.1,71.4
NUEE,TELECOM,PAS/PIDS,QUARTERLY,265,239,26,-47.5,90.2
NUEE,TELECOM,RADIO,MONTHLY,16,8,8,17.0,50.0
NUEE,TELECOM,SDH/MPLS,HALF YEARLY,1,0,1,151.0,0.0
NUEE,TELECOM,SDH/MPLS,QUARTERLY,1,1,0,-27.0,100.0
NUEE,TELECOM,SMPS,HALF YEARLY,2,0,2,162.0,0.0
NUEE,TELECOM,SMPS,MONTHLY,24,12,12,4.3,50.0
NUEE,TELECOM,UPS,MONTHLY,5,0,5,37.8,0.0
NV,AFC,AFC SWITCH,QUARTERLY,11,8,3,-32.7,72.7
NV,AFC,AVM,MONTHLY,23,7,16,54.2,30.4
NV,AFC,EMERGENCY SWITCH,MONTHLY,1,0,1,41.0,0.0
NV,AFC,GATE,MONTHLY,234,133,101,4.3,56.8
NV,AFC,SWING BARRIER,MONTHLY,1,1,0,-23.0,100.0
NV,AFC,TOM,QUARTERLY,29,17,12,3.5,58.6
NV,AFC,TVM,BI-WEEKLY,24,10,14,19.3,41.7
NV,AFC,TVM,MONTHLY,12,4,8,31.3,33.3
NV,TELECOM,CCTV,HALF YEARLY,16,16,0,-170.6,100.0
NV,TELECOM,CCTV,MONTHLY,14,14,0,-21.4,100.0
NV,TELECOM,CCTV,QUARTERLY,111,76,35,33.2,68.5
NV,TELECOM,CCTV,YEARLY,3,3,0,-313.0,100.0
NV,TELECOM,CLOCK,QUARTERLY,72,37,35,22.9,51.4
NV,TELECOM,EPABX,HALF YEARLY,2,2,0,-92.0,100.0
NV,TELECOM,EPABX,MONTHLY,22,8,14,38.4,36.4
NV,TELECOM,EPABX,QUARTERLY,16,11,5,-47.1,68.8
NV,TELECOM,EPABX,YEARLY,1,0,1,9.0,0.0
NV,TELECOM,PAS/PIDS,HALF YEARLY,12,4,8,-23.7,33.3
NV,TELECOM,PAS/PIDS,QUARTERLY,244,57,187,44.8,23.4
NV,TELECOM,PAS/PIDS,YEARLY,8,8,0,-38.0,100.0
NV,TELECOM,RADIO,MONTHLY,1,0,1,297.0,0.0
NV,TELECOM,SDH/MPLS,YEARLY,1,1,0,-365.0,100.0
NV,TELECOM,SMPS,HALF YEARLY,1,0,1,198.0,0.0
NV,TELECOM,SMPS,MONTHLY,19,9,10,7.4,47.4
NV,TELECOM,TELE SWITCH,HALF YEARLY,2,0,2,149.0,0.0
NV,TELECOM,TELE SWITCH,YEARLY,4,4,0,-118.5,100.0
NV,TELECOM,TER ROOM,MONTHLY,1,1,0,-30.0,100.0
NV,TELECOM,UPS,HALF YEARLY,2,2,0,-180.0,100.0
NV,TELECOM,UPS,MONTHLY,21,6,15,17.9,28.6
NV,TELECOM,UPS,YEARLY,2,2,0,-312.5,100.0
NWDA,AFC,AFC SWITCH,QUARTERLY,9,5,4,2.0,55.6
NWDA,AFC,AVM,MONTHLY,32,24,8,3.1,75.0
NWDA,AFC,EC,QUARTERLY,14,6,8,-3.4,42.9
NWDA,AFC,EFO,QUARTERLY,2,0,2,10.0,0.0
NWDA,AFC,EMERGENCY SWITCH,MONTHLY,7,4,3,17.4,57.1
NWDA,AFC,GATE,MONTHLY,126,71,55,13.3,56.3
NWDA,AFC,SWING BARRIER,MONTHLY,8,6,2,17.8,75.0
NWDA,AFC,TOM,QUARTERLY,4,4,0,-41.0,100.0
NWDA,AFC,TVM,BI-WEEKLY,95,54,41,24.8,56.8
NWDA,AFC,TVM,MONTHLY,56,16,40,34.6,28.6
NWDA,IT,IT SWITCH,QUARTERLY,2,0,2,8.0,0.0
NWDA,TELECOM,CCTV,MONTHLY,8,8,0,-10.0,100.0
NWDA,TELECOM,CCTV,QUARTERLY,70,9,61,39.8,12.9
NWDA,TELECOM,CLOCK,QUARTERLY,68,55,13,-37.1,80.9
NWDA,TELECOM,EARTH PIT,QUARTERLY,1,0,1,65.0,0.0
NWDA,TELECOM,EPABX,MONTHLY,16,8,8,27.2,50.0
NWDA,TELECOM,EPABX,QUARTERLY,5,4,1,-44.8,80.0
NWDA,TELECOM,PAS/PIDS,HALF YEARLY,22,13,9,-10.3,59.1
NWDA,TELECOM,PAS/PIDS,QUARTERLY,225,5,220,43.2,2.2
NWDA,TELECOM,PAS/PIDS,YEARLY,1,1,0,-365.0,100.0
NWDA,TELECOM,RADIO,MONTHLY,5,4,1,12.4,80.0
NWDA,TELECOM,RADIO,QUARTERLY,1,0,1,172.0,0.0
NWDA,TELECOM,SDH/MPLS,QUARTERLY,1,0,1,41.0,0.0
NWDA,TELECOM,SMPS,MONTHLY,20,9,11,20.4,45.0
NWDA,TELECOM,TELE SWITCH,HALF YEARLY,2,0,2,73.0,0.0
NWDA,TELECOM,TELE SWITCH,QUARTERLY,2,0,2,98.0,0.0
NWDA,TELECOM,TER ROOM,MONTHLY,2,2,0,-14.5,100.0
NWDA,TELECOM,UPS,HALF YEARLY,3,3,0,-111.7,100.0
NWDA,TELECOM,UPS,MONTHLY,4,0,4,99.2,0.0
NWDA,TELECOM,UPS,YEARLY,2,2,0,-136.0,100.0
OFBD,AFC,AFC SWITCH,QUARTERLY,6,3,3,30.0,50.0
OFBD,AFC,AVM,MONTHLY,28,12,16,30.1,42.9
OFBD,AFC,EC,QUARTERLY,12,8,4,-10.0,66.7
OFBD,AFC,EFO,QUARTERLY,10,8,2,-5.6,80.0
OFBD,AFC,EMERGENCY SWITCH,MONTHLY,10,4,6,21.6,40.0
OFBD,AFC,GATE,MONTHLY,180,103,77,1.9,57.2
OFBD,AFC,RCTM,BI-WEEKLY,27,19,8,3.1,70.4
OFBD,AFC,RCTM,MONTHLY,14,11,3,0.4,78.6
OFBD,AFC,SC,HALF YEARLY,1,1,0,-14.0,100.0
OFBD,AFC,SWING BARRIER,MONTHLY,1,0,1,231.0,0.0
OFBD,AFC,TOM,QUARTERLY,20,16,4,-5.6,80.0
OFBD,AFC,TVM,BI-WEEKLY,108,76,32,3.1,70.4
OFBD,AFC,TVM,MONTHLY,60,44,16,1.3,73.3
OFBD,TELECOM,CCTV,HALF YEARLY,8,8,0,-84.0,100.0
OFBD,TELECOM,CCTV,QUARTERLY,286,173,113,-1.4,60.5
OFBD,TELECOM,CCTV,YEARLY,4,4,0,-342.0,100.0
OFBD,TELECOM,CLOCK,QUARTERLY,99,50,49,-6.6,50.5
OFBD,TELECOM,EARTH PIT,QUARTERLY,10,6,4,22.6,60.0
OFBD,TELECOM,EARTH PIT,YEARLY,2,0,2,12.0,0.0
OFBD,TELECOM,EPABX,HALF YEARLY,2,0,2,12.0,0.0
OFBD,TELECOM,EPABX,MONTHLY,64,42,22,0.8,65.6
OFBD,TELECOM,EPABX,QUARTERLY,4,2,2,35.5,50.0
OFBD,TELECOM,PAS/PIDS,HALF YEARLY,11,10,1,-75.3,90.9
OFBD,TELECOM,PAS/PIDS,QUARTERLY,978,592,386,-13.2,60.5
OFBD,TELECOM,PAS/PIDS,YEARLY,2,2,0,-342.0,100.0
OFBD,TELECOM,RADIO,MONTHLY,15,8,7,3.9,53.3
OFBD,TELECOM,SDH/MPLS,QUARTERLY,1,0,1,165.0,0.0
OFBD,TELECOM,SMPS,HALF YEARLY,2,2,0,-14.0,100.0
OFBD,TELECOM,SMPS,MONTHLY,36,22,14,-0.9,61.1
OKBS,AFC,AFC ROUTER,QUARTERLY,1,1,0,-83.0,100.0
OKBS,AFC,AFC SWITCH,QUARTERLY,5,5,0,-83.0,100.0
OKBS,AFC,AVM,MONTHLY,30,12,18,29.9,40.0
OKBS,AFC,EFO,QUARTERLY,8,4,4,16.8,50.0
OKBS,AFC,GATE,MONTHLY,137,66,71,22.8,48.2
OKBS,AFC,RCTM,BI-WEEKLY,18,4,14,11.6,22.2
OKBS,AFC,RCTM,MONTHLY,14,11,3,2.9,78.6
OKBS,AFC,SWING BARRIER,MONTHLY,11,7,4,10.5,63.6
OKBS,AFC,TOM,QUARTERLY,8,4,4,16.8,50.0
OKBS,AFC,TVM,BI-WEEKLY,109,24,85,12.6,22.0
OKBS,AFC,TVM,MONTHLY,96,78,18,-1.2,81.2
OKBS,TELECOM,CCTV,QUARTERLY,129,49,80,47.7,38.0
OKBS,TELECOM,CLOCK,QUARTERLY,8,5,3,-0.4,62.5
OKBS,TELECOM,EARTH PIT,QUARTERLY,2,0,2,42.0,0.0
OKBS,TELECOM,EPABX,HALF YEARLY,1,0,1,96.0,0.0
OKBS,TELECOM,EPABX,MONTHLY,34,17,17,33.1,50.0
OKBS,TELECOM,EPABX,QUARTERLY,10,10,0,-64.7,100.0
OKBS,TELECOM,PAS/PIDS,HALF YEARLY,30,22,8,-79.7,73.3
OKBS,TELECOM,PAS/PIDS,MONTHLY,144,72,72,31.0,50.0
OKBS,TELECOM,PAS/PIDS,QUARTERLY,74,38,36,82.8,51.4
OKBS,TELECOM,RADIO,HALF YEARLY,2,1,1,-78.0,50.0
OKBS,TELECOM,RADIO,MONTHLY,9,6,3,18.9,66.7
OKBS,TELECOM,SDH/MPLS,HALF YEARLY,2,2,0,-125.5,100.0
OKBS,TELECOM,SDH/MPLS,QUARTERLY,2,2,0,-35.5,100.0
OKBS,TELECOM,SMPS,HALF YEARLY,6,4,2,-60.0,66.7
OKBS,TELECOM,SMPS,MONTHLY,30,20,10,-1.1,66.7
OKBS,TELECOM,UPS,MONTHLY,3,0,3,112.3,0.0
OKNS,AFC,AVM,MONTHLY,28,4,24,21.9,14.3
OKNS,AFC,EFO,QUARTERLY,6,4,2,-11.3,66.7
OKNS,AFC,GATE,MONTHLY,104,56,48,3.2,53.8
OKNS,AFC,RCTM,BI-WEEKLY,24,11,13,6.0,45.8
OKNS,AFC,RCTM,MONTHLY,18,13,5,-3.3,72.2
OKNS,AFC,SWING BARRIER,MONTHLY,5,0,5,42.6,0.0
OKNS,AFC,TOM,QUARTERLY,6,4,2,-11.3,66.7
OKNS,AFC,TVM,BI-WEEKLY,69,30,39,6.9,43.5
OKNS,AFC,TVM,MONTHLY,57,45,12,-4.7,78.9
OKNS,TELECOM,CCTV,QUARTERLY,325,267,58,-30.3,82.2
OKNS,TELECOM,EPABX,MONTHLY,36,1,35,110.8,2.8
OKNS,TELECOM,PAS/PIDS,MONTHLY,153,56,97,111.6,36.6
OKNS,TELECOM,PAS/PIDS,QUARTERLY,82,0,82,149.5,0.0
OKNS,TELECOM,RADIO,MONTHLY,4,1,3,72.0,25.0
OKNS,TELECOM,SMPS,MONTHLY,41,25,16,-7.5,61.0
OKNS,TELECOM,UPS,MONTHLY,4,0,4,84.8,0.0
OVA,AFC,AFC SWITCH,QUARTERLY,3,3,0,-19.0,100.0
OVA,AFC,AVM,MONTHLY,52,24,28,5.2,46.2
OVA,AFC,EFO,QUARTERLY,12,8,4,-22.7,66.7
OVA,AFC,GATE,MONTHLY,55,25,30,5.2,45.5
OVA,AFC,RCTM,BI-WEEKLY,23,12,11,6.2,52.2
OVA,AFC,RCTM,MONTHLY,15,10,5,0.9,66.7
OVA,AFC,SC,HALF YEARLY,3,2,1,-54.3,66.7
OVA,AFC,SWING BARRIER,MONTHLY,11,6,5,9.5,54.5
OVA,AFC,TOM,QUARTERLY,6,4,2,-22.7,66.7
OVA,AFC,TVM,BI-WEEKLY,66,33,33,7.1,50.0
OVA,AFC,TVM,MONTHLY,51,36,15,-2.7,70.6
OVA,TELECOM,CCTV,QUARTERLY,145,108,37,16.4,74.5
OVA,TELECOM,CLOCK,HALF YEARLY,2,2,0,-66.0,100.0
OVA,TELECOM,CLOCK,QUARTERLY,26,16,10,-3.0,61.5
OVA,TELECOM,EPABX,HALF YEARLY,2,1,1,9.5,50.0
OVA,TELECOM,EPABX,MONTHLY,76,25,51,22.1,32.9
OVA,TELECOM,EPABX,QUARTERLY,29,17,12,-17.4,58.6
OVA,TELECOM,PAS/PIDS,HALF YEARLY,20,12,8,-24.4,60.0
OVA,TELECOM,PAS/PIDS,MONTHLY,303,118,185,15.8,38.9
OVA,TELECOM,PAS/PIDS,QUARTERLY,311,202,109,-8.6,65.0
OVA,TELECOM,RADIO,MONTHLY,8,3,5,8.2,37.5
OVA,TELECOM,SDH/MPLS,HALF YEARLY,1,1,0,-85.0,100.0
OVA,TELECOM,SDH/MPLS,QUARTERLY,3,2,1,-13.3,66.7
OVA,TELECOM,SMPS,HALF YEARLY,6,6,0,-68.7,100.0
OVA,TELECOM,SMPS,MONTHLY,33,17,16,-0.5,51.5
OVA,TELECOM,UPS,HALF YEARLY,3,3,0,-179.0,100.0
OVA,TELECOM,UPS,MONTHLY,12,3,9,19.3,25.0
OVA,TELECOM,UPS,QUARTERLY,1,1,0,-4.0,100.0
PAGI,AFC,AFC SWITCH,QUARTERLY,3,3,0,-41.0,100.0
PAGI,AFC,AVM,MONTHLY,18,16,2,-10.2,88.9
PAGI,AFC,EC,QUARTERLY,6,6,0,-57.3,100.0
PAGI,AFC,EFO,QUARTERLY,4,2,2,9.5,50.0
PAGI,AFC,EMERGENCY SWITCH,MONTHLY,3,2,1,19.3,66.7
PAGI,AFC,GATE,MONTHLY,65,41,24,1.4,63.1
PAGI,AFC,SWING BARRIER,MONTHLY,6,4,2,-1.7,66.7
PAGI,AFC,TOM,QUARTERLY,6,3,3,9.5,50.0
PAGI,AFC,TVM,MONTHLY,14,10,4,1.0,71.4
PAGI,TELECOM,CCTV,QUARTERLY,109,61,48,-12.6,56.0
PAGI,TELECOM,CLOCK,HALF YEARLY,2,0,2,20.0,0.0
PAGI,TELECOM,CLOCK,QUARTERLY,28,19,9,-19.8,67.9
PAGI,TELECOM,EARTH PIT,QUARTERLY,2,2,0,-90.0,100.0
PAGI,TELECOM,EPABX,HALF YEARLY,1,0,1,20.0,0.0
PAGI,TELECOM,PAS/PIDS,HALF YEARLY,7,7,0,-150.7,100.0
PAGI,TELECOM,PAS/PIDS,QUARTERLY,270,185,85,-24.9,68.5
PAGI,TELECOM,SDH/MPLS,HALF YEARLY,1,1,0,-29.0,100.0
PAGI,TELECOM,SDH/MPLS,MONTHLY,1,0,1,416.0,0.0
PAGI,TELECOM,SMPS,MONTHLY,8,4,4,21.5,50.0
PAGI,TELECOM,UPS,MONTHLY,14,9,5,0.9,64.3
PALM,AFC,AFC ROUTER,QUARTERLY,1,0,1,139.0,0.0
PALM,AFC,AFC SWITCH,QUARTERLY,13,4,9,81.9,30.8
PALM,AFC,AVM,MONTHLY,28,8,20,35.7,28.6
PALM,AFC,EFO,QUARTERLY,10,8,2,-0.8,80.0
PALM,AFC,GATE,MONTHLY,164,69,95,13.8,42.1
PALM,AFC,RCTM,BI-WEEKLY,43,24,19,8.5,55.8
PALM,AFC,RCTM,MONTHLY,27,14,13,2.8,51.9
PALM,AFC,SC,HALF YEARLY,2,2,0,-126.0,100.0
PALM,AFC,SWING BARRIER,MONTHLY,5,1,4,61.2,20.0
PALM,AFC,TOM,QUARTERLY,8,6,2,21.5,75.0
PALM,AFC,TVM,BI-WEEKLY,244,125,119,9.3,51.2
PALM,AFC,TVM,MONTHLY,150,72,78,5.4,48.0
PALM,TELECOM,CCTV,QUARTERLY,386,258,128,-7.8,66.8
PALM,TELECOM,CLOCK,HALF YEARLY,2,0,2,27.5,0.0
PALM,TELECOM,CLOCK,QUARTERLY,22,15,7,-28.2,68.2
PALM,TELECOM,EPABX,HALF YEARLY,1,0,1,50.0,0.0
PALM,TELECOM,EPABX,MONTHLY,113,29,84,113.2,25.7
PALM,TELECOM,EPABX,QUARTERLY,2,1,1,32.5,50.0
PALM,TELECOM,PAS/PIDS,MONTHLY,17,4,13,106.9,23.5
PALM,TELECOM,PAS/PIDS,QUARTERLY,387,192,195,25.4,49.6
PALM,TELECOM,PAS/PIDS,YEARLY,4,4,0,-365.0,100.0
PALM,TELECOM,PEST CONTROL,MONTHLY,1,0,1,205.0,0.0
PALM,TELECOM,RADIO,HALF YEARLY,1,0,1,21.0,0.0
PALM,TELECOM,RADIO,MONTHLY,22,12,10,14.1,54.5
PALM,TELECOM,SDH/MPLS,QUARTERLY,5,4,1,-42.4,80.0
PALM,TELECOM,SMPS,HALF YEARLY,2,0,2,55.0,0.0
PALM,TELECOM,SMPS,MONTHLY,30,20,10,-0.1,66.7
PALM,TELECOM,UPS,MONTHLY,9,2,7,25.2,22.2
PBGA,AFC,AFC SWITCH,QUARTERLY,6,6,0,-46.0,100.0
PBGA,AFC,AVM,MONTHLY,12,3,9,7.5,25.0
PBGA,AFC,EFO,QUARTERLY,7,5,2,-37.1,71.4
PBGA,AFC,EMERGENCY SWITCH,MONTHLY,2,2,0,-30.0,100.0
PBGA,AFC,GATE,MONTHLY,42,18,24,0.0,42.9
PBGA,AFC,TOM,QUARTERLY,6,4,2,-28.3,66.7
PBGA,AFC,TVM,MONTHLY,21,15,6,0.0,71.4
PBGA,TELECOM,CCTV,HALF YEARLY,30,30,0,-34.7,100.0
PBGA,TELECOM,CCTV,QUARTERLY,96,85,11,-19.0,88.5
PBGA,TELECOM,CCTV,YEARLY,4,4,0,-202.0,100.0
PBGA,TELECOM,CLOCK,QUARTERLY,19,16,3,-13.3,84.2
PBGA,TELECOM,EPABX,MONTHLY,16,0,16,21.2,0.0
PBGA,TELECOM,PAS/PIDS,HALF YEARLY,2,2,0,-31.0,100.0
PBGA,TELECOM,PAS/PIDS,MONTHLY,62,0,62,9.0,0.0
PBGA,TELECOM,PAS/PIDS,QUARTERLY,270,239,31,-13.5,88.5
PBGA,TELECOM,PEST CONTROL,MONTHLY,2,0,2,72.5,0.0
PBGA,TELECOM,RADIO,MONTHLY,3,0,3,38.3,0.0
PBGA,TELECOM,SDH/MPLS,QUARTERLY,1,0,1,108.0,0.0
PBGA,TELECOM,SMPS,MONTHLY,13,9,4,-3.1,69.2
PBGA,TELECOM,UPS,HALF YEARLY,3,2,1,-116.0,66.7
PBGA,TELECOM,UPS,MONTHLY,15,11,4,-3.9,73.3
PBGH,AFC,AFC SWITCH,QUARTERLY,8,6,2,-12.1,75.0
PBGH,AFC,AFC SWITCH,YEARLY,2,2,0,-30.0,100.0
PBGH,AFC,AVM,MONTHLY,52,25,27,15.9,48.1
PBGH,AFC,EC,QUARTERLY,2,1,1,4.5,50.0
PBGH,AFC,EFO,QUARTERLY,5,4,1,-15.6,80.0
PBGH,AFC,EMERGENCY SWITCH,MONTHLY,5,2,3,17.6,40.0
PBGH,AFC,GATE,MONTHLY,191,111,80,10.0,58.1
PBGH,AFC,SC,HALF YEARLY,3,3,0,-44.3,100.0
PBGH,AFC,SWING BARRIER,MONTHLY,10,5,5,0.2,50.0
PBGH,AFC,TOM,QUARTERLY,10,8,2,-15.8,80.0
PBGH,AFC,TVM,BI-WEEKLY,28,8,20,49.4,28.6
PBGH,AFC,TVM,MONTHLY,73,45,28,13.0,61.6
PBGH,IT,IT SWITCH,QUARTERLY,2,0,2,50.0,0.0
PBGH,TELECOM,CCTV,HALF YEARLY,168,123,45,-48.4,73.2
PBGH,TELECOM,CCTV,MONTHLY,38,38,0,-7.1,100.0
PBGH,TELECOM,CCTV,QUARTERLY,349,248,101,-15.2,71.1
PBGH,TELECOM,CCTV,YEARLY,1,1,0,-365.0,100.0
PBGH,TELECOM,CLOCK,HALF YEARLY,2,2,0,-12.5,100.0
PBGH,TELECOM,CLOCK,QUARTERLY,91,49,42,-9.1,53.8
PBGH,TELECOM,EARTH PIT,QUARTERLY,10,8,2,-35.4,80.0
PBGH,TELECOM,EPABX,HALF YEARLY,2,1,1,-36.5,50.0
PBGH,TELECOM,EPABX,MONTHLY,50,34,16,-0.6,68.0
PBGH,TELECOM,EPABX,QUARTERLY,22,13,9,-3.4,59.1
PBGH,TELECOM,PAS/PIDS,HALF YEARLY,16,11,5,-52.2,68.8
PBGH,TELECOM,PAS/PIDS,QUARTERLY,741,487,254,-13.8,65.7
PBGH,TELECOM,RADIO,HALF YEARLY,3,2,1,-68.7,66.7
PBGH,TELECOM,RADIO,MONTHLY,12,7,5,0.6,58.3
PBGH,TELECOM,SDH/MPLS,HALF YEARLY,2,1,1,-36.5,50.0
PBGH,TELECOM,SDH/MPLS,QUARTERLY,5,5,0,-34.2,100.0
PBGH,TELECOM,SMPS,HALF YEARLY,4,4,0,-43.5,100.0
PBGH,TELECOM,SMPS,MONTHLY,35,19,16,14.4,54.3
PBGH,TELECOM,TELE SWITCH,HALF YEARLY,4,4,0,-65.0,100.0
PBGH,TELECOM,TELE SWITCH,QUARTERLY,8,8,0,-28.8,100.0
PBGH,TELECOM,TER ROOM,MONTHLY,2,2,0,-5.5,100.0
PBGH,TELECOM,UPS,HALF YEARLY,6,5,1,-134.5,83.3
PBGH,TELECOM,UPS,MONTHLY,37,21,16,12.0,56.8
PBGW,AFC,AFC ROUTER,QUARTERLY,1,0,1,12.0,0.0
PBGW,AFC,AFC SWITCH,QUARTERLY,12,8,4,26.3,66.7
PBGW,AFC,AVM,MONTHLY,28,12,16,37.0,42.9
PBGW,AFC,CSM,MONTHLY,3,2,1,-1.7,66.7
PBGW,AFC,EC,QUARTERLY,4,0,4,12.0,0.0
PBGW,AFC,EFO,QUARTERLY,12,10,2,-25.0,83.3
PBGW,AFC,EMERGENCY SWITCH,MONTHLY,8,2,6,76.8,25.0
PBGW,AFC,GATE,MONTHLY,128,72,56,2.4,56.2
PBGW,AFC,RCTM,BI-WEEKLY,33,27,6,1.2,81.8
PBGW,AFC,RCTM,MONTHLY,4,3,1,1.2,75.0
PBGW,AFC,SC,HALF YEARLY,1,1,0,3.0,100.0
PBGW,AFC,SWING BARRIER,MONTHLY,7,1,6,37.0,14.3
PBGW,AFC,TOM,QUARTERLY,21,18,3,-34.3,85.7
PBGW,AFC,TVM,BI-WEEKLY,101,83,18,0.7,82.2
PBGW,AFC,TVM,MONTHLY,12,9,3,1.2,75.0
PBGW,TELECOM,CCTV,HALF YEARLY,86,60,26,-49.1,69.8
PBGW,TELECOM,CCTV,QUARTERLY,519,465,54,-45.8,89.6
PBGW,TELECOM,CLOCK,HALF YEARLY,2,2,0,-100.0,100.0
PBGW,TELECOM,CLOCK,MONTHLY,7,7,0,-14.9,100.0
PBGW,TELECOM,CLOCK,QUARTERLY,126,112,14,-42.2,88.9
PBGW,TELECOM,EPABX,HALF YEARLY,3,2,1,-33.3,66.7
PBGW,TELECOM,EPABX,MONTHLY,58,35,23,1.5,60.3
PBGW,TELECOM,EPABX,QUARTERLY,11,5,6,33.6,45.5
PBGW,TELECOM,PAS/PIDS,HALF YEARLY,21,19,2,-21.4,90.5
PBGW,TELECOM,PAS/PIDS,MONTHLY,986,575,411,7.8,58.3
PBGW,TELECOM,PAS/PIDS,QUARTERLY,63,48,15,4.0,76.2
PBGW,TELECOM,RADIO,MONTHLY,47,30,17,0.2,63.8
PBGW,TELECOM,SDH/MPLS,HALF YEARLY,1,0,1,117.0,0.0
PBGW,TELECOM,SDH/MPLS,QUARTERLY,1,0,1,141.0,0.0
PBGW,TELECOM,SMPS,HALF YEARLY,2,0,2,64.0,0.0
PBGW,TELECOM,SMPS,MONTHLY,28,18,10,5.8,64.3
PBGW,TELECOM,UPS,HALF YEARLY,1,1,0,-131.0,100.0
PBGW,TELECOM,UPS,MONTHLY,4,0,4,120.2,0.0
PBGW5,TELECOM,CCTV,QUARTERLY,48,37,11,-11.7,77.1
PBGW5,TELECOM,CLOCK,QUARTERLY,5,3,2,12.0,60.0
PBGW5,TELECOM,EPABX,MONTHLY,4,0,4,37.0,0.0
PBGW5,TELECOM,PAS/PIDS,MONTHLY,3,2,1,0.3,66.7
PBGW5,TELECOM,PAS/PIDS,QUARTERLY,77,35,42,13.2,45.5
PBGW5,TELECOM,PEST CONTROL,MONTHLY,4,2,2,2.8,50.0
PBGW5,TELECOM,RADIO,MONTHLY,4,2,2,2.8,50.0
PN,AFC,AFC SWITCH,QUARTERLY,8,6,2,-3.2,75.0
PN,AFC,AVM,MONTHLY,15,1,14,75.6,6.7
PN,AFC,EFO,QUARTERLY,11,8,3,-21.6,72.7
PN,AFC,GATE,MONTHLY,171,100,71,0.0,58.5
PN,AFC,SWING BARRIER,MONTHLY,2,0,2,64.0,0.0
PN,AFC,TOM,QUARTERLY,3,2,1,-17.7,66.7
PN,AFC,TVM,BI-WEEKLY,162,112,50,2.7,69.1
PN,AFC,TVM,MONTHLY,81,61,20,3.3,75.3
PN,TELECOM,CCTV,MONTHLY,14,10,4,4.0,71.4
PN,TELECOM,CCTV,QUARTERLY,113,39,74,25.0,34.5
PN,TELECOM,CLOCK,QUARTERLY,53,35,18,8.7,66.0
PN,TELECOM,EPABX,MONTHLY,43,21,22,12.3,48.8
PN,TELECOM,EPABX,QUARTERLY,2,1,1,3.5,50.0
PN,TELECOM,EPABX,YEARLY,1,1,0,-156.0,100.0
PN,TELECOM,PAS/PIDS,HALF YEARLY,16,10,6,-38.0,62.5
PN,TELECOM,PAS/PIDS,QUARTERLY,358,120,238,36.8,33.5
PN,TELECOM,RADIO,MONTHLY,16,11,5,-0.3,68.8
PN,TELECOM,SDH/MPLS,HALF YEARLY,1,1,0,-130.0,100.0
PN,TELECOM,SMPS,MONTHLY,34,18,16,-0.2,52.9
PN,TELECOM,TELE SWITCH,HALF YEARLY,2,2,0,-65.0,100.0
PN,TELECOM,TELE SWITCH,YEARLY,2,2,0,-250.0,100.0
PN,TELECOM,UPS,HALF YEARLY,1,1,0,-180.0,100.0
PN,TELECOM,UPS,MONTHLY,32,20,12,1.2,62.5
PN,TELECOM,UPS,YEARLY,2,2,0,-76.0,100.0
PRA,AFC,AFC SWITCH,QUARTERLY,13,9,4,-15.7,69.2
PRA,AFC,AFC SWITCH,YEARLY,2,2,0,-201.0,100.0
PRA,AFC,AVM,MONTHLY,34,24,10,-0.8,70.6
PRA,AFC,EC,QUARTERLY,2,1,1,-9.5,50.0
PRA,AFC,EFO,QUARTERLY,4,2,2,15.0,50.0
PRA,AFC,EMERGENCY SWITCH,MONTHLY,6,5,1,7.3,83.3
PRA,AFC,GATE,MONTHLY,231,141,90,6.1,61.0
PRA,AFC,SC,HALF YEARLY,3,3,0,-119.7,100.0
PRA,AFC,SWING BARRIER,MONTHLY,16,11,5,1.1,68.8
PRA,AFC,TOM,QUARTERLY,15,9,6,-1.6,60.0
PRA,AFC,TVM,BI-WEEKLY,22,7,15,46.5,31.8
PRA,AFC,TVM,MONTHLY,45,22,23,4.0,48.9
PRA,IT,IT SWITCH,HALF YEARLY,1,0,1,16.0,0.0
PRA,TELECOM,CCTV,HALF YEARLY,58,53,5,-34.0,91.4
PRA,TELECOM,CCTV,MONTHLY,10,8,2,-2.2,80.0
PRA,TELECOM,CCTV,QUARTERLY,210,155,55,-22.3,73.8
PRA,TELECOM,CLOCK,HALF YEARLY,2,2,0,-14.0,100.0
PRA,TELECOM,CLOCK,QUARTERLY,98,66,32,-16.4,67.3
PRA,TELECOM,EARTH PIT,QUARTERLY,10,8,2,-35.6,80.0
PRA,TELECOM,EPABX,HALF YEARLY,6,6,0,-68.8,100.0
PRA,TELECOM,EPABX,MONTHLY,79,64,15,-5.7,81.0
PRA,TELECOM,EPABX,QUARTERLY,8,3,5,4.1,37.5
PRA,TELECOM,PAS/PIDS,HALF YEARLY,14,9,5,-46.7,64.3
PRA,TELECOM,PAS/PIDS,QUARTERLY,477,293,184,-5.1,61.4
PRA,TELECOM,PAS/PIDS,YEARLY,2,2,0,-277.5,100.0
PRA,TELECOM,RADIO,MONTHLY,12,7,5,0.5,58.3
PRA,TELECOM,SDH/MPLS,HALF YEARLY,2,2,0,-64.0,100.0
PRA,TELECOM,SDH/MPLS,QUARTERLY,4,3,1,-27.8,75.0
PRA,TELECOM,SMPS,HALF YEARLY,4,4,0,-29.5,100.0
PRA,TELECOM,SMPS,MONTHLY,24,9,15,21.3,37.5
PRA,TELECOM,TELE SWITCH,HALF YEARLY,4,4,0,-19.5,100.0
PRA,TELECOM,TELE SWITCH,QUARTERLY,8,6,2,-27.8,75.0
PRA,TELECOM,TER ROOM,MONTHLY,2,2,0,-5.5,100.0
PRA,TELECOM,UPS,HALF YEARLY,8,8,0,-91.0,100.0
PRA,TELECOM,UPS,MONTHLY,32,14,18,17.2,43.8
PSPK,AFC,AFC ROUTER,QUARTERLY,2,1,1,6.5,50.0
PSPK,AFC,AFC SWITCH,QUARTERLY,13,5,8,7.5,38.5
PSPK,AFC,AVM,MONTHLY,44,16,28,11.4,36.4
PSPK,AFC,EFO,QUARTERLY,13,11,2,-28.5,84.6
PSPK,AFC,GATE,MONTHLY,96,36,60,9.1,37.5
PSPK,AFC,RCTM,BI-WEEKLY,42,16,26,8.0,38.1
PSPK,AFC,RCTM,MONTHLY,21,13,8,9.0,61.9
PSPK,AFC,SC,HALF YEARLY,2,2,0,-124.5,100.0
PSPK,AFC,SWING BARRIER,MONTHLY,18,10,8,20.6,55.6
PSPK,AFC,TOM,QUARTERLY,12,10,2,-23.3,83.3
PSPK,AFC,TVM,BI-WEEKLY,123,45,78,8.7,36.6
PSPK,AFC,TVM,MONTHLY,78,54,24,4.4,69.2
PSPK,TELECOM,CCTV,QUARTERLY,226,108,118,26.7,47.8
PSPK,TELECOM,CLOCK,HALF YEARLY,1,1,0,-97.0,100.0
PSPK,TELECOM,CLOCK,QUARTERLY,9,3,6,57.8,33.3
PSPK,TELECOM,EPABX,HALF YEARLY,1,1,0,-79.0,100.0
PSPK,TELECOM,EPABX,MONTHLY,134,31,103,35.3,23.1
PSPK,TELECOM,EPABX,QUARTERLY,93,23,70,43.5,24.7
PSPK,TELECOM,PAS/PIDS,MONTHLY,13,3,10,60.7,23.1
PSPK,TELECOM,PAS/PIDS,QUARTERLY,119,4,115,67.3,3.4
PSPK,TELECOM,PAS/PIDS,YEARLY,1,1,0,-356.0,100.0
PSPK,TELECOM,RADIO,MONTHLY,12,2,10,70.8,16.7
PSPK,TELECOM,SDH/MPLS,MONTHLY,3,2,1,46.3,66.7
PSPK,TELECOM,SDH/MPLS,QUARTERLY,2,2,0,-30.5,100.0
PSPK,TELECOM,SMPS,MONTHLY,29,19,10,0.9,65.5
PSPK,TELECOM,UPS,HALF YEARLY,4,4,0,-165.8,100.0
PSPK,TELECOM,UPS,MONTHLY,14,9,5,9.3,64.3
PTCK,AFC,AFC SWITCH,QUARTERLY,7,4,3,11.7,57.1
PTCK,AFC,AVM,MONTHLY,40,30,10,4.1,75.0
PTCK,AFC,EFO,QUARTERLY,6,4,2,-19.7,66.7
PTCK,AFC,GATE,MONTHLY,324,220,104,7.8,67.9
PTCK,AFC,TOM,QUARTERLY,15,8,7,30.4,53.3
PTCK,AFC,TVM,MONTHLY,120,104,16,0.1,86.7
PTCK,TELECOM,CCTV,HALF YEARLY,72,52,20,-20.4,72.2
PTCK,TELECOM,CCTV,QUARTERLY,219,161,58,-2.8,73.5
PTCK,TELECOM,CLOCK,HALF YEARLY,2,0,2,7.0,0.0
PTCK,TELECOM,CLOCK,QUARTERLY,19,6,13,50.7,31.6
PTCK,TELECOM,EPABX,HALF YEARLY,2,1,1,-19.5,50.0
PTCK,TELECOM,EPABX,MONTHLY,12,5,7,29.7,41.7
PTCK,TELECOM,EPABX,QUARTERLY,3,2,1,-4.3,66.7
PTCK,TELECOM,PAS/PIDS,MONTHLY,11,7,4,4.7,63.6
PTCK,TELECOM,PAS/PIDS,QUARTERLY,198,54,144,34.9,27.3
PTCK,TELECOM,RADIO,HALF YEARLY,4,4,0,-122.0,100.0
PTCK,TELECOM,RADIO,MONTHLY,11,8,3,4.7,72.7
PTCK,TELECOM,SMPS,HALF YEARLY,4,4,0,-5.0,100.0
PTCK,TELECOM,SMPS,MONTHLY,34,24,10,-1.4,70.6
PTCK,TELECOM,TELE ROUTER,QUARTERLY,1,1,0,-20.0,100.0
PTCK,TELECOM,TELE SWITCH,QUARTERLY,2,2,0,-20.0,100.0
PTCK,TELECOM,UPS,HALF YEARLY,2,2,0,-180.0,100.0
PTCK,TELECOM,UPS,MONTHLY,15,9,6,-2.2,60.0
PTMD,AFC,AFC SWITCH,QUARTERLY,4,4,0,-28.5,100.0
PTMD,AFC,AVM,MONTHLY,15,5,10,18.0,33.3
PTMD,AFC,EC,QUARTERLY,5,5,0,-9.0,100.0
PTMD,AFC,EFO,QUARTERLY,2,2,0,-13.0,100.0
PTMD,AFC,EMERGENCY SWITCH,MONTHLY,6,2,4,19.7,33.3
PTMD,AFC,GATE,MONTHLY,158,54,104,23.6,34.2
PTMD,AFC,SWING BARRIER,MONTHLY,2,0,2,49.0,0.0
PTMD,AFC,TOM,QUARTERLY,16,16,0,-50.0,100.0
PTMD,AFC,TVM,BI-WEEKLY,42,26,16,6.1,61.9
PTMD,AFC,TVM,MONTHLY,6,2,4,90.8,33.3
PTMD,IT,IT SWITCH,QUARTERLY,1,0,1,58.0,0.0
PTMD,TELECOM,CCTV,HALF YEARLY,1,1,0,-91.0,100.0
PTMD,TELECOM,CCTV,QUARTERLY,118,84,34,-17.5,71.2
PTMD,TELECOM,CLOCK,QUARTERLY,28,20,8,-37.1,71.4
PTMD,TELECOM,EPABX,MONTHLY,24,16,8,1.1,66.7
PTMD,TELECOM,EPABX,QUARTERLY,25,24,1,-80.4,96.0
PTMD,TELECOM,PAS/PIDS,QUARTERLY,175,134,41,-44.6,76.6
PTMD,TELECOM,SMPS,MONTHLY,11,3,8,34.9,27.3
PTMD,TELECOM,TELE SWITCH,QUARTERLY,2,2,0,-5.0,100.0
PTMD,TELECOM,UPS,MONTHLY,15,7,8,14.9,46.7
PTP,AFC,AFC SWITCH,QUARTERLY,2,0,2,58.0,0.0
PTP,AFC,AVM,MONTHLY,45,24,21,4.1,53.3
PTP,AFC,EFO,QUARTERLY,1,1,0,-48.0,100.0
PTP,AFC,EMERGENCY SWITCH,MONTHLY,1,0,1,152.0,0.0
PTP,AFC,GATE,MONTHLY,215,118,97,0.8,54.9
PTP,AFC,SWING BARRIER,MONTHLY,10,3,7,21.2,30.0
PTP,AFC,TOM,QUARTERLY,10,5,5,9.0,50.0
PTP,AFC,TVM,BI-WEEKLY,15,6,9,16.4,40.0
PTP,AFC,TVM,MONTHLY,44,22,22,2.3,50.0
PTP,IT,IT SWITCH,QUARTERLY,1,1,0,-24.0,100.0
PTP,TELECOM,CCTV,HALF YEARLY,27,9,18,9.0,33.3
PTP,TELECOM,CCTV,MONTHLY,4,4,0,-10.0,100.0
PTP,TELECOM,CCTV,QUARTERLY,169,110,59,4.7,65.1
PTP,TELECOM,CLOCK,QUARTERLY,44,38,6,-13.4,86.4
PTP,TELECOM,EPABX,MONTHLY,20,8,12,9.2,40.0
PTP,TELECOM,EPABX,QUARTERLY,4,2,2,-16.0,50.0
PTP,TELECOM,NETWORKING,QUARTERLY,1,1,0,-25.0,100.0
PTP,TELECOM,PAS/PIDS,HALF YEARLY,4,2,2,-5.0,50.0
PTP,TELECOM,PAS/PIDS,QUARTERLY,414,301,113,-4.0,72.7
PTP,TELECOM,RADIO,MONTHLY,7,2,5,13.0,28.6
PTP,TELECOM,SDH/MPLS,QUARTERLY,2,1,1,-16.0,50.0
PTP,TELECOM,SMPS,MONTHLY,34,18,16,0.1,52.9
PTP8,AFC,TIM,BI-WEEKLY,9,9,0,1.6,100.0
PTVR,AFC,AFC SWITCH,QUARTERLY,4,2,2,45.5,50.0
PTVR,AFC,AVM,MONTHLY,16,0,16,31.5,0.0
PTVR,AFC,EC,HALF YEARLY,8,4,4,-4.0,50.0
PTVR,AFC,EFO,QUARTERLY,4,2,2,4.2,50.0
PTVR,AFC,EMERGENCY SWITCH,MONTHLY,2,1,1,102.0,50.0
PTVR,AFC,GATE,MONTHLY,170,106,64,-1.4,62.4
PTVR,AFC,SC,HALF YEARLY,3,3,0,-65.7,100.0
PTVR,AFC,SWING BARRIER,MONTHLY,4,0,4,31.5,0.0
PTVR,AFC,TOM,QUARTERLY,5,2,3,4.2,40.0
PTVR,AFC,TVM,BI-WEEKLY,75,25,50,15.8,33.3
PTVR,AFC,TVM,MONTHLY,100,65,35,-4.8,65.0
PTVR,TELECOM,CCTV,HALF YEARLY,2,2,0,-22.0,100.0
PTVR,TELECOM,CCTV,QUARTERLY,308,210,98,-5.5,68.2
PTVR,TELECOM,CLOCK,HALF YEARLY,1,1,0,-7.0,100.0
PTVR,TELECOM,CLOCK,QUARTERLY,93,67,26,5.5,72.0
PTVR,TELECOM,CLOCK,YEARLY,2,2,0,-365.0,100.0
PTVR,TELECOM,EARTH PIT,QUARTERLY,8,6,2,-0.5,75.0
PTVR,TELECOM,EPABX,MONTHLY,51,32,19,4.5,62.7
PTVR,TELECOM,EPABX,QUARTERLY,6,5,1,-21.8,83.3
PTVR,TELECOM,EPABX,YEARLY,2,2,0,-181.0,100.0
PTVR,TELECOM,NETWORKING,HALF YEARLY,2,2,0,-3.0,100.0
PTVR,TELECOM,NETWORKING,QUARTERLY,10,10,0,-18.8,100.0
PTVR,TELECOM,NETWORKING,YEARLY,2,2,0,-1.0,100.0
PTVR,TELECOM,PAS/PIDS,HALF YEARLY,40,24,16,-47.0,60.0
PTVR,TELECOM,PAS/PIDS,QUARTERLY,754,460,294,5.4,61.0
PTVR,TELECOM,PAS/PIDS,YEARLY,8,7,1,-0.1,87.5
PTVR,TELECOM,PEST CONTROL,MONTHLY,7,2,5,8.1,28.6
PTVR,TELECOM,RADIO,MONTHLY,15,10,5,12.3,66.7
PTVR,TELECOM,SDH/MPLS,HALF YEARLY,1,1,0,-5.0,100.0
PTVR,TELECOM,SDH/MPLS,QUARTERLY,3,1,2,3.7,33.3
PTVR,TELECOM,SMPS,HALF YEARLY,4,2,2,-8.5,50.0
PTVR,TELECOM,SMPS,MONTHLY,33,19,14,-0.1,57.6
PTVR,TELECOM,UPS,MONTHLY,31,18,13,1.0,58.1
PVE,AFC,AFC SWITCH,QUARTERLY,1,1,0,-90.0,100.0
PVE,AFC,EFO,QUARTERLY,4,2,2,0.0,50.0
PVE,AFC,GATE,MONTHLY,48,30,18,1.2,62.5
PVE,AFC,TOM,QUARTERLY,6,4,2,-30.0,66.7
PVE,AFC,TVM,MONTHLY,21,18,3,-4.6,85.7
PVE,TELECOM,CCTV,QUARTERLY,52,22,30,53.2,42.3
PVE,TELECOM,CLOCK,QUARTERLY,12,6,6,41.2,50.0
PVE,TELECOM,EARTH PIT,QUARTERLY,4,4,0,-51.0,100.0
PVE,TELECOM,EARTH PIT,YEARLY,2,2,0,-365.0,100.0
PVE,TELECOM,EPABX,MONTHLY,40,32,8,-6.4,80.0
PVE,TELECOM,EPABX,QUARTERLY,1,1,0,-12.0,100.0
PVE,TELECOM,PAS/PIDS,HALF YEARLY,11,11,0,-88.7,100.0
PVE,TELECOM,PAS/PIDS,MONTHLY,130,126,4,-1.9,96.9
PVE,TELECOM,PAS/PIDS,QUARTERLY,234,110,124,26.5,47.0
PVE,TELECOM,PEST CONTROL,MONTHLY,9,7,2,-3.4,77.8
PVE,TELECOM,RADIO,MONTHLY,7,4,3,4.1,57.1
PVE,TELECOM,SDH/MPLS,QUARTERLY,2,1,1,7.5,50.0
PVE,TELECOM,SMPS,MONTHLY,10,6,4,-1.6,60.0
PVE,TELECOM,TELE ROUTER,QUARTERLY,4,2,2,7.5,50.0
PVE,TELECOM,TELE SWITCH,QUARTERLY,4,2,2,7.5,50.0
PVE,TELECOM,UPS,MONTHLY,9,6,3,1.6,66.7
PVW,AFC,AFC SWITCH,QUARTERLY,3,3,0,-38.0,100.0
PVW,AFC,AVM,MONTHLY,12,10,2,-7.5,83.3
PVW,AFC,EC,QUARTERLY,4,4,0,-38.0,100.0
PVW,AFC,EFO,QUARTERLY,2,2,0,-22.0,100.0
PVW,AFC,EMERGENCY SWITCH,MONTHLY,8,4,4,-1.8,50.0
PVW,AFC,GATE,MONTHLY,48,36,12,-0.9,75.0
PVW,AFC,NETWORKING,QUARTERLY,4,0,4,14.0,0.0
PVW,AFC,SWING BARRIER,MONTHLY,8,4,4,-1.8,50.0
PVW,AFC,TOM,QUARTERLY,2,2,0,-22.0,100.0
PVW,AFC,TVM,MONTHLY,36,30,6,6.1,83.3
PVW,TELECOM,CCTV,QUARTERLY,77,43,34,-13.0,55.8
PVW,TELECOM,CLOCK,HALF YEARLY,2,0,2,26.0,0.0
PVW,TELECOM,CLOCK,QUARTERLY,26,19,7,-12.0,73.1
PVW,TELECOM,EARTH PIT,QUARTERLY,2,0,2,14.0,0.0
PVW,TELECOM,EPABX,MONTHLY,20,12,8,0.0,60.0
PVW,TELECOM,EPABX,QUARTERLY,1,0,1,14.0,0.0
PVW,TELECOM,PAS/PIDS,MONTHLY,68,4,64,34.6,5.9
PVW,TELECOM,PAS/PIDS,QUARTERLY,146,69,77,-11.9,47.3
PVW,TELECOM,PEST CONTROL,MONTHLY,5,3,2,0.0,60.0
PVW,TELECOM,RADIO,MONTHLY,5,3,2,0.0,60.0
PVW,TELECOM,SDH/MPLS,QUARTERLY,2,0,2,14.0,0.0
PVW,TELECOM,SMPS,HALF YEARLY,2,2,0,-82.0,100.0
PVW,TELECOM,SMPS,MONTHLY,11,5,6,11.8,45.5
QM,AFC,AFC ROUTER,QUARTERLY,5,4,1,-19.2,80.0
QM,AFC,AFC SWITCH,QUARTERLY,26,26,0,-53.4,100.0
QM,AFC,AVM,MONTHLY,58,26,32,5.2,44.8
QM,AFC,EC,HALF YEARLY,4,0,4,174.0,0.0
QM,AFC,EC,QUARTERLY,21,16,5,-32.8,76.2
QM,AFC,EFO,QUARTERLY,26,26,0,-53.4,100.0
QM,AFC,EMERGENCY SWITCH,MONTHLY,16,6,10,11.3,37.5
QM,AFC,GATE,MONTHLY,155,67,88,6.2,43.2
QM,AFC,SC,HALF YEARLY,2,2,0,-52.0,100.0
QM,AFC,SWING BARRIER,MONTHLY,14,6,8,6.4,42.9
QM,AFC,TOM,QUARTERLY,14,14,0,-35.4,100.0
QM,AFC,TVM,MONTHLY,60,45,15,2.1,75.0
QM,TELECOM,CCTV,HALF YEARLY,41,41,0,-48.7,100.0
QM,TELECOM,CCTV,QUARTERLY,241,113,128,12.4,46.9
QM,TELECOM,CCTV,YEARLY,2,2,0,-246.0,100.0
QM,TELECOM,CLOCK,QUARTERLY,72,34,38,26.5,47.2
QM,TELECOM,EPABX,HALF YEARLY,2,2,0,-70.0,100.0
QM,TELECOM,EPABX,MONTHLY,48,20,28,12.5,41.7
QM,TELECOM,EPABX,QUARTERLY,19,16,3,-35.0,84.2
QM,TELECOM,EPABX,YEARLY,1,1,0,-266.0,100.0
QM,TELECOM,PAS/PIDS,HALF YEARLY,73,72,1,-137.4,98.6
QM,TELECOM,PAS/PIDS,MONTHLY,35,20,15,-0.9,57.1
QM,TELECOM,PAS/PIDS,QUARTERLY,447,261,186,10.5,58.4
QM,TELECOM,PAS/PIDS,YEARLY,29,29,0,-354.8,100.0
QM,TELECOM,RADIO,HALF YEARLY,1,1,0,-9.0,100.0
QM,TELECOM,RADIO,MONTHLY,22,10,12,13.3,45.5
QM,TELECOM,SDH/MPLS,QUARTERLY,4,2,2,20.0,50.0
QM,TELECOM,SMPS,HALF YEARLY,6,6,0,-87.0,100.0
QM,TELECOM,SMPS,MONTHLY,25,9,16,10.8,36.0
QM,TELECOM,TELE ROUTER,QUARTERLY,8,4,4,14.5,50.0
QM,TELECOM,TELE SWITCH,QUARTERLY,8,6,2,-4.2,75.0
QM,TELECOM,TER ROOM,MONTHLY,1,1,0,-2.0,100.0
RCC,AFC,AFC SWITCH,QUARTERLY,6,0,6,51.0,0.0
RCC,AFC,AVM,MONTHLY,31,8,23,24.6,25.8
RCC,AFC,EC,QUARTERLY,1,0,1,101.0,0.0
RCC,AFC,EFO,QUARTERLY,8,6,2,1.8,75.0
RCC,AFC,EMERGENCY SWITCH,MONTHLY,4,2,2,65.5,50.0
RCC,AFC,GATE,MONTHLY,84,12,72,31.7,14.3
RCC,AFC,SC,HALF YEARLY,1,0,1,11.0,0.0
RCC,AFC,SWING BARRIER,MONTHLY,16,4,12,24.0,25.0
RCC,AFC,TOM,QUARTERLY,8,6,2,1.8,75.0
RCC,AFC,TVM,MONTHLY,33,18,15,5.5,54.5
RCC,TELECOM,CCTV,QUARTERLY,60,0,60,101.0,0.0
RCC,TELECOM,CLOCK,HALF YEARLY,2,0,2,11.0,0.0
RCC,TELECOM,CLOCK,QUARTERLY,28,6,22,60.1,21.4
RCC,TELECOM,EPABX,HALF YEARLY,2,2,0,-17.0,100.0
RCC,TELECOM,EPABX,MONTHLY,8,0,8,64.0,0.0
RCC,TELECOM,PAS/PIDS,MONTHLY,6,2,4,32.7,33.3
RCC,TELECOM,PAS/PIDS,QUARTERLY,254,8,246,24.7,3.1
RCC,TELECOM,RADIO,HALF YEARLY,2,0,2,11.0,0.0
RCC,TELECOM,RADIO,MONTHLY,2,0,2,76.5,0.0
RCC,TELECOM,SMPS,HALF YEARLY,2,2,0,-29.0,100.0
RCC,TELECOM,SMPS,MONTHLY,6,0,6,74.0,0.0
RCC,TELECOM,UPS,HALF YEARLY,3,3,0,-119.7,100.0
RCC,TELECOM,UPS,MONTHLY,6,0,6,74.0,0.0
RCC,TELECOM,UPS,YEARLY,2,2,0,-262.0,100.0
RCK,TELECOM,CCTV,QUARTERLY,110,69,41,47.2,62.7
RCK,TELECOM,CLOCK,QUARTERLY,31,19,12,-13.5,61.3
RCK,TELECOM,EPABX,MONTHLY,16,6,10,49.0,37.5
RCK,TELECOM,EPABX,QUARTERLY,12,7,5,51.2,58.3
RCK,TELECOM,PAS/PIDS,HALF YEARLY,9,7,2,-61.6,77.8
RCK,TELECOM,PAS/PIDS,MONTHLY,4,2,2,14.5,50.0
RCK,TELECOM,PAS/PIDS,QUARTERLY,1581,1267,314,-44.8,80.1
RCK,TELECOM,PAS/PIDS,YEARLY,2,2,0,-186.5,100.0
RCK,TELECOM,RADIO,MONTHLY,2,1,1,58.5,50.0
RCK,TELECOM,SMPS,HALF YEARLY,4,2,2,20.0,50.0
RCK,TELECOM,SMPS,MONTHLY,19,12,7,9.4,63.2
RCK,TELECOM,TELE ROUTER,QUARTERLY,2,0,2,246.0,0.0
RCK,TELECOM,TELE SWITCH,QUARTERLY,4,1,3,67.0,25.0
RCK,TELECOM,UPS,MONTHLY,18,9,9,11.6,50.0
RCKU,AFC,AFC SWITCH,QUARTERLY,23,12,11,9.9,52.2
RCKU,AFC,AVM,MONTHLY,75,31,44,26.9,41.3
RCKU,AFC,EC,HALF YEARLY,18,18,0,-19.0,100.0
RCKU,AFC,EC,QUARTERLY,34,16,18,15.2,47.1
RCKU,AFC,EFO,QUARTERLY,30,23,7,-19.6,76.7
RCKU,AFC,GATE,MONTHLY,626,432,194,0.1,69.0
RCKU,AFC,SC,HALF YEARLY,4,3,1,-51.2,75.0
RCKU,AFC,SWING BARRIER,MONTHLY,12,4,8,47.7,33.3
RCKU,AFC,TOM,QUARTERLY,91,78,13,-28.4,85.7
RCKU,AFC,TVM,MONTHLY,145,97,48,1.7,66.9
RCKU,IT,IT SWITCH,QUARTERLY,1,1,0,-27.0,100.0
RCKU,TELECOM,CCTV,HALF YEARLY,92,78,14,-43.1,84.8
RCKU,TELECOM,CCTV,QUARTERLY,258,101,157,55.6,39.1
RCKU,TELECOM,CCTV,YEARLY,1,1,0,1.0,100.0
RCKU,TELECOM,CLOCK,HALF YEARLY,2,2,0,-53.0,100.0
RCKU,TELECOM,CLOCK,QUARTERLY,81,51,30,6.1,63.0
RCKU,TELECOM,EPABX,HALF YEARLY,3,2,1,-66.7,66.7
RCKU,TELECOM,EPABX,MONTHLY,9,4,5,15.3,44.4
RCKU,TELECOM,EPABX,QUARTERLY,7,3,4,8.6,42.9
RCKU,TELECOM,PAS/PIDS,HALF YEARLY,19,7,12,72.9,36.8
RCKU,TELECOM,PAS/PIDS,MONTHLY,8,3,5,35.1,37.5
RCKU,TELECOM,PAS/PIDS,QUARTERLY,82,53,29,35.4,64.6
RCKU,TELECOM,RADIO,HALF YEARLY,1,1,0,-55.0,100.0
RCKU,TELECOM,RADIO,MONTHLY,8,2,6,21.0,25.0
RCKU,TELECOM,SDH/MPLS,HALF YEARLY,1,0,1,108.0,0.0
RCKU,TELECOM,SDH/MPLS,QUARTERLY,1,0,1,74.0,0.0
RCKU,TELECOM,SMPS,HALF YEARLY,2,0,2,150.0,0.0
RCKU,TELECOM,SMPS,MONTHLY,38,30,8,-3.8,78.9
RCKU,TELECOM,TELE SWITCH,QUARTERLY,5,3,2,18.4,60.0
RCKU,TELECOM,TER ROOM,MONTHLY,1,1,0,-30.0,100.0
RDPK,AFC,EFO,QUARTERLY,4,4,0,-34.0,100.0
RDPK,AFC,EMERGENCY SWITCH,MONTHLY,2,2,0,-23.0,100.0
RDPK,AFC,GATE,MONTHLY,12,6,6,9.5,50.0
RDPK,AFC,TOM,QUARTERLY,4,4,0,-34.0,100.0
RDPK,AFC,TVM,MONTHLY,35,25,10,0.3,71.4
RDPK,IT,IT SWITCH,QUARTERLY,1,1,0,-24.0,100.0
RDPK,TELECOM,CCTV,QUARTERLY,98,98,0,-33.9,100.0
RDPK,TELECOM,CLOCK,QUARTERLY,33,30,3,-45.5,90.9
RDPK,TELECOM,EPABX,MONTHLY,4,0,4,116.0,0.0
RDPK,TELECOM,EPABX,QUARTERLY,8,8,0,-65.2,100.0
RDPK,TELECOM,NETWORKING,QUARTERLY,1,0,1,27.0,0.0
RDPK,TELECOM,PAS/PIDS,QUARTERLY,179,154,25,-46.1,86.0
RDPK,TELECOM,PEST CONTROL,MONTHLY,1,0,1,116.0,0.0
RDPK,TELECOM,RADIO,MONTHLY,1,0,1,116.0,0.0
RDPK,TELECOM,SMPS,MONTHLY,8,2,6,26.2,25.0
RDPK,TELECOM,TELE ROUTER,QUARTERLY,2,2,0,-24.0,100.0
RDPK,TELECOM,UPS,MONTHLY,6,1,5,18.3,16.7
RG3,AFC,AFC SWITCH,QUARTERLY,17,14,3,-36.7,82.4
RG3,AFC,AVM,MONTHLY,84,48,36,2.0,57.1
RG3,AFC,CSM,MONTHLY,2,1,1,-2.0,50.0
RG3,AFC,EC,HALF YEARLY,19,11,8,-22.1,57.9
RG3,AFC,EC,QUARTERLY,31,17,14,4.9,54.8
RG3,AFC,EFO,QUARTERLY,13,9,4,-20.3,69.2
RG3,AFC,GATE,MONTHLY,230,126,104,0.8,54.8
RG3,AFC,SC,HALF YEARLY,1,1,0,-5.0,100.0
RG3,AFC,SWING BARRIER,MONTHLY,13,5,8,10.4,38.5
RG3,AFC,TOM,QUARTERLY,15,10,5,-25.7,66.7
RG3,AFC,TVM,BI-WEEKLY,46,12,34,8.7,26.1
RG3,AFC,TVM,MONTHLY,45,39,6,-7.7,86.7
RG3,IT,IT SWITCH,QUARTERLY,3,3,0,-34.0,100.0
RG3,TELECOM,CCTV,HALF YEARLY,31,2,29,17.5,6.5
RG3,TELECOM,CCTV,MONTHLY,24,24,0,-13.0,100.0
RG3,TELECOM,CCTV,QUARTERLY,195,128,67,18.9,65.6
RG3,TELECOM,CLOCK,HALF YEARLY,4,2,2,0.5,50.0
RG3,TELECOM,CLOCK,QUARTERLY,84,47,37,0.9,56.0
RG3,TELECOM,EARTH PIT,QUARTERLY,4,3,1,1.0,75.0
RG3,TELECOM,EPABX,HALF YEARLY,1,0,1,182.0,0.0
RG3,TELECOM,EPABX,MONTHLY,68,44,24,-1.6,64.7
RG3,TELECOM,EPABX,QUARTERLY,11,8,3,-23.8,72.7
RG3,TELECOM,EPABX,YEARLY,2,2,0,-184.5,100.0
RG3,TELECOM,PAS/PIDS,HALF YEARLY,58,52,6,-71.3,89.7
RG3,TELECOM,PAS/PIDS,MONTHLY,17,7,10,6.8,41.2
RG3,TELECOM,PAS/PIDS,QUARTERLY,1041,705,336,-17.0,67.7
RG3,TELECOM,PAS/PIDS,YEARLY,1,1,0,-10.0,100.0
RG3,TELECOM,PEST CONTROL,MONTHLY,8,5,3,-2.0,62.5
RG3,TELECOM,RADIO,MONTHLY,11,5,6,13.9,45.5
RG3,TELECOM,SDH/MPLS,QUARTERLY,2,2,0,-9.5,100.0
RG3,TELECOM,SMPS,HALF YEARLY,4,2,2,0.5,50.0
RG3,TELECOM,SMPS,MONTHLY,32,14,18,2.6,43.8
RG3,TELECOM,TELE SWITCH,QUARTERLY,6,4,2,25.3,66.7
RG3,TELECOM,TELE SWITCH,YEARLY,2,2,0,-3.0,100.0
RG7,AFC,AFC ROUTER,QUARTERLY,3,0,3,55.3,0.0
RG7,AFC,AFC SWITCH,QUARTERLY,14,7,7,10.1,50.0
RG7,AFC,AVM,MONTHLY,18,8,10,9.8,44.4
RG7,AFC,CSM,MONTHLY,1,0,1,4.0,0.0
RG7,AFC,EC,QUARTERLY,2,0,2,124.0,0.0
RG7,AFC,EFO,QUARTERLY,5,3,2,-2.8,60.0
RG7,AFC,EMERGENCY SWITCH,MONTHLY,9,3,6,16.2,33.3
RG7,AFC,GATE,MONTHLY,70,38,32,2.2,54.3
RG7,AFC,RCTM,BI-WEEKLY,32,27,5,1.2,84.4
RG7,AFC,RCTM,MONTHLY,5,4,1,1.0,80.0
RG7,AFC,SWING BARRIER,MONTHLY,12,4,8,7.6,33.3
RG7,AFC,TOM,QUARTERLY,10,6,4,-2.8,60.0
RG7,AFC,TVM,BI-WEEKLY,70,60,10,-0.1,85.7
RG7,AFC,TVM,MONTHLY,10,8,2,1.0,80.0
RG7,TELECOM,CCTV,HALF YEARLY,68,61,7,-27.6,89.7
RG7,TELECOM,CCTV,MONTHLY,1,0,1,99.0,0.0
RG7,TELECOM,CCTV,QUARTERLY,710,651,59,-44.9,91.7
RG7,TELECOM,CLOCK,HALF YEARLY,1,1,0,-38.0,100.0
RG7,TELECOM,CLOCK,MONTHLY,6,0,6,48.0,0.0
RG7,TELECOM,CLOCK,QUARTERLY,95,91,4,-44.2,95.8
RG7,TELECOM,EPABX,HALF YEARLY,2,2,0,-95.5,100.0
RG7,TELECOM,EPABX,MONTHLY,36,12,24,20.3,33.3
RG7,TELECOM,EPABX,QUARTERLY,6,5,1,-17.0,83.3
RG7,TELECOM,PAS/PIDS,HALF YEARLY,173,171,2,-167.5,98.8
RG7,TELECOM,PAS/PIDS,MONTHLY,1416,672,744,12.4,47.5
RG7,TELECOM,PAS/PIDS,QUARTERLY,39,29,10,-2.8,74.4
RG7,TELECOM,RADIO,MONTHLY,8,4,4,27.5,50.0
RG7,TELECOM,SDH/MPLS,QUARTERLY,2,2,0,-15.5,100.0
RG7,TELECOM,SMPS,HALF YEARLY,5,3,2,-38.0,60.0
RG7,TELECOM,SMPS,MONTHLY,27,13,14,6.3,48.1
RG7,TELECOM,UPS,HALF YEARLY,1,0,1,180.0,0.0
RG7,TELECOM,UPS,MONTHLY,11,1,10,41.0,9.1
RHE,AFC,AFC SWITCH,QUARTERLY,9,6,3,21.7,66.7
RHE,AFC,AVM,MONTHLY,36,21,15,3.3,58.3
RHE,AFC,EC,HALF YEARLY,1,1,0,-141.0,100.0
RHE,AFC,EC,QUARTERLY,4,3,1,-3.8,75.0
RHE,AFC,EFO,QUARTERLY,4,2,2,57.0,50.0
RHE,AFC,EMERGENCY SWITCH,MONTHLY,6,3,3,1.5,50.0
RHE,AFC,GATE,MONTHLY,197,101,96,8.4,51.3
RHE,AFC,SC,HALF YEARLY,1,1,0,-159.0,100.0
RHE,AFC,SWING BARRIER,MONTHLY,12,7,5,3.3,58.3
RHE,AFC,TOM,QUARTERLY,8,4,4,57.0,50.0
RHE,AFC,TVM,BI-WEEKLY,20,8,12,13.8,40.0
RHE,AFC,TVM,MONTHLY,58,32,26,3.6,55.2
RHE,IT,IT SWITCH,QUARTERLY,2,2,0,-6.0,100.0
RHE,TELECOM,CCTV,HALF YEARLY,4,4,0,-48.0,100.0
RHE,TELECOM,CCTV,MONTHLY,19,14,5,-4.1,73.7
RHE,TELECOM,CCTV,QUARTERLY,102,81,21,-19.0,79.4
RHE,TELECOM,CLOCK,HALF YEARLY,1,1,0,-5.0,100.0
RHE,TELECOM,CLOCK,QUARTERLY,49,31,18,-12.7,63.3
RHE,TELECOM,EPABX,MONTHLY,18,10,8,-0.2,55.6
RHE,TELECOM,EPABX,QUARTERLY,1,1,0,-7.0,100.0
RHE,TELECOM,PAS/PIDS,HALF YEARLY,6,6,0,-81.3,100.0
RHE,TELECOM,PAS/PIDS,QUARTERLY,431,362,69,-15.6,84.0
RHE,TELECOM,RADIO,MONTHLY,10,4,6,9.6,40.0
RHE,TELECOM,SDH/MPLS,QUARTERLY,1,1,0,-7.0,100.0
RHE,TELECOM,SMPS,MONTHLY,35,21,14,6.1,60.0
RHE,TELECOM,TELE SWITCH,HALF YEARLY,2,0,2,58.0,0.0
RHE,TELECOM,TELE SWITCH,QUARTERLY,2,2,0,-7.0,100.0
RHE,TELECOM,TER ROOM,MONTHLY,1,0,1,4.0,0.0
RHE,TELECOM,UPS,HALF YEARLY,1,0,1,134.0,0.0
RHE,TELECOM,UPS,MONTHLY,39,24,15,8.9,61.5
RHW,AFC,AFC SWITCH,QUARTERLY,9,8,1,-30.4,88.9
RHW,AFC,AVM,MONTHLY,39,21,18,24.9,53.8
RHW,AFC,EC,QUARTERLY,5,5,0,-17.8,100.0
RHW,AFC,EFO,QUARTERLY,4,2,2,51.8,50.0
RHW,AFC,EMERGENCY SWITCH,MONTHLY,6,2,4,1.3,33.3
RHW,AFC,GATE,MONTHLY,305,199,106,12.4,65.2
RHW,AFC,SC,HALF YEARLY,1,1,0,-158.0,100.0
RHW,AFC,SWING BARRIER,MONTHLY,14,8,6,21.0,57.1
RHW,AFC,TOM,QUARTERLY,16,4,12,32.1,25.0
RHW,AFC,TVM,BI-WEEKLY,35,12,23,14.1,34.3
RHW,AFC,TVM,MONTHLY,80,48,32,10.6,60.0
RHW,IT,IT SWITCH,HALF YEARLY,2,2,0,-15.0,100.0
RHW,IT,IT SWITCH,QUARTERLY,3,3,0,-4.7,100.0
RHW,TELECOM,CCTV,HALF YEARLY,23,3,20,18.4,13.0
RHW,TELECOM,CCTV,MONTHLY,8,4,4,-0.2,50.0
RHW,TELECOM,CCTV,QUARTERLY,81,49,32,-15.1,60.5
RHW,TELECOM,CCTV,YEARLY,1,1,0,-302.0,100.0
RHW,TELECOM,CLOCK,HALF YEARLY,2,1,1,-17.0,50.0
RHW,TELECOM,CLOCK,QUARTERLY,44,26,18,-9.9,59.1
RHW,TELECOM,EPABX,HALF YEARLY,1,1,0,-138.0,100.0
RHW,TELECOM,EPABX,MONTHLY,16,8,8,-0.2,50.0
RHW,TELECOM,EPABX,YEARLY,1,1,0,-323.0,100.0
RHW,TELECOM,PAS/PIDS,HALF YEARLY,6,0,6,86.0,0.0
RHW,TELECOM,PAS/PIDS,QUARTERLY,410,276,134,0.4,67.3
RHW,TELECOM,RADIO,MONTHLY,9,4,5,13.9,44.4
RHW,TELECOM,SMPS,HALF YEARLY,3,2,1,4.3,66.7
RHW,TELECOM,SMPS,MONTHLY,30,18,12,16.7,60.0
RHW,TELECOM,TER ROOM,MONTHLY,1,0,1,4.0,0.0
RHW,TELECOM,UPS,HALF YEARLY,7,7,0,-142.0,100.0
RHW,TELECOM,UPS,MONTHLY,38,24,14,7.6,63.2
RI,AFC,AFC SWITCH,QUARTERLY,3,3,0,-26.0,100.0
RI,AFC,AVM,MONTHLY,59,28,31,13.7,47.5
RI,AFC,EC,QUARTERLY,4,3,1,-0.5,75.0
RI,AFC,EFO,QUARTERLY,5,3,2,20.0,60.0
RI,AFC,EMERGENCY SWITCH,MONTHLY,6,3,3,0.3,50.0
RI,AFC,GATE,MONTHLY,260,141,119,10.6,54.2
RI,AFC,SC,HALF YEARLY,1,1,0,-157.0,100.0
RI,AFC,SWING BARRIER,MONTHLY,14,7,7,16.9,50.0
RI,AFC,TOM,QUARTERLY,20,10,10,29.8,50.0
RI,AFC,TVM,BI-WEEKLY,32,5,27,32.8,15.6
RI,AFC,TVM,MONTHLY,89,57,32,9.3,64.0
RI,IT,IT SWITCH,HALF YEARLY,2,0,2,10.0,0.0
RI,IT,IT SWITCH,QUARTERLY,4,2,2,-4.0,50.0
RI,TELECOM,CCTV,HALF YEARLY,27,11,16,33.8,40.7
RI,TELECOM,CCTV,MONTHLY,36,24,12,-5.1,66.7
RI,TELECOM,CCTV,QUARTERLY,174,141,33,-9.9,81.0
RI,TELECOM,CLOCK,HALF YEARLY,3,2,1,-77.7,66.7
RI,TELECOM,CLOCK,QUARTERLY,87,70,17,-29.3,80.5
RI,TELECOM,EPABX,MONTHLY,22,10,12,-5.6,45.5
RI,TELECOM,PAS/PIDS,HALF YEARLY,10,4,6,-22.6,40.0
RI,TELECOM,PAS/PIDS,QUARTERLY,532,441,91,-15.7,82.9
RI,TELECOM,PAS/PIDS,YEARLY,1,1,0,-238.0,100.0
RI,TELECOM,RADIO,MONTHLY,12,6,6,2.9,50.0
RI,TELECOM,SDH/MPLS,HALF YEARLY,1,1,0,-12.0,100.0
RI,TELECOM,SMPS,HALF YEARLY,4,2,2,139.0,50.0
RI,TELECOM,SMPS,MONTHLY,40,22,18,9.0,55.0
RI,TELECOM,TELE SWITCH,HALF YEARLY,1,1,0,-39.0,100.0
RI,TELECOM,TELE SWITCH,QUARTERLY,3,2,1,-8.3,66.7
RI,TELECOM,TELE SWITCH,YEARLY,1,1,0,-234.0,100.0
RI,TELECOM,TER ROOM,MONTHLY,2,2,0,-14.0,100.0
RISE,AFC,AFC ROUTER,YEARLY,1,1,0,-274.0,100.0
RISE,AFC,AFC SWITCH,YEARLY,2,2,0,-275.0,100.0
RISE,AFC,AVM,MONTHLY,14,8,6,44.0,57.1
RISE,AFC,GATE,MONTHLY,204,116,88,2.5,56.9
RISE,AFC,RCTM,MONTHLY,3,1,2,88.0,33.3
RISE,AFC,TOM,QUARTERLY,9,4,5,54.8,44.4
RISE,AFC,TVM,BI-WEEKLY,10,4,6,12.4,40.0
RISE,AFC,TVM,MONTHLY,24,18,6,2.6,75.0
RISE,TELECOM,CCTV,HALF YEARLY,3,0,3,6.0,0.0
RISE,TELECOM,CCTV,QUARTERLY,226,143,83,-20.4,63.3
RISE,TELECOM,CCTV,YEARLY,6,6,0,-282.8,100.0
RISE,TELECOM,CLOCK,HALF YEARLY,3,1,2,44.7,33.3
RISE,TELECOM,CLOCK,QUARTERLY,52,21,31,24.7,40.4
RISE,TELECOM,EPABX,HALF YEARLY,3,0,3,297.0,0.0
RISE,TELECOM,EPABX,MONTHLY,12,4,8,38.8,33.3
RISE,TELECOM,EPABX,QUARTERLY,4,3,1,-21.8,75.0
RISE,TELECOM,PAS/PIDS,HALF YEARLY,14,0,14,6.0,0.0
RISE,TELECOM,PAS/PIDS,MONTHLY,239,47,192,26.1,19.7
RISE,TELECOM,PAS/PIDS,QUARTERLY,322,96,226,3.7,29.8
RISE,TELECOM,PAS/PIDS,YEARLY,2,2,0,-365.0,100.0
RISE,TELECOM,RADIO,HALF YEARLY,1,0,1,16.0,0.0
RISE,TELECOM,RADIO,MONTHLY,15,8,7,2.6,53.3
RISE,TELECOM,RADIO,YEARLY,1,0,1,63.0,0.0
RISE,TELECOM,SDH/MPLS,HALF YEARLY,1,0,1,44.0,0.0
RISE,TELECOM,SDH/MPLS,QUARTERLY,3,2,1,-24.3,66.7
RISE,TELECOM,SMPS,MONTHLY,31,17,14,1.2,54.8
RISE,TELECOM,UPS,HALF YEARLY,13,13,0,-161.5,100.0
RISE,TELECOM,UPS,MONTHLY,31,17,14,1.7,54.8
RJBH,AFC,AFC SWITCH,QUARTERLY,16,12,4,1.1,75.0
RJBH,AFC,AVM,MONTHLY,58,30,28,4.8,51.7
RJBH,AFC,EC,QUARTERLY,18,9,9,21.5,50.0
RJBH,AFC,EFO,QUARTERLY,11,8,3,0.5,72.7
RJBH,AFC,EMERGENCY SWITCH,MONTHLY,6,4,2,49.7,66.7
RJBH,AFC,GATE,MONTHLY,168,119,49,-2.2,70.8
RJBH,AFC,RCTM,BI-WEEKLY,34,6,28,15.0,17.6
RJBH,AFC,RCTM,MONTHLY,14,4,10,37.6,28.6
RJBH,AFC,SWING BARRIER,MONTHLY,21,9,12,10.6,42.9
RJBH,AFC,TOM,QUARTERLY,12,8,4,38.7,66.7
RJBH,AFC,TVM,BI-WEEKLY,62,4,58,17.0,6.5
RJBH,AFC,TVM,MONTHLY,28,8,20,37.7,28.6
RJBH,TELECOM,CCTV,HALF YEARLY,49,49,0,-57.3,100.0
RJBH,TELECOM,CCTV,QUARTERLY,147,58,89,33.3,39.5
RJBH,TELECOM,CLOCK,QUARTERLY,46,36,10,-38.2,78.3
RJBH,TELECOM,EPABX,HALF YEARLY,2,1,1,-29.5,50.0
RJBH,TELECOM,EPABX,MONTHLY,39,11,28,14.4,28.2
RJBH,TELECOM,EPABX,QUARTERLY,10,2,8,86.4,20.0
RJBH,TELECOM,PAS/PIDS,HALF YEARLY,6,6,0,-60.7,100.0
RJBH,TELECOM,PAS/PIDS,QUARTERLY,128,47,81,21.6,36.7
RJBH,TELECOM,PAS/PIDS,YEARLY,2,2,0,-365.0,100.0
RJBH,TELECOM,RADIO,MONTHLY,7,3,4,21.1,42.9
RJBH,TELECOM,SMPS,HALF YEARLY,2,0,2,23.0,0.0
RJBH,TELECOM,SMPS,MONTHLY,47,32,15,-8.3,68.1
RJBH,TELECOM,UPS,HALF YEARLY,3,3,0,-180.0,100.0
RJBH,TELECOM,UPS,MONTHLY,37,25,12,-3.1,67.6
RJBH,TELECOM,UPS,YEARLY,4,4,0,-186.5,100.0
RJNM,AFC,AFC ROUTER,YEARLY,1,1,0,-183.0,100.0
RJNM,AFC,AFC SWITCH,QUARTERLY,16,13,3,-12.1,81.2
RJNM,AFC,AFC SWITCH,YEARLY,1,1,0,-105.0,100.0
RJNM,AFC,AVM,MONTHLY,64,48,16,-0.2,75.0
RJNM,AFC,EC,HALF YEARLY,10,6,4,-48.8,60.0
RJNM,AFC,EC,QUARTERLY,28,24,4,-27.0,85.7
RJNM,AFC,EFO,QUARTERLY,13,11,2,-19.1,84.6
RJNM,AFC,EMERGENCY SWITCH,MONTHLY,6,4,2,19.3,66.7
RJNM,AFC,GATE,MONTHLY,140,94,46,0.3,67.1
RJNM,AFC,RCTM,BI-WEEKLY,30,6,24,17.7,20.0
RJNM,AFC,RCTM,MONTHLY,8,2,6,86.5,25.0
RJNM,AFC,SC,HALF YEARLY,2,2,0,-88.0,100.0
RJNM,AFC,SWING BARRIER,MONTHLY,30,20,10,1.7,66.7
RJNM,AFC,TOM,QUARTERLY,20,12,8,2.0,60.0
RJNM,AFC,TVM,BI-WEEKLY,62,16,46,16.2,25.8
RJNM,AFC,TVM,MONTHLY,21,9,12,60.0,42.9
RJNM,IT,IT ROUTER,QUARTERLY,1,1,0,-22.0,100.0
RJNM,TELECOM,CCTV,HALF YEARLY,77,37,40,0.6,48.1
RJNM,TELECOM,CCTV,QUARTERLY,183,113,70,19.5,61.7
RJNM,TELECOM,CCTV,YEARLY,5,5,0,-353.0,100.0
RJNM,TELECOM,CLOCK,HALF YEARLY,1,0,1,126.0,0.0
RJNM,TELECOM,CLOCK,QUARTERLY,56,35,21,3.1,62.5
RJNM,TELECOM,EPABX,HALF YEARLY,4,4,0,-12.0,100.0
RJNM,TELECOM,EPABX,MONTHLY,56,32,24,2.2,57.1
RJNM,TELECOM,EPABX,QUARTERLY,11,6,5,-5.5,54.5
RJNM,TELECOM,EPABX,YEARLY,1,1,0,-347.0,100.0
RJNM,TELECOM,PAS/PIDS,HALF YEARLY,32,24,8,-67.1,75.0
RJNM,TELECOM,PAS/PIDS,QUARTERLY,453,256,197,19.1,56.5
RJNM,TELECOM,RADIO,HALF YEARLY,1,0,1,27.0,0.0
RJNM,TELECOM,RADIO,MONTHLY,13,7,6,4.8,53.8
RJNM,TELECOM,SDH/MPLS,HALF YEARLY,1,1,0,-12.0,100.0
RJNM,TELECOM,SDH/MPLS,QUARTERLY,3,1,2,12.0,33.3
RJNM,TELECOM,SMPS,HALF YEARLY,6,6,0,-75.3,100.0
RJNM,TELECOM,SMPS,MONTHLY,36,22,14,-2.1,61.1
RKAM,AFC,AFC SWITCH,QUARTERLY,14,11,3,-21.9,78.6
RKAM,AFC,AVM,MONTHLY,36,18,18,1.0,50.0
RKAM,AFC,EC,HALF YEARLY,10,0,10,5.0,0.0
RKAM,AFC,EC,QUARTERLY,13,13,0,-82.2,100.0
RKAM,AFC,EFO,QUARTERLY,9,4,5,10.8,44.4
RKAM,AFC,GATE,MONTHLY,186,103,83,-1.1,55.4
RKAM,AFC,SWING BARRIER,MONTHLY,12,8,4,0.3,66.7
RKAM,AFC,TOM,QUARTERLY,19,9,10,15.9,47.4
RKAM,AFC,TVM,BI-WEEKLY,269,159,110,3.4,59.1
RKAM,AFC,TVM,MONTHLY,125,62,63,6.3,49.6
RKAM,TELECOM,CCTV,HALF YEARLY,4,0,4,23.0,0.0
RKAM,TELECOM,CCTV,QUARTERLY,92,44,48,44.9,47.8
RKAM,TELECOM,CLOCK,QUARTERLY,46,20,26,35.0,43.5
RKAM,TELECOM,EPABX,HALF YEARLY,3,0,3,99.0,0.0
RKAM,TELECOM,EPABX,MONTHLY,40,20,20,10.7,50.0
RKAM,TELECOM,PAS/PIDS,HALF YEARLY,4,0,4,35.5,0.0
RKAM,TELECOM,PAS/PIDS,QUARTERLY,319,242,77,-15.5,75.9
RKAM,TELECOM,PEST CONTROL,MONTHLY,13,8,5,8.5,61.5
RKAM,TELECOM,RADIO,HALF YEARLY,3,1,2,21.3,33.3
RKAM,TELECOM,RADIO,MONTHLY,12,9,3,7.9,75.0
RKAM,TELECOM,SMPS,HALF YEARLY,4,2,2,-1.0,50.0
RKAM,TELECOM,SMPS,MONTHLY,34,27,7,-2.5,79.4
RKAM,TELECOM,UPS,MONTHLY,28,16,12,3.4,57.1
RKPM,AFC,AFC ROUTER,QUARTERLY,2,1,1,93.0,50.0
RKPM,AFC,AFC SWITCH,QUARTERLY,11,6,5,76.4,54.5
RKPM,AFC,AVM,MONTHLY,28,12,16,39.1,42.9
RKPM,AFC,EFO,QUARTERLY,9,4,5,13.4,44.4
RKPM,AFC,GATE,MONTHLY,113,57,56,1.6,50.4
RKPM,AFC,RCTM,BI-WEEKLY,32,18,14,13.8,56.2
RKPM,AFC,RCTM,MONTHLY,20,12,8,11.6,60.0
RKPM,AFC,SC,HALF YEARLY,2,2,0,-115.5,100.0
RKPM,AFC,SWING BARRIER,MONTHLY,16,6,10,20.0,37.5
RKPM,AFC,TOM,QUARTERLY,6,2,4,49.0,33.3
RKPM,AFC,TVM,BI-WEEKLY,83,46,37,17.5,55.4
RKPM,AFC,TVM,MONTHLY,83,55,28,1.3,66.3
RKPM,TELECOM,CCTV,QUARTERLY,95,7,88,100.2,7.4
RKPM,TELECOM,CLOCK,QUARTERLY,8,1,7,78.2,12.5
RKPM,TELECOM,EPABX,HALF YEARLY,2,1,1,-37.0,50.0
RKPM,TELECOM,EPABX,MONTHLY,91,10,81,151.2,11.0
RKPM,TELECOM,EPABX,QUARTERLY,6,3,3,112.5,50.0
RKPM,TELECOM,PAS/PIDS,MONTHLY,33,16,17,25.1,48.5
RKPM,TELECOM,PAS/PIDS,QUARTERLY,312,137,175,38.9,43.9
RKPM,TELECOM,RADIO,HALF YEARLY,1,1,0,-180.0,100.0
RKPM,TELECOM,RADIO,MONTHLY,8,0,8,71.9,0.0
RKPM,TELECOM,SDH/MPLS,QUARTERLY,3,3,0,-12.7,100.0
RKPM,TELECOM,SDH/MPLS,YEARLY,1,1,0,-324.0,100.0
RKPM,TELECOM,SMPS,HALF YEARLY,2,0,2,42.0,0.0
RKPM,TELECOM,SMPS,MONTHLY,22,12,10,10.4,54.5
RKPM,TELECOM,TER ROOM,MONTHLY,2,1,1,-11.5,50.0
RN,AFC,AFC SWITCH,QUARTERLY,11,6,5,35.6,54.5
RN,AFC,AVM,MONTHLY,36,19,17,9.5,52.8
RN,AFC,EC,QUARTERLY,29,17,12,-2.2,58.6
RN,AFC,EFO,QUARTERLY,14,12,2,-21.9,85.7
RN,AFC,GATE,MONTHLY,151,95,56,-0.8,62.9
RN,AFC,SC,HALF YEARLY,1,0,1,56.0,0.0
RN,AFC,SWING BARRIER,MONTHLY,5,1,4,9.0,20.0
RN,AFC,TOM,QUARTERLY,7,6,1,-18.7,85.7
RN,AFC,TVM,BI-WEEKLY,176,124,52,3.5,70.5
RN,AFC,TVM,MONTHLY,130,112,18,-6.6,86.2
RN,IT,IT SWITCH,QUARTERLY,3,0,3,18.0,0.0
RN,TELECOM,CCTV,HALF YEARLY,15,6,9,17.8,40.0
RN,TELECOM,CCTV,QUARTERLY,184,110,74,14.9,59.8
RN,TELECOM,CLOCK,HALF YEARLY,8,2,6,47.0,25.0
RN,TELECOM,CLOCK,QUARTERLY,67,26,41,28.7,38.8
RN,TELECOM,EPABX,HALF YEARLY,4,1,3,43.2,25.0
RN,TELECOM,EPABX,MONTHLY,56,28,28,5.9,50.0
RN,TELECOM,EPABX,QUARTERLY,16,8,8,1.1,50.0
RN,TELECOM,EPABX,YEARLY,1,0,1,7.0,0.0
RN,TELECOM,PAS/PIDS,HALF YEARLY,6,0,6,201.0,0.0
RN,TELECOM,PAS/PIDS,QUARTERLY,866,426,440,5.5,49.2
RN,TELECOM,PAS/PIDS,YEARLY,12,1,11,-12.1,8.3
RN,TELECOM,RADIO,MONTHLY,16,10,6,1.4,62.5
RN,TELECOM,SMPS,HALF YEARLY,4,2,2,13.0,50.0
RN,TELECOM,SMPS,MONTHLY,33,21,12,1.4,63.6
RN,TELECOM,TELE SWITCH,HALF YEARLY,4,2,2,6.0,50.0
RN,TELECOM,TELE SWITCH,QUARTERLY,4,2,2,18.0,50.0
RN,TELECOM,TELE SWITCH,YEARLY,2,0,2,38.0,0.0
RN,TELECOM,UPS,HALF YEARLY,8,7,1,-130.5,87.5
RN,TELECOM,UPS,MONTHLY,31,16,15,3.4,51.6
RNS/BVMH,AFC,AFC ROUTER,QUARTERLY,4,2,2,14.8,50.0
RNS/BVMH,AFC,AFC SWITCH,QUARTERLY,21,13,8,-10.2,61.9
RNS/BVMH,AFC,AVM,MONTHLY,64,36,28,0.1,56.2
RNS/BVMH,AFC,EC,QUARTERLY,15,15,0,-18.0,100.0
RNS/BVMH,AFC,EFO,QUARTERLY,12,8,4,-13.0,66.7
RNS/BVMH,AFC,EMERGENCY SWITCH,MONTHLY,23,11,12,8.3,47.8
RNS/BVMH,AFC,GATE,MONTHLY,202,108,94,0.8,53.5
RNS/BVMH,AFC,RCTM,BI-WEEKLY,30,21,9,2.2,70.0
RNS/BVMH,AFC,RCTM,MONTHLY,20,17,3,-4.2,85.0
RNS/BVMH,AFC,SC,HALF YEARLY,2,2,0,-11.5,100.0
RNS/BVMH,AFC,SWING BARRIER,MONTHLY,8,4,4,2.2,50.0
RNS/BVMH,AFC,TOM,QUARTERLY,12,8,4,-13.0,66.7
RNS/BVMH,AFC,TVM,BI-WEEKLY,174,126,48,2.1,72.4
RNS/BVMH,AFC,TVM,MONTHLY,114,102,12,-2.8,89.5
RNS/BVMH,TELECOM,CCTV,HALF YEARLY,6,2,4,-4.3,33.3
RNS/BVMH,TELECOM,CCTV,QUARTERLY,415,310,105,-11.2,74.7
RNS/BVMH,TELECOM,CLOCK,HALF YEARLY,2,1,1,-2.5,50.0
RNS/BVMH,TELECOM,CLOCK,QUARTERLY,85,62,23,-6.6,72.9
RNS/BVMH,TELECOM,EARTH PIT,QUARTERLY,10,4,6,8.4,40.0
RNS/BVMH,TELECOM,EARTH PIT,YEARLY,2,0,2,11.0,0.0
RNS/BVMH,TELECOM,EPABX,HALF YEARLY,2,1,1,-11.5,50.0
RNS/BVMH,TELECOM,EPABX,MONTHLY,69,37,32,0.5,53.6
RNS/BVMH,TELECOM,EPABX,QUARTERLY,17,14,3,-62.8,82.4
RNS/BVMH,TELECOM,PAS/PIDS,HALF YEARLY,26,14,12,6.9,53.8
RNS/BVMH,TELECOM,PAS/PIDS,QUARTERLY,702,482,220,-5.3,68.7
RNS/BVMH,TELECOM,PAS/PIDS,YEARLY,1,1,0,-365.0,100.0
RNS/BVMH,TELECOM,RADIO,HALF YEARLY,2,2,0,-22.5,100.0
RNS/BVMH,TELECOM,RADIO,MONTHLY,17,9,8,0.9,52.9
RNS/BVMH,TELECOM,SDH/MPLS,HALF YEARLY,1,1,0,-32.0,100.0
RNS/BVMH,TELECOM,SDH/MPLS,QUARTERLY,3,2,1,-6.3,66.7
RNS/BVMH,TELECOM,SMPS,HALF YEARLY,4,2,2,-2.5,50.0
RNS/BVMH,TELECOM,SMPS,MONTHLY,35,19,16,0.0,54.3
RNS/BVMH,TELECOM,TER ROOM,MONTHLY,1,0,1,13.0,0.0
RP,AFC,AFC SWITCH,QUARTERLY,15,12,3,-37.5,80.0
RP,AFC,AVM,MONTHLY,36,26,10,0.4,72.2
RP,AFC,EFO,QUARTERLY,12,10,2,-21.0,83.3
RP,AFC,GATE,MONTHLY,308,219,89,-0.2,71.1
RP,AFC,SWING BARRIER,MONTHLY,10,6,4,-3.6,60.0
RP,AFC,TOM,QUARTERLY,23,16,7,-17.9,69.6
RP,AFC,TVM,BI-WEEKLY,288,243,45,2.0,84.4
RP,AFC,TVM,MONTHLY,180,162,18,-5.0,90.0
RP,TELECOM,CCTV,MONTHLY,28,20,8,-9.0,71.4
RP,TELECOM,CCTV,QUARTERLY,153,63,90,-8.6,41.2
RP,TELECOM,CLOCK,HALF YEARLY,5,5,0,-104.4,100.0
RP,TELECOM,CLOCK,QUARTERLY,43,31,12,-15.2,72.1
RP,TELECOM,EPABX,HALF YEARLY,1,1,0,-33.0,100.0
RP,TELECOM,EPABX,MONTHLY,46,26,20,8.4,56.5
RP,TELECOM,EPABX,QUARTERLY,15,9,6,-42.4,60.0
RP,TELECOM,EPABX,YEARLY,3,3,0,-162.0,100.0
RP,TELECOM,PAS/PIDS,HALF YEARLY,10,4,6,86.4,40.0
RP,TELECOM,PAS/PIDS,QUARTERLY,368,175,193,-10.7,47.6
RP,TELECOM,RADIO,HALF YEARLY,2,2,0,-39.5,100.0
RP,TELECOM,RADIO,MONTHLY,12,6,6,5.7,50.0
RP,TELECOM,SDH/MPLS,HALF YEARLY,1,1,0,-166.0,100.0
RP,TELECOM,SDH/MPLS,QUARTERLY,1,1,0,-79.0,100.0
RP,TELECOM,SMPS,MONTHLY,32,20,12,0.8,62.5
RP,TELECOM,TELE SWITCH,HALF YEARLY,4,4,0,-110.0,100.0
RP,TELECOM,TELE SWITCH,QUARTERLY,4,2,2,-20.0,50.0
RP,TELECOM,TELE SWITCH,YEARLY,2,2,0,-225.0,100.0
RP,TELECOM,UPS,HALF YEARLY,13,13,0,-172.8,100.0
RP,TELECOM,UPS,MONTHLY,28,15,13,4.9,53.6
RP,TELECOM,UPS,YEARLY,5,5,0,-286.8,100.0
SABR,AFC,AFC ROUTER,QUARTERLY,2,0,2,85.0,0.0
SABR,AFC,AFC SWITCH,QUARTERLY,6,3,3,23.0,50.0
SABR,AFC,AVM,MONTHLY,14,6,8,36.6,42.9
SABR,AFC,EFO,QUARTERLY,5,4,1,-7.6,80.0
SABR,AFC,GATE,MONTHLY,44,20,24,19.7,45.5
SABR,AFC,RCTM,BI-WEEKLY,38,18,20,11.5,47.4
SABR,AFC,RCTM,MONTHLY,26,12,14,7.5,46.2
SABR,AFC,SC,HALF YEARLY,1,1,0,-97.0,100.0
SABR,AFC,SWING BARRIER,MONTHLY,3,1,2,123.3,33.3
SABR,AFC,TOM,QUARTERLY,10,8,2,-7.6,80.0
SABR,AFC,TVM,BI-WEEKLY,66,36,30,8.0,54.5
SABR,AFC,TVM,MONTHLY,39,18,21,7.5,46.2
SABR,TELECOM,CCTV,QUARTERLY,306,204,102,-6.3,66.7
SABR,TELECOM,CLOCK,QUARTERLY,8,3,5,51.8,37.5
SABR,TELECOM,EARTH PIT,QUARTERLY,1,0,1,158.0,0.0
SABR,TELECOM,EPABX,HALF YEARLY,1,1,0,-144.0,100.0
SABR,TELECOM,EPABX,MONTHLY,52,4,48,175.0,7.7
SABR,TELECOM,EPABX,QUARTERLY,11,10,1,-16.3,90.9
SABR,TELECOM,PAS/PIDS,MONTHLY,135,22,113,151.0,16.3
SABR,TELECOM,PAS/PIDS,QUARTERLY,174,161,13,-64.7,92.5
SABR,TELECOM,PEST CONTROL,MONTHLY,1,0,1,204.0,0.0
SABR,TELECOM,RADIO,MONTHLY,4,2,2,77.0,50.0
SABR,TELECOM,SDH/MPLS,HALF YEARLY,1,1,0,-121.0,100.0
SABR,TELECOM,SDH/MPLS,QUARTERLY,1,0,1,72.0,0.0
SABR,TELECOM,SMPS,MONTHLY,17,5,12,24.8,29.4
SABR,TELECOM,TER ROOM,MONTHLY,1,1,0,1.0,100.0
SAKP,AFC,AFC ROUTER,QUARTERLY,3,2,1,32.0,66.7
SAKP,AFC,AFC SWITCH,QUARTERLY,21,13,8,3.3,61.9
SAKP,AFC,AVM,MONTHLY,20,8,12,54.0,40.0
SAKP,AFC,CSM,MONTHLY,2,2,0,-8.5,100.0
SAKP,AFC,EC,QUARTERLY,10,4,6,31.3,40.0
SAKP,AFC,EFO,QUARTERLY,12,6,6,-8.3,50.0
SAKP,AFC,EMERGENCY SWITCH,MONTHLY,8,4,4,69.2,50.0
SAKP,AFC,GATE,MONTHLY,156,124,32,-5.9,79.5
SAKP,AFC,RCTM,BI-WEEKLY,31,27,4,1.6,87.1
SAKP,AFC,RCTM,MONTHLY,5,3,2,3.6,60.0
SAKP,AFC,SC,HALF YEARLY,1,1,0,-178.0,100.0
SAKP,AFC,SWING BARRIER,MONTHLY,4,1,3,69.2,25.0
SAKP,AFC,TOM,QUARTERLY,13,7,6,-14.6,53.8
SAKP,AFC,TVM,BI-WEEKLY,96,87,9,1.1,90.6
SAKP,AFC,TVM,MONTHLY,15,12,3,-5.2,80.0
SAKP,IT,IT ROUTER,QUARTERLY,1,1,0,-26.0,100.0
SAKP,TELECOM,CCTV,HALF YEARLY,59,29,30,-69.7,49.2
SAKP,TELECOM,CCTV,QUARTERLY,391,301,90,-20.6,77.0
SAKP,TELECOM,CLOCK,HALF YEARLY,2,1,1,0.0,50.0
SAKP,TELECOM,CLOCK,QUARTERLY,82,63,19,-26.1,76.8
SAKP,TELECOM,EARTH PIT,QUARTERLY,4,0,4,380.0,0.0
SAKP,TELECOM,EPABX,HALF YEARLY,1,1,0,-86.0,100.0
SAKP,TELECOM,EPABX,MONTHLY,19,4,15,27.3,21.1
SAKP,TELECOM,PAS/PIDS,HALF YEARLY,12,10,2,-43.7,83.3
SAKP,TELECOM,PAS/PIDS,MONTHLY,606,124,482,72.7,20.5
SAKP,TELECOM,PAS/PIDS,QUARTERLY,47,42,5,-50.1,89.4
SAKP,TELECOM,PAS/PIDS,YEARLY,2,2,0,-365.0,100.0
SAKP,TELECOM,RADIO,MONTHLY,11,2,9,78.9,18.2
SAKP,TELECOM,SDH/MPLS,HALF YEARLY,1,1,0,-100.0,100.0
SAKP,TELECOM,SMPS,HALF YEARLY,4,4,0,-9.0,100.0
SAKP,TELECOM,SMPS,MONTHLY,26,12,14,8.7,46.2
SAKT,AFC,AFC ROUTER,QUARTERLY,2,2,0,-5.5,100.0
SAKT,AFC,AFC SWITCH,QUARTERLY,23,21,2,-41.7,91.3
SAKT,AFC,AVM,MONTHLY,124,55,69,6.9,44.4
SAKT,AFC,EC,QUARTERLY,35,28,7,-33.0,80.0
SAKT,AFC,EFO,QUARTERLY,26,23,3,-38.1,88.5
SAKT,AFC,EMERGENCY SWITCH,MONTHLY,13,3,10,14.7,23.1
SAKT,AFC,GATE,MONTHLY,351,126,225,8.4,35.9
SAKT,AFC,SC,HALF YEARLY,1,0,1,75.0,0.0
SAKT,AFC,SWING BARRIER,MONTHLY,24,10,14,7.9,41.7
SAKT,AFC,TOM,QUARTERLY,32,19,13,2.5,59.4
SAKT,AFC,TVM,MONTHLY,52,39,13,3.9,75.0
SAKT,TELECOM,CCTV,HALF YEARLY,32,0,32,75.6,0.0
SAKT,TELECOM,CCTV,MONTHLY,37,36,1,-15.2,97.3
SAKT,TELECOM,CCTV,QUARTERLY,421,372,49,-28.6,88.4
SAKT,TELECOM,CLOCK,QUARTERLY,86,48,38,-6.0,55.8
SAKT,TELECOM,EARTH PIT,QUARTERLY,4,0,4,42.5,0.0
SAKT,TELECOM,EARTH PIT,YEARLY,2,2,0,-241.0,100.0
SAKT,TELECOM,EPABX,HALF YEARLY,2,1,1,25.5,50.0
SAKT,TELECOM,EPABX,MONTHLY,68,40,28,-3.5,58.8
SAKT,TELECOM,EPABX,QUARTERLY,9,6,3,-45.0,66.7
SAKT,TELECOM,PAS/PIDS,HALF YEARLY,23,13,10,-8.9,56.5
SAKT,TELECOM,PAS/PIDS,MONTHLY,294,24,270,146.9,8.2
SAKT,TELECOM,PAS/PIDS,QUARTERLY,1118,686,432,1.1,61.4
SAKT,TELECOM,PAS/PIDS,YEARLY,1,1,0,-266.0,100.0
SAKT,TELECOM,RADIO,HALF YEARLY,2,2,0,-11.0,100.0
SAKT,TELECOM,RADIO,MONTHLY,14,7,7,1.9,50.0
SAKT,TELECOM,SDH/MPLS,QUARTERLY,1,0,1,79.0,0.0
SAKT,TELECOM,SMPS,MONTHLY,11,3,8,45.9,27.3
SAKT,TELECOM,TELE ROUTER,HALF YEARLY,4,2,2,-71.5,50.0
SAKT,TELECOM,TELE ROUTER,QUARTERLY,4,2,2,-5.5,50.0
SAKT,TELECOM,TELE ROUTER,YEARLY,2,2,0,-293.0,100.0
SAKT,TELECOM,TELE SWITCH,HALF YEARLY,2,0,2,37.0,0.0
SAKT,TELECOM,TELE SWITCH,QUARTERLY,4,2,2,-5.5,50.0
SAKT,TELECOM,TELE SWITCH,YEARLY,2,2,0,-293.0,100.0
SAKT,TELECOM,UPS,HALF YEARLY,3,2,1,-47.3,66.7
SAKT,TELECOM,UPS,MONTHLY,10,2,8,52.2,20.0
SFNN,AFC,AFC SWITCH,QUARTERLY,9,3,6,39.0,33.3
SFNN,AFC,AFC SWITCH,YEARLY,3,3,0,-365.0,100.0
SFNN,AFC,AVM,MONTHLY,12,8,4,11.7,66.7
SFNN,AFC,EFO,QUARTERLY,8,2,6,27.2,25.0
SFNN,AFC,EMERGENCY SWITCH,MONTHLY,4,2,2,18.0,50.0
SFNN,AFC,GATE,MONTHLY,127,51,76,13.2,40.2
SFNN,AFC,RCTM,BI-WEEKLY,9,0,9,30.8,0.0
SFNN,AFC,RCTM,MONTHLY,7,2,5,32.3,28.6
SFNN,AFC,SC,HALF YEARLY,1,1,0,-5.0,100.0
SFNN,AFC,SWING BARRIER,MONTHLY,1,0,1,66.0,0.0
SFNN,AFC,TOM,QUARTERLY,8,2,6,27.2,25.0
SFNN,AFC,TVM,BI-WEEKLY,50,5,45,26.3,10.0
SFNN,AFC,TVM,MONTHLY,64,33,31,8.9,51.6
SFNN,TELECOM,CCTV,QUARTERLY,287,193,94,-12.0,67.2
SFNN,TELECOM,CLOCK,QUARTERLY,137,105,32,-38.9,76.6
SFNN,TELECOM,EARTH PIT,QUARTERLY,3,2,1,-31.3,66.7
SFNN,TELECOM,EPABX,HALF YEARLY,1,0,1,70.0,0.0
SFNN,TELECOM,EPABX,MONTHLY,48,20,28,33.4,41.7
SFNN,TELECOM,EPABX,QUARTERLY,6,1,5,12.7,16.7
SFNN,TELECOM,PAS/PIDS,HALF YEARLY,50,36,14,-119.1,72.0
SFNN,TELECOM,PAS/PIDS,MONTHLY,1,0,1,289.0,0.0
SFNN,TELECOM,PAS/PIDS,QUARTERLY,560,430,130,-7.6,76.8
SFNN,TELECOM,PEST CONTROL,MONTHLY,1,0,1,75.0,0.0
SFNN,TELECOM,RADIO,HALF YEARLY,1,0,1,70.0,0.0
SFNN,TELECOM,RADIO,MONTHLY,11,6,5,10.6,54.5
SFNN,TELECOM,SDH/MPLS,QUARTERLY,2,0,2,15.0,0.0
SFNN,TELECOM,SMPS,HALF YEARLY,2,0,2,168.0,0.0
SFNN,TELECOM,SMPS,MONTHLY,36,24,12,-2.1,66.7
SFNN,TELECOM,TELE SWITCH,QUARTERLY,1,0,1,15.0,0.0
SFTN,AFC,EFO,QUARTERLY,15,12,3,-0.6,80.0
SFTN,AFC,GATE,MONTHLY,273,196,77,-2.6,71.8
SFTN,AFC,RCTM,BI-WEEKLY,5,0,5,65.2,0.0
SFTN,AFC,RCTM,MONTHLY,15,9,6,0.3,60.0
SFTN,AFC,TOM,QUARTERLY,18,15,3,-15.5,83.3
SFTN,AFC,TVM,BI-WEEKLY,31,10,21,52.6,32.3
SFTN,AFC,TVM,MONTHLY,65,35,30,5.5,53.8
SFTN,TELECOM,CCTV,QUARTERLY,45,45,0,-18.6,100.0
SFTN,TELECOM,CLOCK,QUARTERLY,25,7,18,20.2,28.0
SFTN,TELECOM,EPABX,MONTHLY,5,0,5,118.8,0.0
SFTN,TELECOM,EPABX,QUARTERLY,1,1,0,-90.0,100.0
SFTN,TELECOM,PAS/PIDS,HALF YEARLY,4,2,2,-1.0,50.0
SFTN,TELECOM,PAS/PIDS,QUARTERLY,276,208,68,-23.5,75.4
SFTN,TELECOM,RADIO,MONTHLY,4,1,3,43.5,25.0
SFTN,TELECOM,SDH/MPLS,QUARTERLY,1,1,0,-16.0,100.0
SFTN,TELECOM,SMPS,MONTHLY,14,4,10,32.9,28.6
SFTN,TELECOM,SMPS,YEARLY,2,2,0,-281.0,100.0
SFTN,TELECOM,UPS,HALF YEARLY,5,5,0,-162.8,100.0
SFTN,TELECOM,UPS,MONTHLY,12,5,7,24.2,41.7
SHD,AFC,AFC SWITCH,QUARTERLY,12,10,2,23.8,83.3
SHD,AFC,AVM,MONTHLY,62,39,23,-0.6,62.9
SHD,AFC,EC,QUARTERLY,16,10,6,-8.2,62.5
SHD,AFC,EFO,QUARTERLY,11,10,1,-4.4,90.9
SHD,AFC,EMERGENCY SWITCH,MONTHLY,17,10,7,-1.1,58.8
SHD,AFC,GATE,MONTHLY,414,239,175,2.6,57.7
SHD,AFC,SWING BARRIER,MONTHLY,24,15,9,-1.1,62.5
SHD,AFC,TOM,QUARTERLY,45,36,9,4.2,80.0
SHD,AFC,TVM,BI-WEEKLY,101,8,93,19.8,7.9
SHD,AFC,TVM,MONTHLY,51,30,21,36.7,58.8
SHD,TELECOM,CCTV,QUARTERLY,96,47,49,12.9,49.0
SHD,TELECOM,CLOCK,HALF YEARLY,1,1,0,-48.0,100.0
SHD,TELECOM,CLOCK,QUARTERLY,38,27,11,-27.3,71.1
SHD,TELECOM,EPABX,HALF YEARLY,1,0,1,253.0,0.0
SHD,TELECOM,EPABX,MONTHLY,52,24,28,7.5,46.2
SHD,TELECOM,EPABX,QUARTERLY,3,0,3,46.0,0.0
SHD,TELECOM,PAS/PIDS,HALF YEARLY,4,2,2,37.5,50.0
SHD,TELECOM,PAS/PIDS,QUARTERLY,342,184,158,0.7,53.8
SHD,TELECOM,PAS/PIDS,YEARLY,2,2,0,-365.0,100.0
SHD,TELECOM,RADIO,MONTHLY,10,5,5,15.3,50.0
SHD,TELECOM,SMPS,HALF YEARLY,4,2,2,-36.0,50.0
SHD,TELECOM,SMPS,MONTHLY,31,19,12,-0.6,61.3
SHD,TELECOM,SMPS,YEARLY,4,4,0,-364.0,100.0
SHD,TELECOM,TELE SWITCH,HALF YEARLY,2,2,0,-48.0,100.0
SHD,TELECOM,TELE SWITCH,QUARTERLY,2,2,0,-22.0,100.0
SHDN,AFC,AFC SWITCH,QUARTERLY,14,8,6,-1.9,57.1
SHDN,AFC,AVM,MONTHLY,26,12,14,8.6,46.2
SHDN,AFC,EC,QUARTERLY,9,0,9,59.6,0.0
SHDN,AFC,EFO,QUARTERLY,6,5,1,-9.3,83.3
SHDN,AFC,EMERGENCY SWITCH,MONTHLY,4,0,4,35.8,0.0
SHDN,AFC,GATE,MONTHLY,143,87,56,-2.1,60.8
SHDN,AFC,RCTM,BI-WEEKLY,32,6,26,15.2,18.8
SHDN,AFC,RCTM,MONTHLY,10,2,8,55.8,20.0
SHDN,AFC,SWING BARRIER,MONTHLY,19,7,12,19.5,36.8
SHDN,AFC,TOM,QUARTERLY,12,8,4,-9.3,66.7
SHDN,AFC,TVM,BI-WEEKLY,62,12,50,16.0,19.4
SHDN,AFC,TVM,MONTHLY,24,4,20,41.5,16.7
SHDN,TELECOM,CCTV,HALF YEARLY,116,116,0,-166.0,100.0
SHDN,TELECOM,CCTV,QUARTERLY,259,148,111,11.3,57.1
SHDN,TELECOM,CLOCK,HALF YEARLY,1,0,1,22.0,0.0
SHDN,TELECOM,CLOCK,QUARTERLY,44,29,15,-19.4,65.9
SHDN,TELECOM,EPABX,HALF YEARLY,4,0,4,16.0,0.0
SHDN,TELECOM,EPABX,MONTHLY,42,12,30,14.7,28.6
SHDN,TELECOM,EPABX,QUARTERLY,21,16,5,-36.4,76.2
SHDN,TELECOM,EPABX,YEARLY,8,8,0,-354.0,100.0
SHDN,TELECOM,PAS/PIDS,HALF YEARLY,24,24,0,-95.9,100.0
SHDN,TELECOM,PAS/PIDS,QUARTERLY,261,49,212,57.9,18.8
SHDN,TELECOM,PAS/PIDS,YEARLY,1,1,0,-364.0,100.0
SHDN,TELECOM,RADIO,MONTHLY,14,10,4,-3.5,71.4
SHDN,TELECOM,SDH/MPLS,QUARTERLY,1,1,0,-58.0,100.0
SHDN,TELECOM,SMPS,MONTHLY,39,26,13,-4.5,66.7
SHDN,TELECOM,UPS,HALF YEARLY,1,1,0,-180.0,100.0
SHDN,TELECOM,UPS,MONTHLY,35,22,13,-3.0,62.9
SHDN,TELECOM,UPS,YEARLY,2,2,0,-263.0,100.0
SHPK,AFC,AFC SWITCH,QUARTERLY,8,4,4,24.1,50.0
SHPK,AFC,AFC SWITCH,YEARLY,5,5,0,-209.8,100.0
SHPK,AFC,AVM,MONTHLY,60,30,30,3.7,50.0
SHPK,AFC,EC,QUARTERLY,12,11,1,-35.8,91.7
SHPK,AFC,EFO,QUARTERLY,19,19,0,-42.3,100.0
SHPK,AFC,GATE,MONTHLY,186,125,61,-1.8,67.2
SHPK,AFC,SWING BARRIER,MONTHLY,12,5,7,35.8,41.7
SHPK,AFC,TOM,QUARTERLY,16,14,2,-29.6,87.5
SHPK,AFC,TVM,BI-WEEKLY,98,12,86,17.7,12.2
SHPK,AFC,TVM,MONTHLY,36,12,24,28.7,33.3
SHPK,IT,IT SWITCH,QUARTERLY,2,2,0,-76.5,100.0
SHPK,TELECOM,CCTV,QUARTERLY,68,24,44,40.8,35.3
SHPK,TELECOM,CLOCK,HALF YEARLY,2,0,2,82.0,0.0
SHPK,TELECOM,CLOCK,QUARTERLY,17,7,10,41.6,41.2
SHPK,TELECOM,EARTH PIT,QUARTERLY,10,6,4,-7.2,60.0
SHPK,TELECOM,EPABX,HALF YEARLY,1,0,1,54.0,0.0
SHPK,TELECOM,EPABX,MONTHLY,44,24,20,8.3,54.5
SHPK,TELECOM,EPABX,QUARTERLY,14,12,2,-30.7,85.7
SHPK,TELECOM,PAS/PIDS,QUARTERLY,219,99,120,28.6,45.2
SHPK,TELECOM,RADIO,MONTHLY,9,6,3,8.1,66.7
SHPK,TELECOM,SMPS,MONTHLY,32,23,9,1.5,71.9
SHPK,TELECOM,TELE SWITCH,QUARTERLY,4,2,2,36.5,50.0
SHPKD,IT,IT SWITCH,QUARTERLY,12,1,11,8.5,8.3
SHPKD,TELECOM,CCTV,HALF YEARLY,1,1,0,-180.0,100.0
SHPKD,TELECOM,CCTV,MONTHLY,1,1,0,-24.0,100.0
SHPKD,TELECOM,CCTV,QUARTERLY,3,3,0,-30.7,100.0
SHPKD,TELECOM,CLOCK,QUARTERLY,22,13,9,13.8,59.1
SHPKD,TELECOM,EPABX,HALF YEARLY,1,1,0,-42.0,100.0
SHPKD,TELECOM,PAS/PIDS,MONTHLY,4,2,2,3.0,50.0
SHPKD,TELECOM,RADIO,HALF YEARLY,154,123,31,-44.8,79.9
SHPKD,TELECOM,RADIO,MONTHLY,34,22,12,-1.6,64.7
SHPKD,TELECOM,SDH/MPLS,QUARTERLY,1,0,1,23.0,0.0
SHPKD,TELECOM,SMPS,HALF YEARLY,2,2,0,1.0,100.0
SHPKD,TELECOM,SMPS,MONTHLY,19,11,8,20.7,57.9
SHT,AFC,AFC SWITCH,QUARTERLY,15,14,1,-33.3,93.3
SHT,AFC,AVM,MONTHLY,34,22,12,-0.8,64.7
SHT,AFC,EC,QUARTERLY,3,3,0,-5.7,100.0
SHT,AFC,EFO,QUARTERLY,4,4,0,-32.2,100.0
SHT,AFC,EMERGENCY SWITCH,MONTHLY,5,3,2,20.6,60.0
SHT,AFC,GATE,MONTHLY,207,133,74,-1.8,64.3
SHT,AFC,SC,HALF YEARLY,3,2,1,-39.0,66.7
SHT,AFC,SWING BARRIER,MONTHLY,17,11,6,-0.8,64.7
SHT,AFC,TOM,QUARTERLY,18,15,3,-16.3,83.3
SHT,AFC,TVM,BI-WEEKLY,15,3,12,14.6,20.0
SHT,AFC,TVM,MONTHLY,50,27,23,0.4,54.0
SHT,IT,IT SWITCH,QUARTERLY,3,2,1,-17.0,66.7
SHT,TELECOM,CCTV,HALF YEARLY,130,95,35,-50.5,73.1
SHT,TELECOM,CCTV,MONTHLY,34,24,10,-3.5,70.6
SHT,TELECOM,CCTV,QUARTERLY,266,187,79,-12.1,70.3
SHT,TELECOM,CLOCK,HALF YEARLY,18,3,15,-7.6,16.7
SHT,TELECOM,CLOCK,QUARTERLY,80,59,21,-13.2,73.8
SHT,TELECOM,EARTH PIT,QUARTERLY,18,16,2,-40.4,88.9
SHT,TELECOM,EPABX,HALF YEARLY,2,2,0,-61.5,100.0
SHT,TELECOM,EPABX,MONTHLY,52,28,24,-1.5,53.8
SHT,TELECOM,EPABX,QUARTERLY,12,9,3,-12.7,75.0
SHT,TELECOM,EPABX,YEARLY,1,1,0,-304.0,100.0
SHT,TELECOM,PAS/PIDS,HALF YEARLY,124,29,95,-26.8,23.4
SHT,TELECOM,PAS/PIDS,QUARTERLY,460,283,177,-2.9,61.5
SHT,TELECOM,PAS/PIDS,YEARLY,3,3,0,-197.0,100.0
SHT,TELECOM,RADIO,HALF YEARLY,2,2,0,-68.5,100.0
SHT,TELECOM,RADIO,MONTHLY,14,9,5,-3.4,64.3
SHT,TELECOM,SDH/MPLS,HALF YEARLY,2,2,0,-61.5,100.0
SHT,TELECOM,SDH/MPLS,QUARTERLY,7,7,0,-49.9,100.0
SHT,TELECOM,SMPS,HALF YEARLY,4,2,2,-15.5,50.0
SHT,TELECOM,SMPS,MONTHLY,32,20,12,0.1,62.5
SHT,TELECOM,TELE SWITCH,HALF YEARLY,4,2,2,-17.0,50.0
SHT,TELECOM,TELE SWITCH,QUARTERLY,12,10,2,-43.2,83.3
SHT,TELECOM,TER ROOM,MONTHLY,1,1,0,-4.0,100.0
SHT,TELECOM,UPS,HALF YEARLY,3,2,1,-84.7,66.7
SHT,TELECOM,UPS,MONTHLY,34,22,12,-2.0,64.7
SHT,TELECOM,UPS,YEARLY,2,2,0,-274.0,100.0
SHVP,AFC,EFO,QUARTERLY,2,2,0,3.0,100.0
SHVP,AFC,GATE,MONTHLY,12,6,6,29.5,50.0
SHVP,AFC,SC,HALF YEARLY,2,2,0,-113.5,100.0
SHVP,AFC,TOM,QUARTERLY,4,4,0,-8.5,100.0
SHVP,AFC,TVM,MONTHLY,24,16,8,5.7,66.7
SHVP,TELECOM,CCTV,QUARTERLY,28,18,10,-21.8,64.3
SHVP,TELECOM,CLOCK,QUARTERLY,7,4,3,-12.4,57.1
SHVP,TELECOM,EPABX,QUARTERLY,3,3,0,-90.0,100.0
SHVP,TELECOM,NETWORKING,QUARTERLY,2,2,0,-50.5,100.0
SHVP,TELECOM,PAS/PIDS,QUARTERLY,68,35,33,-4.1,51.5
SHVP,TELECOM,SMPS,MONTHLY,11,5,6,2.2,45.5
SHVP,TELECOM,SMPS,YEARLY,2,2,0,-302.0,100.0
SHVP,TELECOM,UPS,MONTHLY,12,8,4,1.6,66.7
SJSU,AFC,AFC SWITCH,QUARTERLY,6,3,3,15.0,50.0
SJSU,AFC,AVM,MONTHLY,4,2,2,66.0,50.0
SJSU,AFC,GATE,MONTHLY,82,36,46,25.5,43.9
SJSU,AFC,TOM,QUARTERLY,8,6,2,-28.5,75.0
SJSU,AFC,TVM,MONTHLY,14,8,6,30.0,57.1
SJSU,TELECOM,CCTV,QUARTERLY,230,121,109,31.8,52.6
SJSU,TELECOM,CLOCK,MONTHLY,1,1,0,-30.0,100.0
SJSU,TELECOM,CLOCK,QUARTERLY,24,15,9,7.8,62.5
SJSU,TELECOM,EPABX,QUARTERLY,40,34,6,-58.4,85.0
SJSU,TELECOM,PAS/PIDS,HALF YEARLY,763,391,372,-84.4,51.2
SJSU,TELECOM,PAS/PIDS,MONTHLY,1585,1185,400,-16.1,74.8
SJSU,TELECOM,PAS/PIDS,QUARTERLY,27,12,15,22.3,44.4
SJSU,TELECOM,RADIO,HALF YEARLY,2,0,2,69.0,0.0
SJSU,TELECOM,SMPS,MONTHLY,1,0,1,24.0,0.0
SJSU,TELECOM,UPS,MONTHLY,7,2,5,71.9,28.6
SKRP,AFC,AFC SWITCH,QUARTERLY,22,10,12,-9.0,45.5
SKRP,AFC,AVM,MONTHLY,108,78,30,-1.3,72.2
SKRP,AFC,EC,QUARTERLY,26,10,16,-5.8,38.5
SKRP,AFC,EFO,QUARTERLY,14,10,4,-20.9,71.4
SKRP,AFC,EMERGENCY SWITCH,MONTHLY,15,7,8,2.7,46.7
SKRP,AFC,GATE,MONTHLY,284,176,108,1.5,62.0
SKRP,AFC,SWING BARRIER,MONTHLY,36,26,10,-1.3,72.2
SKRP,AFC,TOM,QUARTERLY,16,0,16,11.8,0.0
SKRP,AFC,TVM,MONTHLY,22,14,8,12.9,63.6
SKRP,TELECOM,CCTV,QUARTERLY,337,165,172,-0.9,49.0
SKRP,TELECOM,CLOCK,HALF YEARLY,2,0,2,121.0,0.0
SKRP,TELECOM,CLOCK,QUARTERLY,42,11,31,71.5,26.2
SKRP,TELECOM,EARTH PIT,QUARTERLY,4,0,4,118.5,0.0
SKRP,TELECOM,EPABX,HALF YEARLY,1,0,1,121.0,0.0
SKRP,TELECOM,EPABX,MONTHLY,72,52,20,-1.3,72.2
SKRP,TELECOM,EPABX,QUARTERLY,11,9,2,-48.7,81.8
SKRP,TELECOM,PAS/PIDS,HALF YEARLY,6,2,4,84.0,33.3
SKRP,TELECOM,PAS/PIDS,MONTHLY,34,22,12,0.4,64.7
SKRP,TELECOM,PAS/PIDS,QUARTERLY,230,94,136,134.9,40.9
SKRP,TELECOM,RADIO,HALF YEARLY,1,0,1,16.0,0.0
SKRP,TELECOM,RADIO,MONTHLY,17,12,5,0.4,70.6
SKRP,TELECOM,SDH/MPLS,QUARTERLY,3,2,1,-10.7,66.7
SKRP,TELECOM,SMPS,MONTHLY,26,14,12,8.8,53.8
SKRP,TELECOM,TELE SWITCH,HALF YEARLY,2,0,2,121.0,0.0
SKRP,TELECOM,TELE SWITCH,QUARTERLY,12,8,4,-10.7,66.7
SKRP,TELECOM,TER ROOM,MONTHLY,1,0,1,4.0,0.0
SKRP,TELECOM,UPS,MONTHLY,24,12,12,11.7,50.0
SKVR,AFC,AFC ROUTER,QUARTERLY,1,0,1,146.0,0.0
SKVR,AFC,AFC SWITCH,QUARTERLY,6,3,3,28.0,50.0
SKVR,AFC,AVM,MONTHLY,18,8,10,18.9,44.4
SKVR,AFC,EFO,QUARTERLY,5,3,2,4.0,60.0
SKVR,AFC,GATE,MONTHLY,52,32,20,4.7,61.5
SKVR,AFC,RCTM,BI-WEEKLY,22,6,16,26.0,27.3
SKVR,AFC,RCTM,MONTHLY,18,8,10,18.2,44.4
SKVR,AFC,SC,HALF YEARLY,1,0,1,64.0,0.0
SKVR,AFC,SWING BARRIER,MONTHLY,5,3,2,14.8,60.0
SKVR,AFC,TOM,QUARTERLY,14,12,2,-36.4,85.7
SKVR,AFC,TVM,BI-WEEKLY,24,8,16,22.7,33.3
SKVR,AFC,TVM,MONTHLY,20,10,10,14.0,50.0
SKVR,TELECOM,CCTV,QUARTERLY,69,29,40,38.7,42.0
SKVR,TELECOM,CLOCK,QUARTERLY,11,4,7,27.8,36.4
SKVR,TELECOM,EARTH PIT,QUARTERLY,2,1,1,21.0,50.0
SKVR,TELECOM,EPABX,HALF YEARLY,1,0,1,84.0,0.0
SKVR,TELECOM,EPABX,MONTHLY,152,85,67,39.4,55.9
SKVR,TELECOM,EPABX,QUARTERLY,1,0,1,153.0,0.0
SKVR,TELECOM,PAS/PIDS,HALF YEARLY,1,1,0,-66.0,100.0
SKVR,TELECOM,PAS/PIDS,MONTHLY,167,25,142,129.5,15.0
SKVR,TELECOM,PAS/PIDS,QUARTERLY,20,2,18,220.0,10.0
SKVR,TELECOM,PEST CONTROL,MONTHLY,1,0,1,203.0,0.0
SKVR,TELECOM,RADIO,MONTHLY,4,1,3,70.5,25.0
SKVR,TELECOM,SDH/MPLS,QUARTERLY,2,0,2,16.0,0.0
SKVR,TELECOM,SMPS,HALF YEARLY,6,6,0,-52.0,100.0
SKVR,TELECOM,SMPS,MONTHLY,30,14,16,0.1,46.7
SKVR,TELECOM,TER ROOM,MONTHLY,1,1,0,1.0,100.0
SKVR,TELECOM,UPS,MONTHLY,9,2,7,46.2,22.2
SLAP,AFC,AFC SWITCH,QUARTERLY,12,9,3,-11.4,75.0
SLAP,AFC,AFC SWITCH,YEARLY,1,1,0,-294.0,100.0
SLAP,AFC,AVM,MONTHLY,42,33,9,1.5,78.6
SLAP,AFC,EC,HALF YEARLY,14,10,4,-71.6,71.4
SLAP,AFC,EC,QUARTERLY,26,24,2,-31.6,92.3
SLAP,AFC,EFO,QUARTERLY,13,12,1,-49.7,92.3
SLAP,AFC,EMERGENCY SWITCH,MONTHLY,2,0,2,96.5,0.0
SLAP,AFC,GATE,MONTHLY,216,118,98,5.3,54.6
SLAP,AFC,SC,HALF YEARLY,1,0,1,23.0,0.0
SLAP,AFC,SWING BARRIER,MONTHLY,12,6,6,8.0,50.0
SLAP,AFC,TOM,QUARTERLY,42,36,6,-29.7,85.7
SLAP,AFC,TVM,BI-WEEKLY,49,4,45,15.1,8.2
SLAP,AFC,TVM,MONTHLY,21,12,9,20.7,57.1
SLAP,TELECOM,CCTV,HALF YEARLY,4,4,0,-146.0,100.0
SLAP,TELECOM,CCTV,QUARTERLY,158,112,46,-19.5,70.9
SLAP,TELECOM,CCTV,YEARLY,2,2,0,-331.0,100.0
SLAP,TELECOM,CLOCK,HALF YEARLY,3,3,0,-60.0,100.0
SLAP,TELECOM,CLOCK,QUARTERLY,46,17,29,42.7,37.0
SLAP,TELECOM,EARTH PIT,QUARTERLY,8,6,2,-30.5,75.0
SLAP,TELECOM,EPABX,HALF YEARLY,4,4,0,-113.0,100.0
SLAP,TELECOM,EPABX,MONTHLY,39,19,20,7.9,48.7
SLAP,TELECOM,EPABX,QUARTERLY,17,9,8,15.4,52.9
SLAP,TELECOM,EPABX,YEARLY,1,1,0,-316.0,100.0
SLAP,TELECOM,PAS/PIDS,HALF YEARLY,63,56,7,-67.4,88.9
SLAP,TELECOM,PAS/PIDS,QUARTERLY,435,235,200,-10.7,54.0
SLAP,TELECOM,RADIO,MONTHLY,14,8,6,3.1,57.1
SLAP,TELECOM,SDH/MPLS,HALF YEARLY,1,0,1,9.0,0.0
SLAP,TELECOM,SDH/MPLS,QUARTERLY,1,0,1,36.0,0.0
SLAP,TELECOM,SDH/MPLS,YEARLY,1,1,0,-345.0,100.0
SLAP,TELECOM,SMPS,MONTHLY,29,20,9,3.5,69.0
SLAP,TELECOM,TELE SWITCH,HALF YEARLY,4,4,0,-159.5,100.0
SLAP,TELECOM,TELE SWITCH,QUARTERLY,4,2,2,-2.0,50.0
SLAP,TELECOM,UPS,HALF YEARLY,7,7,0,-131.4,100.0
SLAP,TELECOM,UPS,MONTHLY,35,26,9,-1.7,74.3
SLAP,TELECOM,UPS,YEARLY,2,2,0,-302.0,100.0
SLTP,AFC,AFC ROUTER,QUARTERLY,1,0,1,24.0,0.0
SLTP,AFC,AFC SWITCH,QUARTERLY,11,7,4,-12.5,63.6
SLTP,AFC,AVM,MONTHLY,18,6,12,40.3,33.3
SLTP,AFC,EFO,QUARTERLY,12,8,4,-19.0,66.7
SLTP,AFC,EMERGENCY SWITCH,MONTHLY,2,0,2,91.0,0.0
SLTP,AFC,GATE,MONTHLY,72,37,35,13.0,51.4
SLTP,AFC,TOM,QUARTERLY,1,0,1,31.0,0.0
SLTP,AFC,TVM,MONTHLY,22,12,10,3.7,54.5
SLTP,TELECOM,CCTV,HALF YEARLY,26,26,0,-31.0,100.0
SLTP,TELECOM,CCTV,QUARTERLY,171,11,160,75.5,6.4
SLTP,TELECOM,CLOCK,QUARTERLY,28,13,15,7.2,46.4
SLTP,TELECOM,EPABX,MONTHLY,66,30,36,9.1,45.5
SLTP,TELECOM,EPABX,QUARTERLY,4,1,3,16.5,25.0
SLTP,TELECOM,PAS/PIDS,QUARTERLY,515,127,388,38.0,24.7
SLTP,TELECOM,PAS/PIDS,YEARLY,2,2,0,-365.0,100.0
SLTP,TELECOM,RADIO,MONTHLY,9,4,5,11.0,44.4
SLTP,TELECOM,SMPS,HALF YEARLY,2,2,0,-19.0,100.0
SLTP,TELECOM,SMPS,MONTHLY,20,12,8,13.0,60.0
SLTP,TELECOM,TELE ROUTER,QUARTERLY,2,0,2,24.0,0.0
SLTP,TELECOM,TELE SWITCH,QUARTERLY,8,2,6,16.5,25.0
SLTPD,IT,IT SWITCH,QUARTERLY,1,1,0,-21.0,100.0
SLTPD,TELECOM,CCTV,QUARTERLY,8,5,3,-26.6,62.5
SLTPD,TELECOM,CLOCK,QUARTERLY,8,8,0,-61.8,100.0
SLTPD,TELECOM,EPABX,QUARTERLY,10,8,2,-67.8,80.0
SLTPD,TELECOM,PAS/PIDS,QUARTERLY,128,71,57,-34.1,55.5
SLTPD,TELECOM,RADIO,HALF YEARLY,2,2,0,-180.0,100.0
SLTPD,TELECOM,SMPS,MONTHLY,8,6,2,-1.0,75.0
SLTPD,TELECOM,SMPS,QUARTERLY,4,4,0,-57.0,100.0
SLTPD,TELECOM,TELE SWITCH,QUARTERLY,1,1,0,-55.0,100.0
SLTPD,TELECOM,TER ROOM,MONTHLY,1,0,1,5.0,0.0
SMBG,AFC,AFC SWITCH,QUARTERLY,32,17,15,-12.5,53.1
SMBG,AFC,AVM,MONTHLY,34,12,22,20.8,35.3
SMBG,AFC,EC,HALF YEARLY,5,0,5,169.0,0.0
SMBG,AFC,EC,QUARTERLY,1,1,0,-90.0,100.0
SMBG,AFC,EFO,QUARTERLY,9,3,6,20.2,33.3
SMBG,AFC,EMERGENCY SWITCH,MONTHLY,5,0,5,94.4,0.0
SMBG,AFC,GATE,MONTHLY,125,65,60,0.3,52.0
SMBG,AFC,RCTM,BI-WEEKLY,65,53,12,1.0,81.5
SMBG,AFC,RCTM,MONTHLY,8,4,4,0.8,50.0
SMBG,AFC,SC,HALF YEARLY,1,1,0,-131.0,100.0
SMBG,AFC,SWING BARRIER,MONTHLY,19,6,13,15.5,31.6
SMBG,AFC,TOM,QUARTERLY,8,2,6,34.0,25.0
SMBG,AFC,TVM,BI-WEEKLY,195,159,36,1.0,81.5
SMBG,AFC,TVM,MONTHLY,33,15,18,58.3,45.5
SMBG,TELECOM,CCTV,HALF YEARLY,201,158,43,-72.1,78.6
SMBG,TELECOM,CCTV,QUARTERLY,376,203,173,0.9,54.0
SMBG,TELECOM,CLOCK,QUARTERLY,57,44,13,-29.4,77.2
SMBG,TELECOM,CLOCK,YEARLY,2,2,0,-365.0,100.0
SMBG,TELECOM,EPABX,HALF YEARLY,1,1,0,-20.0,100.0
SMBG,TELECOM,EPABX,MONTHLY,26,11,15,22.8,42.3
SMBG,TELECOM,EPABX,QUARTERLY,21,13,8,1.7,61.9
SMBG,TELECOM,EPABX,YEARLY,1,1,0,-353.0,100.0
SMBG,TELECOM,PAS/PIDS,HALF YEARLY,136,128,8,-12.2,94.1
SMBG,TELECOM,PAS/PIDS,QUARTERLY,532,252,280,21.2,47.4
SMBG,TELECOM,PAS/PIDS,YEARLY,13,13,0,-331.2,100.0
SMBG,TELECOM,RADIO,MONTHLY,16,6,10,30.6,37.5
SMBG,TELECOM,SDH/MPLS,QUARTERLY,1,1,0,-10.0,100.0
SMBG,TELECOM,SMPS,HALF YEARLY,4,4,0,-96.5,100.0
SMBG,TELECOM,SMPS,MONTHLY,38,26,12,-5.4,68.4
SMBG,TELECOM,UPS,MONTHLY,14,4,10,20.8,28.6
SMBG,TELECOM,UPS,QUARTERLY,2,2,0,-21.5,100.0
SMPK,AFC,AFC ROUTER,QUARTERLY,4,2,2,-7.2,50.0
SMPK,AFC,AFC SWITCH,QUARTERLY,21,13,8,-3.0,61.9
SMPK,AFC,AVM,MONTHLY,64,36,28,1.8,56.2
SMPK,AFC,EC,HALF YEARLY,8,2,6,-17.2,25.0
SMPK,AFC,EC,QUARTERLY,26,16,10,-4.6,61.5
SMPK,AFC,EFO,QUARTERLY,18,14,4,-36.7,77.8
SMPK,AFC,EMERGENCY SWITCH,MONTHLY,12,8,4,48.0,66.7
SMPK,AFC,GATE,MONTHLY,137,80,57,1.3,58.4
SMPK,AFC,RCTM,BI-WEEKLY,30,0,30,16.3,0.0
SMPK,AFC,RCTM,MONTHLY,12,4,8,48.8,33.3
SMPK,AFC,SC,HALF YEARLY,1,0,1,65.0,0.0
SMPK,AFC,SWING BARRIER,MONTHLY,28,14,14,6.3,50.0
SMPK,AFC,TOM,QUARTERLY,20,12,8,4.8,60.0
SMPK,AFC,TVM,BI-WEEKLY,58,0,58,16.5,0.0
SMPK,AFC,TVM,MONTHLY,24,8,16,50.2,33.3
SMPK,TELECOM,CCTV,HALF YEARLY,28,28,0,-172.0,100.0
SMPK,TELECOM,CCTV,QUARTERLY,249,141,108,8.0,56.6
SMPK,TELECOM,CCTV,YEARLY,2,2,0,-266.0,100.0
SMPK,TELECOM,CLOCK,HALF YEARLY,3,3,0,-114.7,100.0
SMPK,TELECOM,CLOCK,QUARTERLY,60,45,15,-11.8,75.0
SMPK,TELECOM,EPABX,HALF YEARLY,5,4,1,-11.8,80.0
SMPK,TELECOM,EPABX,MONTHLY,44,20,24,11.5,45.5
SMPK,TELECOM,EPABX,QUARTERLY,8,1,7,27.4,12.5
SMPK,TELECOM,PAS/PIDS,HALF YEARLY,18,6,12,-4.1,33.3
SMPK,TELECOM,PAS/PIDS,MONTHLY,15,0,15,130.0,0.0
SMPK,TELECOM,PAS/PIDS,QUARTERLY,512,308,204,7.4,60.2
SMPK,TELECOM,RADIO,MONTHLY,15,9,6,-0.6,60.0
SMPK,TELECOM,SDH/MPLS,HALF YEARLY,1,1,0,-5.0,100.0
SMPK,TELECOM,SDH/MPLS,QUARTERLY,3,1,2,3.7,33.3
SMPK,TELECOM,SMPS,HALF YEARLY,6,6,0,-63.3,100.0
SMPK,TELECOM,SMPS,MONTHLY,38,24,14,-3.1,63.2
SMPK,TELECOM,UPS,HALF YEARLY,3,3,0,-119.7,100.0
SMPK,TELECOM,UPS,MONTHLY,34,20,14,-1.1,58.8
SMSM,AFC,AVM,MONTHLY,9,6,3,3.0,66.7
SMSM,AFC,EFO,QUARTERLY,3,2,1,-32.3,66.7
SMSM,AFC,EMERGENCY SWITCH,MONTHLY,6,4,2,3.0,66.7
SMSM,AFC,GATE,MONTHLY,47,33,14,5.7,70.2
SMSM,AFC,SWING BARRIER,MONTHLY,4,2,2,13.0,50.0
SMSM,AFC,TOM,QUARTERLY,2,0,2,14.0,0.0
SMSM,AFC,TVM,MONTHLY,23,14,9,1.8,60.9
SMSM,TELECOM,CCTV,HALF YEARLY,1,1,0,-131.0,100.0
SMSM,TELECOM,CCTV,QUARTERLY,87,53,34,-7.2,60.9
SMSM,TELECOM,CLOCK,QUARTERLY,21,12,9,-5.0,57.1
SMSM,TELECOM,EPABX,MONTHLY,16,12,4,-1.5,75.0
SMSM,TELECOM,EPABX,QUARTERLY,3,3,0,1.0,100.0
SMSM,TELECOM,PAS/PIDS,MONTHLY,6,4,2,-1.3,66.7
SMSM,TELECOM,PAS/PIDS,QUARTERLY,112,38,74,14.1,33.9
SMSM,TELECOM,PEST CONTROL,MONTHLY,4,3,1,-1.5,75.0
SMSM,TELECOM,RADIO,MONTHLY,4,3,1,-1.5,75.0
SMSM,TELECOM,SDH/MPLS,QUARTERLY,1,1,0,1.0,100.0
SMSM,TELECOM,SMPS,MONTHLY,6,4,2,0.7,66.7
SMSM,TELECOM,UPS,MONTHLY,7,4,3,2.3,57.1
SN,AFC,AFC SWITCH,QUARTERLY,21,16,5,-25.5,76.2
SN,AFC,AVM,MONTHLY,70,46,24,0.9,65.7
SN,AFC,CSM,MONTHLY,2,1,1,-1.0,50.0
SN,AFC,EC,HALF YEARLY,14,10,4,-21.4,71.4
SN,AFC,EC,QUARTERLY,19,7,12,26.8,36.8
SN,AFC,EFO,QUARTERLY,16,13,3,-28.5,81.2
SN,AFC,GATE,MONTHLY,251,166,85,-1.9,66.1
SN,AFC,SC,HALF YEARLY,1,0,1,106.0,0.0
SN,AFC,SWING BARRIER,MONTHLY,10,3,7,23.2,30.0
SN,AFC,TOM,QUARTERLY,18,12,6,-8.0,66.7
SN,AFC,TVM,BI-WEEKLY,68,35,33,8.4,51.5
SN,AFC,TVM,MONTHLY,60,48,12,-5.4,80.0
SN,IT,IT SWITCH,QUARTERLY,2,2,0,-12.0,100.0
SN,TELECOM,CCTV,HALF YEARLY,62,37,25,-96.3,59.7
SN,TELECOM,CCTV,MONTHLY,29,25,4,-17.0,86.2
SN,TELECOM,CCTV,QUARTERLY,256,144,112,5.0,56.2
SN,TELECOM,CLOCK,HALF YEARLY,2,0,2,183.0,0.0
SN,TELECOM,CLOCK,QUARTERLY,86,69,17,-34.2,80.2
SN,TELECOM,EARTH PIT,QUARTERLY,5,3,2,-1.8,60.0
SN,TELECOM,EPABX,HALF YEARLY,3,3,0,-59.0,100.0
SN,TELECOM,EPABX,MONTHLY,65,45,20,1.4,69.2
SN,TELECOM,EPABX,QUARTERLY,23,13,10,-12.7,56.5
SN,TELECOM,EPABX,YEARLY,1,1,0,-50.0,100.0
SN,TELECOM,PAS/PIDS,HALF YEARLY,70,51,19,-104.8,72.9
SN,TELECOM,PAS/PIDS,QUARTERLY,733,455,278,4.0,62.1
SN,TELECOM,PAS/PIDS,YEARLY,2,2,0,-183.0,100.0
SN,TELECOM,PEST CONTROL,MONTHLY,8,4,4,5.9,50.0
SN,TELECOM,RADIO,HALF YEARLY,1,1,0,-13.0,100.0
SN,TELECOM,RADIO,MONTHLY,17,13,4,-0.3,76.5
SN,TELECOM,RADIO,QUARTERLY,5,4,1,-20.2,80.0
SN,TELECOM,SDH/MPLS,QUARTERLY,2,2,0,-4.5,100.0
SN,TELECOM,SMPS,HALF YEARLY,6,4,2,-57.7,66.7
SN,TELECOM,SMPS,MONTHLY,34,16,18,3.4,47.1
SN,TELECOM,TELE SWITCH,HALF YEARLY,2,0,2,9.0,0.0
SN,TELECOM,TELE SWITCH,QUARTERLY,8,4,4,-2.8,50.0
SNVH,AFC,CSM,MONTHLY,4,4,0,-14.5,100.0
SNVH,AFC,EC,QUARTERLY,3,3,0,-62.0,100.0
SNVH,AFC,GATE,MONTHLY,16,16,0,-9.0,100.0
SNVH,AFC,SWING BARRIER,MONTHLY,1,1,0,1.0,100.0
SNVH,TELECOM,CCTV,MONTHLY,54,54,0,-30.0,100.0
SNVH,TELECOM,EPABX,MONTHLY,76,76,0,-21.2,100.0
SNVH,TELECOM,PAS/PIDS,MONTHLY,31,31,0,-2.9,100.0
SNVH,TELECOM,RADIO,MONTHLY,1,1,0,1.0,100.0
SNVH,TELECOM,TER ROOM,MONTHLY,1,1,0,2.0,100.0
SOEN,AFC,AFC ROUTER,QUARTERLY,4,2,2,18.8,50.0
SOEN,AFC,AFC SWITCH,QUARTERLY,15,6,9,34.5,40.0
SOEN,AFC,AVM,MONTHLY,14,6,8,17.1,42.9
SOEN,AFC,CSM,MONTHLY,2,2,0,0.0,100.0
SOEN,AFC,EC,QUARTERLY,4,4,0,-50.0,100.0
SOEN,AFC,EFO,QUARTERLY,6,6,0,-37.7,100.0
SOEN,AFC,EMERGENCY SWITCH,MONTHLY,3,0,3,114.7,0.0
SOEN,AFC,GATE,MONTHLY,359,229,130,0.6,63.8
SOEN,AFC,RCTM,BI-WEEKLY,63,44,19,1.9,69.8
SOEN,AFC,RCTM,MONTHLY,14,12,2,39.1,85.7
SOEN,AFC,SC,HALF YEARLY,1,0,1,112.0,0.0
SOEN,AFC,SWING BARRIER,MONTHLY,9,3,6,34.1,33.3
SOEN,AFC,TOM,QUARTERLY,13,11,2,-29.8,84.6
SOEN,AFC,TVM,BI-WEEKLY,195,141,54,1.4,72.3
SOEN,AFC,TVM,MONTHLY,39,33,6,46.6,84.6
SOEN,TELECOM,CCTV,HALF YEARLY,54,54,0,-9.3,100.0
SOEN,TELECOM,CCTV,QUARTERLY,191,100,91,21.4,52.4
SOEN,TELECOM,CLOCK,QUARTERLY,28,21,7,5.1,75.0
SOEN,TELECOM,EPABX,MONTHLY,12,8,4,13.2,66.7
SOEN,TELECOM,EPABX,QUARTERLY,28,9,19,51.8,32.1
SOEN,TELECOM,EPABX,YEARLY,1,1,0,-363.0,100.0
SOEN,TELECOM,PAS/PIDS,HALF YEARLY,30,16,14,-11.0,53.3
SOEN,TELECOM,PAS/PIDS,MONTHLY,6,3,3,35.8,50.0
SOEN,TELECOM,PAS/PIDS,QUARTERLY,479,184,295,41.7,38.4
SOEN,TELECOM,PAS/PIDS,YEARLY,2,2,0,-365.0,100.0
SOEN,TELECOM,RADIO,MONTHLY,40,22,18,4.0,55.0
SOEN,TELECOM,SDH/MPLS,QUARTERLY,2,1,1,-4.5,50.0
SOEN,TELECOM,SMPS,HALF YEARLY,4,2,2,15.0,50.0
SOEN,TELECOM,SMPS,MONTHLY,38,26,12,-3.2,68.4
SOEN,TELECOM,UPS,HALF YEARLY,4,4,0,-120.2,100.0
SOEN,TELECOM,UPS,MONTHLY,6,1,5,61.5,16.7
SOJI,AFC,AFC ROUTER,QUARTERLY,2,1,1,124.0,50.0
SOJI,AFC,AFC SWITCH,QUARTERLY,18,14,4,5.1,77.8
SOJI,AFC,AVM,MONTHLY,23,8,15,28.6,34.8
SOJI,AFC,EC,HALF YEARLY,2,2,0,-180.0,100.0
SOJI,AFC,EC,QUARTERLY,9,4,5,144.8,44.4
SOJI,AFC,EFO,QUARTERLY,13,9,4,-24.2,69.2
SOJI,AFC,EMERGENCY SWITCH,MONTHLY,18,6,12,21.3,33.3
SOJI,AFC,GATE,MONTHLY,437,225,212,1.7,51.5
SOJI,AFC,RCTM,BI-WEEKLY,66,57,9,1.1,86.4
SOJI,AFC,RCTM,MONTHLY,10,10,0,0.2,100.0
SOJI,AFC,SCVM,BI-WEEKLY,29,24,5,1.8,82.8
SOJI,AFC,SCVM,MONTHLY,8,7,1,28.6,87.5
SOJI,AFC,SWING BARRIER,MONTHLY,16,5,11,16.7,31.2
SOJI,AFC,TOM,QUARTERLY,21,15,6,-25.6,71.4
SOJI,AFC,TVM,BI-WEEKLY,297,256,41,1.1,86.2
SOJI,AFC,TVM,MONTHLY,45,45,0,0.2,100.0
SOJI,TELECOM,CCTV,HALF YEARLY,132,125,7,-75.3,94.7
SOJI,TELECOM,CCTV,QUARTERLY,304,217,87,11.2,71.4
SOJI,TELECOM,CLOCK,HALF YEARLY,3,1,2,48.7,33.3
SOJI,TELECOM,CLOCK,QUARTERLY,51,37,14,-16.6,72.5
SOJI,TELECOM,EPABX,HALF YEARLY,7,7,0,-69.7,100.0
SOJI,TELECOM,EPABX,MONTHLY,18,6,12,41.8,33.3
SOJI,TELECOM,EPABX,QUARTERLY,44,20,24,39.5,45.5
SOJI,TELECOM,PAS/PIDS,HALF YEARLY,62,53,9,-8.0,85.5
SOJI,TELECOM,PAS/PIDS,MONTHLY,1,0,1,32.0,0.0
SOJI,TELECOM,PAS/PIDS,QUARTERLY,495,328,167,0.0,66.3
SOJI,TELECOM,RADIO,MONTHLY,35,16,19,7.3,45.7
SOJI,TELECOM,SDH/MPLS,QUARTERLY,3,1,2,-8.3,33.3
SOJI,TELECOM,SMPS,HALF YEARLY,4,4,0,-118.5,100.0
SOJI,TELECOM,SMPS,MONTHLY,47,41,6,-9.0,87.2
SOJI,TELECOM,UPS,HALF YEARLY,11,11,0,-168.7,100.0
SOJI,TELECOM,UPS,MONTHLY,10,4,6,30.0,40.0
SP,AFC,AFC SWITCH,QUARTERLY,8,5,3,70.1,62.5
SP,AFC,AVM,MONTHLY,28,16,12,11.6,57.1
SP,AFC,EFO,QUARTERLY,10,6,4,1.2,60.0
SP,AFC,GATE,MONTHLY,280,176,104,-0.2,62.9
SP,AFC,SWING BARRIER,MONTHLY,6,2,4,15.3,33.3
SP,AFC,TOM,QUARTERLY,22,14,8,-7.1,63.6
SP,AFC,TVM,BI-WEEKLY,252,189,63,0.4,75.0
SP,AFC,TVM,MONTHLY,140,112,28,-4.0,80.0
SP,TELECOM,CCTV,MONTHLY,6,2,4,14.3,33.3
SP,TELECOM,CCTV,QUARTERLY,145,20,125,67.8,13.8
SP,TELECOM,CLOCK,HALF YEARLY,3,3,0,-110.0,100.0
SP,TELECOM,CLOCK,QUARTERLY,51,20,31,38.5,39.2
SP,TELECOM,EPABX,HALF YEARLY,2,2,0,-42.0,100.0
SP,TELECOM,EPABX,MONTHLY,52,28,24,4.6,53.8
SP,TELECOM,EPABX,QUARTERLY,7,5,2,-18.6,71.4
SP,TELECOM,EPABX,YEARLY,4,4,0,-190.0,100.0
SP,TELECOM,PAS/PIDS,HALF YEARLY,19,8,11,-44.5,42.1
SP,TELECOM,PAS/PIDS,QUARTERLY,441,183,258,22.7,41.5
SP,TELECOM,PAS/PIDS,YEARLY,9,9,0,-172.0,100.0
SP,TELECOM,RADIO,MONTHLY,18,12,6,-1.4,66.7
SP,TELECOM,SDH/MPLS,HALF YEARLY,1,1,0,-174.0,100.0
SP,TELECOM,SDH/MPLS,QUARTERLY,1,1,0,-36.0,100.0
SP,TELECOM,SMPS,MONTHLY,38,26,12,-3.6,68.4
SP,TELECOM,TELE SWITCH,HALF YEARLY,2,2,0,-139.0,100.0
SP,TELECOM,TELE SWITCH,YEARLY,2,2,0,-245.0,100.0
SP,TELECOM,UPS,HALF YEARLY,5,4,1,-129.8,80.0
SP,TELECOM,UPS,MONTHLY,30,14,16,1.3,46.7
SP,TELECOM,UPS,YEARLY,3,3,0,-183.0,100.0
SPBD,TELECOM,CLOCK,HALF YEARLY,1,1,0,-168.0,100.0
SPBD,TELECOM,CLOCK,QUARTERLY,13,6,7,43.1,46.2
SPBD,TELECOM,EPABX,HALF YEARLY,3,3,0,-147.0,100.0
SPBD,TELECOM,EPABX,YEARLY,2,2,0,-365.0,100.0
SPBD,TELECOM,PAS/PIDS,QUARTERLY,34,0,34,34.0,0.0
SPBD,TELECOM,RADIO,MONTHLY,25,5,20,64.3,20.0
SPBD,TELECOM,SDH/MPLS,HALF YEARLY,2,2,0,-172.5,100.0
SPBD,TELECOM,SDH/MPLS,QUARTERLY,2,1,1,10.0,50.0
SPBD,TELECOM,SMPS,HALF YEARLY,2,2,0,-95.0,100.0
SPBD,TELECOM,SMPS,MONTHLY,18,10,8,16.3,55.6
SPBD,TELECOM,TER ROOM,MONTHLY,1,1,0,2.0,100.0
SPBI,AFC,AVM,MONTHLY,6,2,4,26.3,33.3
SPBI,AFC,GATE,MONTHLY,158,78,80,2.4,49.4
SPBI,AFC,RCTM,MONTHLY,3,1,2,88.0,33.3
SPBI,AFC,TOM,QUARTERLY,3,0,3,252.0,0.0
SPBI,AFC,TVM,BI-WEEKLY,16,0,16,16.0,0.0
SPBI,AFC,TVM,MONTHLY,48,32,16,2.6,66.7
SPBI,TELECOM,CCTV,HALF YEARLY,27,0,27,100.0,0.0
SPBI,TELECOM,CCTV,QUARTERLY,122,38,84,-5.6,31.1
SPBI,TELECOM,CLOCK,HALF YEARLY,2,0,2,31.0,0.0
SPBI,TELECOM,CLOCK,QUARTERLY,58,15,43,-7.9,25.9
SPBI,TELECOM,EPABX,HALF YEARLY,1,0,1,58.0,0.0
SPBI,TELECOM,EPABX,QUARTERLY,15,1,14,7.7,6.7
SPBI,TELECOM,PAS/PIDS,HALF YEARLY,2,0,2,31.0,0.0
SPBI,TELECOM,PAS/PIDS,MONTHLY,354,44,310,47.4,12.4
SPBI,TELECOM,PAS/PIDS,QUARTERLY,60,2,58,48.0,3.3
SPBI,TELECOM,RADIO,MONTHLY,8,3,5,21.6,37.5
SPBI,TELECOM,SDH/MPLS,HALF YEARLY,1,0,1,58.0,0.0
SPBI,TELECOM,SDH/MPLS,QUARTERLY,1,0,1,154.0,0.0
SPBI,TELECOM,SMPS,HALF YEARLY,2,2,0,-180.0,100.0
SPBI,TELECOM,SMPS,MONTHLY,8,4,4,3.2,50.0
SRAI,AFC,AFC ROUTER,QUARTERLY,3,3,0,-13.0,100.0
SRAI,AFC,AFC SWITCH,QUARTERLY,12,9,3,22.5,75.0
SRAI,AFC,AVM,MONTHLY,60,32,28,3.1,53.3
SRAI,AFC,EC,QUARTERLY,12,12,0,-13.0,100.0
SRAI,AFC,EFO,QUARTERLY,10,8,2,0.0,80.0
SRAI,AFC,EMERGENCY SWITCH,MONTHLY,10,6,4,-2.0,60.0
SRAI,AFC,GATE,MONTHLY,174,112,62,-1.7,64.4
SRAI,AFC,RCTM,BI-WEEKLY,28,21,7,3.3,75.0
SRAI,AFC,RCTM,MONTHLY,16,14,2,-2.0,87.5
SRAI,AFC,SC,HALF YEARLY,1,1,0,-14.0,100.0
SRAI,AFC,SWING BARRIER,MONTHLY,8,4,4,14.9,50.0
SRAI,AFC,TOM,QUARTERLY,10,8,2,0.0,80.0
SRAI,AFC,TVM,BI-WEEKLY,54,42,12,3.0,77.8
SRAI,AFC,TVM,MONTHLY,32,28,4,-0.8,87.5
SRAI,TELECOM,CCTV,HALF YEARLY,84,27,57,15.5,32.1
SRAI,TELECOM,CCTV,QUARTERLY,328,147,181,0.5,44.8
SRAI,TELECOM,CLOCK,HALF YEARLY,4,4,0,-23.0,100.0
SRAI,TELECOM,CLOCK,QUARTERLY,97,36,61,8.7,37.1
SRAI,TELECOM,EARTH PIT,QUARTERLY,6,2,4,74.0,33.3
SRAI,TELECOM,EARTH PIT,YEARLY,2,0,2,12.0,0.0
SRAI,TELECOM,EPABX,HALF YEARLY,2,2,0,-12.0,100.0
SRAI,TELECOM,EPABX,MONTHLY,60,28,32,3.1,46.7
SRAI,TELECOM,EPABX,QUARTERLY,5,4,1,-5.6,80.0
SRAI,TELECOM,PAS/PIDS,HALF YEARLY,12,8,4,-14.8,66.7
SRAI,TELECOM,PAS/PIDS,QUARTERLY,474,17,457,90.9,3.6
SRAI,TELECOM,RADIO,MONTHLY,15,6,9,6.5,40.0
SRAI,TELECOM,SDH/MPLS,HALF YEARLY,1,1,0,-31.0,100.0
SRAI,TELECOM,SDH/MPLS,QUARTERLY,3,3,0,-13.0,100.0
SRAI,TELECOM,SMPS,HALF YEARLY,2,0,2,7.0,0.0
SRAI,TELECOM,SMPS,MONTHLY,33,19,14,3.2,57.6
SRAI,TELECOM,TER ROOM,MONTHLY,2,2,0,-8.5,100.0
SRAI,TELECOM,UPS,HALF YEARLY,1,0,1,7.0,0.0
SRAI,TELECOM,UPS,MONTHLY,38,25,13,-2.5,65.8
SRSM,AFC,AFC ROUTER,QUARTERLY,1,0,1,57.0,0.0
SRSM,AFC,AFC SWITCH,QUARTERLY,2,0,2,57.0,0.0
SRSM,AFC,AVM,MONTHLY,8,4,4,1.5,50.0
SRSM,AFC,EC,HALF YEARLY,1,1,0,-180.0,100.0
SRSM,AFC,EFO,QUARTERLY,2,1,1,22.5,50.0
SRSM,AFC,EMERGENCY SWITCH,MONTHLY,1,1,0,-29.0,100.0
SRSM,AFC,GATE,MONTHLY,24,6,18,20.0,25.0
SRSM,AFC,NETWORKING,QUARTERLY,4,0,4,14.0,0.0
SRSM,AFC,SWING BARRIER,MONTHLY,4,3,1,-7.2,75.0
SRSM,AFC,TOM,QUARTERLY,4,2,2,22.5,50.0
SRSM,AFC,TVM,MONTHLY,21,15,6,-0.6,71.4
SRSM,TELECOM,CCTV,HALF YEARLY,10,10,0,-4.0,100.0
SRSM,TELECOM,CCTV,QUARTERLY,117,84,33,-18.1,71.8
SRSM,TELECOM,CCTV,YEARLY,1,1,0,-195.0,100.0
SRSM,TELECOM,CLOCK,QUARTERLY,36,22,14,-19.4,61.1
SRSM,TELECOM,EARTH PIT,QUARTERLY,2,0,2,16.0,0.0
SRSM,TELECOM,EPABX,MONTHLY,18,10,8,0.4,55.6
SRSM,TELECOM,EPABX,QUARTERLY,6,3,3,-0.5,50.0
SRSM,TELECOM,PAS/PIDS,HALF YEARLY,3,3,0,-60.7,100.0
SRSM,TELECOM,PAS/PIDS,MONTHLY,106,71,35,6.0,67.0
SRSM,TELECOM,PAS/PIDS,QUARTERLY,282,230,52,-30.8,81.6
SRSM,TELECOM,PEST CONTROL,MONTHLY,5,3,2,-0.6,60.0
SRSM,TELECOM,RADIO,MONTHLY,5,3,2,-0.6,60.0
SRSM,TELECOM,SDH/MPLS,QUARTERLY,2,1,1,-0.5,50.0
SRSM,TELECOM,SMPS,HALF YEARLY,2,2,0,3.0,100.0
SRSM,TELECOM,SMPS,MONTHLY,17,11,6,-2.0,64.7
SRSM,TELECOM,UPS,MONTHLY,9,5,4,2.9,55.6
SSON,AFC,AFC SWITCH,QUARTERLY,3,0,3,136.0,0.0
SSON,AFC,EFO,QUARTERLY,6,2,4,42.0,33.3
SSON,AFC,EMERGENCY SWITCH,MONTHLY,2,0,2,57.0,0.0
SSON,AFC,GATE,MONTHLY,81,51,30,-0.0,63.0
SSON,AFC,RCTM,BI-WEEKLY,7,0,7,40.9,0.0
SSON,AFC,RCTM,MONTHLY,4,3,1,78.0,75.0
SSON,AFC,TOM,QUARTERLY,6,2,4,42.0,33.3
SSON,AFC,TVM,BI-WEEKLY,40,0,40,34.0,0.0
SSON,AFC,TVM,MONTHLY,50,30,20,19.1,60.0
SSON,TELECOM,CCTV,QUARTERLY,132,27,105,52.0,20.5
SSON,TELECOM,EPABX,MONTHLY,8,4,4,45.5,50.0
SSON,TELECOM,EPABX,QUARTERLY,16,12,4,-42.0,75.0
SSON,TELECOM,PAS/PIDS,HALF YEARLY,2,2,0,-141.0,100.0
SSON,TELECOM,PAS/PIDS,QUARTERLY,256,160,96,3.4,62.5
SSON,TELECOM,RADIO,MONTHLY,2,1,1,45.5,50.0
SSON,TELECOM,SDH/MPLS,QUARTERLY,1,0,1,189.0,0.0
SSON,TELECOM,SMPS,MONTHLY,12,6,6,10.0,50.0
SSON,TELECOM,UPS,MONTHLY,9,3,6,22.3,33.3
SSON,TELECOM,UPS,YEARLY,1,1,0,-344.0,100.0
SSTN,AFC,AFC SWITCH,QUARTERLY,9,6,3,29.0,66.7
SSTN,AFC,AVM,MONTHLY,12,2,10,25.0,16.7
SSTN,AFC,EC,HALF YEARLY,4,0,4,169.0,0.0
SSTN,AFC,EFO,QUARTERLY,12,8,4,-15.2,66.7
SSTN,AFC,EMERGENCY SWITCH,MONTHLY,2,0,2,57.0,0.0
SSTN,AFC,GATE,MONTHLY,192,101,91,5.8,52.6
SSTN,AFC,RCTM,BI-WEEKLY,10,2,8,26.3,20.0
SSTN,AFC,RCTM,MONTHLY,5,0,5,48.8,0.0
SSTN,AFC,SWING BARRIER,MONTHLY,1,0,1,67.0,0.0
SSTN,AFC,TOM,QUARTERLY,11,7,4,-8.4,63.6
SSTN,AFC,TVM,BI-WEEKLY,40,0,40,36.4,0.0
SSTN,AFC,TVM,MONTHLY,55,35,20,5.8,63.6
SSTN,TELECOM,CCTV,QUARTERLY,166,69,97,31.8,41.6
SSTN,TELECOM,CLOCK,QUARTERLY,76,39,37,0.8,51.3
SSTN,TELECOM,EARTH PIT,QUARTERLY,3,2,1,33.3,66.7
SSTN,TELECOM,EPABX,MONTHLY,31,13,18,19.9,41.9
SSTN,TELECOM,EPABX,QUARTERLY,1,1,0,-11.0,100.0
SSTN,TELECOM,PAS/PIDS,HALF YEARLY,6,6,0,-72.3,100.0
SSTN,TELECOM,PAS/PIDS,QUARTERLY,422,320,102,-11.4,75.8
SSTN,TELECOM,RADIO,MONTHLY,9,4,5,20.3,44.4
SSTN,TELECOM,RADIO,YEARLY,1,1,0,-335.0,100.0
SSTN,TELECOM,SDH/MPLS,QUARTERLY,1,0,1,111.0,0.0
SSTN,TELECOM,SMPS,HALF YEARLY,2,0,2,170.0,0.0
SSTN,TELECOM,SMPS,MONTHLY,30,18,12,3.0,60.0
SSTN,TELECOM,UPS,MONTHLY,19,10,9,15.8,52.6
STFN,AFC,AFC SWITCH,QUARTERLY,6,3,3,22.0,50.0
STFN,AFC,EFO,QUARTERLY,10,6,4,-10.8,60.0
STFN,AFC,GATE,MONTHLY,70,32,38,11.6,45.7
STFN,AFC,RCTM,BI-WEEKLY,5,0,5,71.2,0.0
STFN,AFC,RCTM,MONTHLY,8,4,4,23.0,50.0
STFN,AFC,TOM,QUARTERLY,8,4,4,9.0,50.0
STFN,AFC,TVM,BI-WEEKLY,49,19,30,33.1,38.8
STFN,AFC,TVM,MONTHLY,65,35,30,7.3,53.8
STFN,TELECOM,CCTV,HALF YEARLY,6,2,4,9.0,33.3
STFN,TELECOM,CLOCK,QUARTERLY,2,2,0,-90.0,100.0
STFN,TELECOM,PAS/PIDS,HALF YEARLY,2,2,0,-42.0,100.0
STFN,TELECOM,PAS/PIDS,QUARTERLY,78,50,28,49.6,64.1
STFN,TELECOM,PAS/PIDS,YEARLY,16,0,16,9.0,0.0
STFN,TELECOM,RADIO,MONTHLY,1,0,1,55.0,0.0
STFN,TELECOM,SDH/MPLS,QUARTERLY,1,1,0,-89.0,100.0
STFN,TELECOM,SMPS,HALF YEARLY,4,2,2,7.0,50.0
STFN,TELECOM,SMPS,MONTHLY,10,2,8,66.8,20.0
STFN,TELECOM,UPS,MONTHLY,9,2,7,45.0,22.2
STTA,AFC,AFC SWITCH,QUARTERLY,6,6,0,-66.0,100.0
STTA,AFC,AVM,MONTHLY,24,12,12,13.2,50.0
STTA,AFC,EC,QUARTERLY,12,8,4,-11.3,66.7
STTA,AFC,EFO,QUARTERLY,15,11,4,-25.5,73.3
STTA,AFC,EMERGENCY SWITCH,MONTHLY,14,6,8,7.0,42.9
STTA,AFC,GATE,MONTHLY,144,81,63,2.9,56.2
STTA,AFC,RCTM,BI-WEEKLY,28,18,10,2.0,64.3
STTA,AFC,RCTM,MONTHLY,14,8,6,4.6,57.1
STTA,AFC,SC,HALF YEARLY,2,2,0,-97.0,100.0
STTA,AFC,SWING BARRIER,MONTHLY,2,1,1,100.5,50.0
STTA,AFC,TOM,QUARTERLY,23,17,6,-26.9,73.9
STTA,AFC,TVM,BI-WEEKLY,54,32,22,3.2,59.3
STTA,AFC,TVM,MONTHLY,34,28,6,-1.5,82.4
STTA,TELECOM,CCTV,HALF YEARLY,4,4,0,-58.0,100.0
STTA,TELECOM,CCTV,QUARTERLY,335,154,181,3.0,46.0
STTA,TELECOM,CLOCK,HALF YEARLY,1,0,1,108.0,0.0
STTA,TELECOM,CLOCK,QUARTERLY,98,51,47,-2.3,52.0
STTA,TELECOM,EARTH PIT,QUARTERLY,10,6,4,22.6,60.0
STTA,TELECOM,EARTH PIT,YEARLY,2,0,2,12.0,0.0
STTA,TELECOM,EPABX,HALF YEARLY,1,0,1,108.0,0.0
STTA,TELECOM,EPABX,MONTHLY,61,36,25,2.4,59.0
STTA,TELECOM,EPABX,QUARTERLY,2,2,0,-37.0,100.0
STTA,TELECOM,PAS/PIDS,HALF YEARLY,26,26,0,-94.0,100.0
STTA,TELECOM,PAS/PIDS,QUARTERLY,1307,773,534,-17.0,59.1
STTA,TELECOM,RADIO,MONTHLY,16,9,7,2.9,56.2
STTA,TELECOM,SDH/MPLS,QUARTERLY,2,1,1,38.5,50.0
STTA,TELECOM,SMPS,HALF YEARLY,2,2,0,-14.0,100.0
STTA,TELECOM,SMPS,MONTHLY,35,21,14,0.1,60.0
STTA,TELECOM,UPS,MONTHLY,34,22,12,-0.3,64.7
STVR,AFC,AFC ROUTER,QUARTERLY,2,2,0,2.5,100.0
STVR,AFC,AFC SWITCH,QUARTERLY,11,6,5,3.0,54.5
STVR,AFC,AVM,MONTHLY,30,15,15,7.2,50.0
STVR,AFC,EC,QUARTERLY,8,8,0,-22.0,100.0
STVR,AFC,EFO,QUARTERLY,12,8,4,-15.5,66.7
STVR,AFC,EMERGENCY SWITCH,MONTHLY,10,4,6,17.8,40.0
STVR,AFC,GATE,MONTHLY,162,99,63,-2.8,61.1
STVR,AFC,SC,HALF YEARLY,1,1,0,-11.0,100.0
STVR,AFC,SWING BARRIER,MONTHLY,14,8,6,1.9,57.1
STVR,AFC,TOM,QUARTERLY,12,8,4,-15.5,66.7
STVR,AFC,TVM,BI-WEEKLY,208,160,48,4.5,76.9
STVR,AFC,TVM,MONTHLY,120,80,40,3.0,66.7
STVR,TELECOM,CCTV,HALF YEARLY,2,0,2,93.0,0.0
STVR,TELECOM,CCTV,QUARTERLY,198,89,109,29.8,44.9
STVR,TELECOM,CLOCK,HALF YEARLY,2,0,2,93.0,0.0
STVR,TELECOM,CLOCK,QUARTERLY,53,29,24,28.5,54.7
STVR,TELECOM,EARTH PIT,QUARTERLY,8,4,4,33.0,50.0
STVR,TELECOM,EARTH PIT,YEARLY,2,0,2,13.0,0.0
STVR,TELECOM,EPABX,HALF YEARLY,1,0,1,93.0,0.0
STVR,TELECOM,EPABX,MONTHLY,60,32,28,0.7,53.3
STVR,TELECOM,NETWORKING,QUARTERLY,8,8,0,2.5,100.0
STVR,TELECOM,PAS/PIDS,HALF YEARLY,19,5,14,41.1,26.3
STVR,TELECOM,PAS/PIDS,QUARTERLY,392,232,160,-24.2,59.2
STVR,TELECOM,RADIO,MONTHLY,15,8,7,2.6,53.3
STVR,TELECOM,SDH/MPLS,QUARTERLY,6,6,0,-18.7,100.0
STVR,TELECOM,SMPS,MONTHLY,36,22,14,-3.2,61.1
STVR,TELECOM,TER ROOM,MONTHLY,1,0,1,16.0,0.0
STVRD,TELECOM,EPABX,QUARTERLY,2,2,0,-63.0,100.0
STVRD,TELECOM,SMPS,MONTHLY,2,0,2,21.0,0.0
SVMB,AFC,AFC SWITCH,QUARTERLY,11,7,4,2.7,63.6
SVMB,AFC,AVM,MONTHLY,25,9,16,35.1,36.0
SVMB,AFC,EFO,QUARTERLY,8,4,4,35.2,50.0
SVMB,AFC,EMERGENCY SWITCH,MONTHLY,6,0,6,95.0,0.0
SVMB,AFC,GATE,MONTHLY,136,88,48,0.8,64.7
SVMB,AFC,RCTM,BI-WEEKLY,33,27,6,1.0,81.8
SVMB,AFC,RCTM,MONTHLY,6,4,2,53.8,66.7
SVMB,AFC,SWING BARRIER,MONTHLY,6,1,5,43.7,16.7
SVMB,AFC,TOM,QUARTERLY,8,4,4,36.1,50.0
SVMB,AFC,TVM,BI-WEEKLY,136,108,28,1.2,79.4
SVMB,AFC,TVM,MONTHLY,20,16,4,0.2,80.0
SVMB,TELECOM,CCTV,HALF YEARLY,53,53,0,-6.0,100.0
SVMB,TELECOM,CCTV,MONTHLY,17,0,17,115.0,0.0
SVMB,TELECOM,CCTV,QUARTERLY,422,349,73,-20.1,82.7
SVMB,TELECOM,CLOCK,HALF YEARLY,2,2,0,-24.0,100.0
SVMB,TELECOM,CLOCK,MONTHLY,6,0,6,115.0,0.0
SVMB,TELECOM,CLOCK,QUARTERLY,77,63,14,-25.6,81.8
SVMB,TELECOM,EARTH PIT,QUARTERLY,12,4,8,9.7,33.3
SVMB,TELECOM,EPABX,HALF YEARLY,1,0,1,78.0,0.0
SVMB,TELECOM,EPABX,MONTHLY,48,27,21,1.0,56.2
SVMB,TELECOM,EPABX,QUARTERLY,12,10,2,-43.6,83.3
SVMB,TELECOM,PAS/PIDS,HALF YEARLY,18,12,6,-1.4,66.7
SVMB,TELECOM,PAS/PIDS,MONTHLY,697,217,480,24.7,31.1
SVMB,TELECOM,PAS/PIDS,QUARTERLY,63,51,12,-24.9,81.0
SVMB,TELECOM,RADIO,MONTHLY,17,8,9,15.7,47.1
SVMB,TELECOM,RADIO,QUARTERLY,1,1,0,-70.0,100.0
SVMB,TELECOM,SDH/MPLS,QUARTERLY,3,1,2,79.0,33.3
SVMB,TELECOM,SMPS,HALF YEARLY,6,6,0,-73.7,100.0
SVMB,TELECOM,SMPS,MONTHLY,31,15,16,3.7,48.4
SVMB,TELECOM,SMPS,YEARLY,2,2,0,-201.0,100.0
SVMB,TELECOM,UPS,HALF YEARLY,3,3,0,-103.7,100.0
SVMB,TELECOM,UPS,MONTHLY,7,0,7,103.0,0.0
SVVR,AFC,AFC SWITCH,QUARTERLY,1,1,0,1.0,100.0
SVVR,AFC,AVM,MONTHLY,13,5,8,7.4,38.5
SVVR,AFC,EC,QUARTERLY,4,2,2,19.0,50.0
SVVR,AFC,EFO,QUARTERLY,2,0,2,43.5,0.0
SVVR,AFC,EMERGENCY SWITCH,MONTHLY,3,1,2,50.0,33.3
SVVR,AFC,GATE,MONTHLY,132,60,72,12.9,45.5
SVVR,AFC,RCTM,BI-WEEKLY,17,7,10,13.8,41.2
SVVR,AFC,RCTM,MONTHLY,10,6,4,13.3,60.0
SVVR,AFC,SC,HALF YEARLY,2,2,0,-150.0,100.0
SVVR,AFC,SWING BARRIER,MONTHLY,8,4,4,29.4,50.0
SVVR,AFC,TOM,QUARTERLY,10,8,2,-0.2,80.0
SVVR,AFC,TVM,BI-WEEKLY,75,30,45,17.5,40.0
SVVR,AFC,TVM,MONTHLY,60,40,20,6.1,66.7
SVVR,TELECOM,CCTV,QUARTERLY,94,38,56,35.1,40.4
SVVR,TELECOM,CLOCK,HALF YEARLY,1,0,1,165.0,0.0
SVVR,TELECOM,CLOCK,QUARTERLY,7,5,2,-59.4,71.4
SVVR,TELECOM,EARTH PIT,QUARTERLY,13,11,2,-30.1,84.6
SVVR,TELECOM,EPABX,HALF YEARLY,1,0,1,63.0,0.0
SVVR,TELECOM,EPABX,MONTHLY,155,85,70,30.5,54.8
SVVR,TELECOM,EPABX,QUARTERLY,4,1,3,60.0,25.0
SVVR,TELECOM,PAS/PIDS,MONTHLY,379,168,211,84.1,44.3
SVVR,TELECOM,PAS/PIDS,QUARTERLY,66,32,34,58.4,48.5
SVVR,TELECOM,RADIO,MONTHLY,12,7,5,7.8,58.3
SVVR,TELECOM,SDH/MPLS,QUARTERLY,4,3,1,-9.2,75.0
SVVR,TELECOM,SMPS,HALF YEARLY,6,6,0,-89.7,100.0
SVVR,TELECOM,SMPS,MONTHLY,28,14,14,7.2,50.0
SVVR,TELECOM,TER ROOM,MONTHLY,2,2,0,-14.0,100.0
Shastri Park AFC,AFC,GATE,MONTHLY,1,1,0,-29.0,100.0
TG,AFC,AFC SWITCH,QUARTERLY,20,18,2,-39.6,90.0
TG,AFC,AFC SWITCH,YEARLY,2,2,0,-336.0,100.0
TG,AFC,AVM,MONTHLY,68,45,23,0.7,66.2
TG,AFC,CSM,MONTHLY,1,1,0,-3.0,100.0
TG,AFC,EC,HALF YEARLY,11,6,5,-7.5,54.5
TG,AFC,EC,QUARTERLY,36,31,5,-30.7,86.1
TG,AFC,EFO,QUARTERLY,20,20,0,-46.0,100.0
TG,AFC,GATE,MONTHLY,227,149,78,0.2,65.6
TG,AFC,SC,HALF YEARLY,1,1,0,-102.0,100.0
TG,AFC,SWING BARRIER,MONTHLY,12,7,5,10.8,58.3
TG,AFC,TVM,BI-WEEKLY,182,91,91,6.1,50.0
TG,AFC,TVM,MONTHLY,140,119,21,-4.8,85.0
TG,IT,IT SWITCH,QUARTERLY,4,4,0,-65.5,100.0
TG,TELECOM,CCTV,HALF YEARLY,54,14,40,-33.3,25.9
TG,TELECOM,CCTV,MONTHLY,20,16,4,-7.0,80.0
TG,TELECOM,CCTV,QUARTERLY,422,362,60,-35.6,85.8
TG,TELECOM,CLOCK,HALF YEARLY,2,2,0,-12.0,100.0
TG,TELECOM,CLOCK,QUARTERLY,84,62,22,-17.1,73.8
TG,TELECOM,EARTH PIT,QUARTERLY,5,3,2,-1.0,60.0
TG,TELECOM,EPABX,HALF YEARLY,4,3,1,-44.8,75.0
TG,TELECOM,EPABX,MONTHLY,67,51,16,-1.5,76.1
TG,TELECOM,EPABX,QUARTERLY,17,12,5,-41.5,70.6
TG,TELECOM,PAS/PIDS,HALF YEARLY,41,35,6,-73.3,85.4
TG,TELECOM,PAS/PIDS,QUARTERLY,1093,649,444,-4.0,59.4
TG,TELECOM,PAS/PIDS,YEARLY,15,15,0,-341.1,100.0
TG,TELECOM,PEST CONTROL,MONTHLY,16,10,6,9.3,62.5
TG,TELECOM,RADIO,MONTHLY,14,8,6,4.9,57.1
TG,TELECOM,SDH/MPLS,QUARTERLY,2,2,0,0.5,100.0
TG,TELECOM,SMPS,HALF YEARLY,2,0,2,17.0,0.0
TG,TELECOM,SMPS,MONTHLY,34,20,14,0.0,58.8
TG,TELECOM,TELE SWITCH,HALF YEARLY,2,2,0,-3.0,100.0
TG,TELECOM,TELE SWITCH,QUARTERLY,6,6,0,-29.7,100.0
TG,TELECOM,TELE SWITCH,YEARLY,2,0,2,12.0,0.0
TG,TELECOM,TER ROOM,MONTHLY,1,0,1,24.0,0.0
TG,TELECOM,UPS,HALF YEARLY,5,3,2,-42.2,60.0
TG,TELECOM,UPS,MONTHLY,33,19,14,0.9,57.6
TG,TELECOM,UPS,YEARLY,6,6,0,-297.3,100.0
TKBD,AFC,AFC ROUTER,QUARTERLY,5,3,2,-1.8,60.0
TKBD,AFC,AFC SWITCH,QUARTERLY,18,15,3,-13.0,83.3
TKBD,AFC,AVM,MONTHLY,48,20,28,6.8,41.7
TKBD,AFC,EC,QUARTERLY,20,20,0,-29.2,100.0
TKBD,AFC,EFO,QUARTERLY,14,14,0,-24.0,100.0
TKBD,AFC,EMERGENCY SWITCH,MONTHLY,16,8,8,0.4,50.0
TKBD,AFC,GATE,MONTHLY,188,104,84,1.7,55.3
TKBD,AFC,SC,HALF YEARLY,2,0,2,18.5,0.0
TKBD,AFC,SWING BARRIER,MONTHLY,16,8,8,0.4,50.0
TKBD,AFC,TOM,QUARTERLY,14,14,0,-24.0,100.0
TKBD,AFC,TVM,BI-WEEKLY,189,147,42,2.7,77.8
TKBD,AFC,TVM,MONTHLY,105,77,28,0.8,73.3
TKBD,TELECOM,CCTV,HALF YEARLY,127,81,46,-58.9,63.8
TKBD,TELECOM,CCTV,QUARTERLY,322,253,69,-9.3,78.6
TKBD,TELECOM,CLOCK,HALF YEARLY,4,2,2,-13.0,50.0
TKBD,TELECOM,CLOCK,QUARTERLY,100,71,29,-4.7,71.0
TKBD,TELECOM,EARTH PIT,QUARTERLY,8,4,4,1.2,50.0
TKBD,TELECOM,EARTH PIT,YEARLY,2,0,2,13.0,0.0
TKBD,TELECOM,EPABX,HALF YEARLY,2,1,1,-0.5,50.0
TKBD,TELECOM,EPABX,MONTHLY,52,28,24,5.5,53.8
TKBD,TELECOM,EPABX,QUARTERLY,5,3,2,-1.8,60.0
TKBD,TELECOM,PAS/PIDS,HALF YEARLY,29,10,19,0.4,34.5
TKBD,TELECOM,PAS/PIDS,QUARTERLY,843,667,176,-8.3,79.1
TKBD,TELECOM,PAS/PIDS,YEARLY,1,1,0,-365.0,100.0
TKBD,TELECOM,RADIO,HALF YEARLY,2,2,0,-32.0,100.0
TKBD,TELECOM,RADIO,MONTHLY,15,9,6,0.7,60.0
TKBD,TELECOM,RADIO,QUARTERLY,1,1,0,-77.0,100.0
TKBD,TELECOM,SDH/MPLS,HALF YEARLY,2,2,0,-33.0,100.0
TKBD,TELECOM,SDH/MPLS,QUARTERLY,3,2,1,1.0,66.7
TKBD,TELECOM,SMPS,HALF YEARLY,2,2,0,-13.0,100.0
TKBD,TELECOM,SMPS,MONTHLY,34,22,12,-1.6,64.7
TKBD,TELECOM,TELE ROUTER,HALF YEARLY,2,0,2,179.0,0.0
TKBD,TELECOM,TELE ROUTER,QUARTERLY,12,8,4,-16.5,66.7
TKBD,TELECOM,TELE SWITCH,HALF YEARLY,6,4,2,-60.3,66.7
TKBD,TELECOM,TELE SWITCH,QUARTERLY,10,6,4,-1.8,60.0
TKBD,TELECOM,TELE SWITCH,YEARLY,2,2,0,-365.0,100.0
TKBD,TELECOM,UPS,HALF YEARLY,3,3,0,-166.0,100.0
TKBD,TELECOM,UPS,MONTHLY,32,21,11,0.2,65.6
TKBR,AFC,AFC ROUTER,QUARTERLY,1,1,0,1.0,100.0
TKBR,AFC,AFC SWITCH,QUARTERLY,4,4,0,1.0,100.0
TKBR,AFC,AVM,MONTHLY,13,5,8,4.2,38.5
TKBR,AFC,EC,QUARTERLY,4,4,0,-13.0,100.0
TKBR,AFC,EFO,QUARTERLY,4,4,0,-3.5,100.0
TKBR,AFC,EMERGENCY SWITCH,MONTHLY,6,2,4,2.7,33.3
TKBR,AFC,GATE,MONTHLY,24,16,8,3.0,66.7
TKBR,AFC,RCTM,BI-WEEKLY,1,0,1,78.0,0.0
TKBR,AFC,RCTM,MONTHLY,5,3,2,12.6,60.0
TKBR,AFC,SWING BARRIER,MONTHLY,4,2,2,-2.2,50.0
TKBR,AFC,TOM,QUARTERLY,2,2,0,-3.5,100.0
TKBR,AFC,TVM,MONTHLY,24,16,8,5.5,66.7
TKBR,TELECOM,CCTV,QUARTERLY,106,43,63,-2.6,40.6
TKBR,TELECOM,CLOCK,QUARTERLY,35,24,11,-36.5,68.6
TKBR,TELECOM,EARTH PIT,QUARTERLY,6,6,0,-35.3,100.0
TKBR,TELECOM,EPABX,HALF YEARLY,2,2,0,-180.0,100.0
TKBR,TELECOM,EPABX,MONTHLY,20,16,4,12.4,80.0
TKBR,TELECOM,EPABX,QUARTERLY,3,3,0,-18.7,100.0
TKBR,TELECOM,PAS/PIDS,HALF YEARLY,20,18,2,-159.0,90.0
TKBR,TELECOM,PAS/PIDS,MONTHLY,20,18,2,-1.3,90.0
TKBR,TELECOM,PAS/PIDS,QUARTERLY,224,133,91,-23.6,59.4
TKBR,TELECOM,PEST CONTROL,MONTHLY,7,6,1,0.3,85.7
TKBR,TELECOM,RADIO,MONTHLY,7,6,1,4.6,85.7
TKBR,TELECOM,SDH/MPLS,QUARTERLY,2,2,0,-14.5,100.0
TKBR,TELECOM,SMPS,MONTHLY,14,10,4,-1.1,71.4
TKBR,TELECOM,TER ROOM,MONTHLY,1,0,1,14.0,0.0
TKBR,TELECOM,UPS,MONTHLY,3,0,3,57.3,0.0
TKLN,AFC,AFC ROUTER,YEARLY,1,1,0,-365.0,100.0
TKLN,AFC,AFC SWITCH,QUARTERLY,3,3,0,-62.0,100.0
TKLN,AFC,AVM,MONTHLY,4,4,0,-2.0,100.0
TKLN,AFC,EFO,QUARTERLY,4,2,2,-2.5,50.0
TKLN,AFC,EMERGENCY SWITCH,MONTHLY,2,2,0,-2.0,100.0
TKLN,AFC,GATE,MONTHLY,36,28,8,-5.7,77.8
TKLN,AFC,RCTM,BI-WEEKLY,1,0,1,72.0,0.0
TKLN,AFC,RCTM,MONTHLY,3,1,2,31.3,33.3
TKLN,AFC,TOM,QUARTERLY,2,1,1,-2.5,50.0
TKLN,AFC,TVM,MONTHLY,10,6,4,6.8,60.0
TKLN,TELECOM,CCTV,HALF YEARLY,10,10,0,-7.0,100.0
TKLN,TELECOM,CCTV,QUARTERLY,54,45,9,-12.7,83.3
TKLN,TELECOM,CLOCK,QUARTERLY,10,7,3,10.5,70.0
TKLN,TELECOM,EARTH PIT,QUARTERLY,2,2,0,-14.0,100.0
TKLN,TELECOM,EPABX,QUARTERLY,1,1,0,-63.0,100.0
TKLN,TELECOM,PAS/PIDS,HALF YEARLY,8,0,8,36.0,0.0
TKLN,TELECOM,PAS/PIDS,QUARTERLY,67,55,12,-11.7,82.1
TKLN,TELECOM,RADIO,HALF YEARLY,2,1,1,-74.5,50.0
TKLN,TELECOM,RADIO,MONTHLY,1,0,1,35.0,0.0
TKLN,TELECOM,SMPS,HALF YEARLY,4,4,0,-116.5,100.0
TKLN,TELECOM,SMPS,MONTHLY,17,9,8,-2.0,52.9
TKLN,TELECOM,SMPS,YEARLY,2,2,0,-184.0,100.0
TKPR,AFC,AFC SWITCH,QUARTERLY,10,3,7,21.5,30.0
TKPR,AFC,AVM,MONTHLY,20,8,12,18.0,40.0
TKPR,AFC,EC,HALF YEARLY,6,3,3,-60.0,50.0
TKPR,AFC,EC,QUARTERLY,6,6,0,-62.0,100.0
TKPR,AFC,EFO,QUARTERLY,6,2,4,28.7,33.3
TKPR,AFC,EMERGENCY SWITCH,MONTHLY,10,4,6,18.0,40.0
TKPR,AFC,GATE,MONTHLY,171,110,61,-1.5,64.3
TKPR,AFC,RCTM,BI-WEEKLY,17,8,9,13.0,47.1
TKPR,AFC,RCTM,MONTHLY,10,8,2,14.6,80.0
TKPR,AFC,SWING BARRIER,MONTHLY,3,1,2,50.0,33.3
TKPR,AFC,TOM,QUARTERLY,6,2,4,28.7,33.3
TKPR,AFC,TVM,BI-WEEKLY,85,40,45,13.0,47.1
TKPR,AFC,TVM,MONTHLY,60,50,10,7.2,83.3
TKPR,TELECOM,CCTV,HALF YEARLY,64,3,61,136.2,4.7
TKPR,TELECOM,CCTV,QUARTERLY,395,266,129,-18.0,67.3
TKPR,TELECOM,CLOCK,QUARTERLY,74,42,32,-18.0,56.8
TKPR,TELECOM,EARTH PIT,QUARTERLY,4,0,4,38.0,0.0
TKPR,TELECOM,EARTH PIT,YEARLY,4,4,0,-365.0,100.0
TKPR,TELECOM,EPABX,MONTHLY,24,12,12,22.5,50.0
TKPR,TELECOM,EPABX,QUARTERLY,4,1,3,23.8,25.0
TKPR,TELECOM,PAS/PIDS,HALF YEARLY,7,0,7,104.0,0.0
TKPR,TELECOM,PAS/PIDS,MONTHLY,46,0,46,169.0,0.0
TKPR,TELECOM,PAS/PIDS,QUARTERLY,669,483,186,-26.1,72.2
TKPR,TELECOM,PAS/PIDS,YEARLY,14,14,0,-260.7,100.0
TKPR,TELECOM,RADIO,HALF YEARLY,2,1,1,23.0,50.0
TKPR,TELECOM,RADIO,MONTHLY,6,1,5,49.3,16.7
TKPR,TELECOM,SDH/MPLS,QUARTERLY,2,1,1,43.0,50.0
TKPR,TELECOM,SMPS,HALF YEARLY,4,2,2,-1.5,50.0
TKPR,TELECOM,SMPS,MONTHLY,42,30,12,-7.0,71.4
TKPR,TELECOM,UPS,HALF YEARLY,8,8,0,-179.9,100.0
TKPR,TELECOM,UPS,MONTHLY,11,1,10,56.5,9.1
TN,AFC,AFC SWITCH,QUARTERLY,3,0,3,96.0,0.0
TN,AFC,AVM,MONTHLY,75,30,45,9.5,40.0
TN,AFC,EC,HALF YEARLY,14,7,7,1.5,50.0
TN,AFC,EFO,QUARTERLY,12,8,4,-0.5,66.7
TN,AFC,GATE,MONTHLY,312,160,152,0.1,51.3
TN,AFC,SWING BARRIER,MONTHLY,6,2,4,20.3,33.3
TN,AFC,TOM,QUARTERLY,18,12,6,-0.5,66.7
TN,AFC,TVM,BI-WEEKLY,70,50,20,0.4,71.4
TN,AFC,TVM,MONTHLY,40,36,4,-4.8,90.0
TN,TELECOM,CCTV,HALF YEARLY,9,9,0,-10.0,100.0
TN,TELECOM,CCTV,QUARTERLY,292,172,120,3.4,58.9
TN,TELECOM,CLOCK,HALF YEARLY,6,3,3,2.0,50.0
TN,TELECOM,CLOCK,QUARTERLY,125,76,49,-13.0,60.8
TN,TELECOM,EPABX,HALF YEARLY,6,3,3,2.0,50.0
TN,TELECOM,EPABX,MONTHLY,60,32,28,3.5,53.3
TN,TELECOM,EPABX,QUARTERLY,47,24,23,-5.5,51.1
TN,TELECOM,NETWORKING,QUARTERLY,2,1,1,16.0,50.0
TN,TELECOM,PAS/PIDS,HALF YEARLY,31,2,29,16.3,6.5
TN,TELECOM,PAS/PIDS,QUARTERLY,1309,1053,256,-2.6,80.4
TN,TELECOM,PAS/PIDS,YEARLY,41,41,0,-239.7,100.0
TN,TELECOM,RADIO,MONTHLY,16,10,6,1.4,62.5
TN,TELECOM,SDH/MPLS,HALF YEARLY,1,1,0,-157.0,100.0
TN,TELECOM,SDH/MPLS,QUARTERLY,2,1,1,16.0,50.0
TN,TELECOM,SMPS,HALF YEARLY,4,4,0,-3.5,100.0
TN,TELECOM,SMPS,MONTHLY,34,22,12,-1.7,64.7
TN,TELECOM,TELE SWITCH,HALF YEARLY,2,0,2,151.0,0.0
TN,TELECOM,TELE SWITCH,QUARTERLY,6,2,4,48.3,33.3
TN,TELECOM,TER ROOM,MONTHLY,1,0,1,7.0,0.0
TN,TELECOM,UPS,HALF YEARLY,3,2,1,-57.0,66.7
TN,TELECOM,UPS,MONTHLY,21,10,11,13.1,47.6
TZI,AFC,AFC SWITCH,QUARTERLY,3,2,1,-34.0,66.7
TZI,AFC,AVM,MONTHLY,84,54,30,-0.5,64.3
TZI,AFC,EC,HALF YEARLY,4,0,4,9.0,0.0
TZI,AFC,EC,QUARTERLY,8,8,0,-9.5,100.0
TZI,AFC,EFO,QUARTERLY,24,22,2,-37.5,91.7
TZI,AFC,EMERGENCY SWITCH,MONTHLY,9,5,4,12.8,55.6
TZI,AFC,GATE,MONTHLY,541,316,225,2.0,58.4
TZI,AFC,SC,HALF YEARLY,1,1,0,-40.0,100.0
TZI,AFC,SWING BARRIER,MONTHLY,28,18,10,-0.5,64.3
TZI,AFC,TOM,QUARTERLY,55,51,4,-39.0,92.7
TZI,AFC,TVM,BI-WEEKLY,45,23,22,17.6,51.1
TZI,AFC,TVM,MONTHLY,36,16,20,4.4,44.4
TZI,IT,IT SWITCH,HALF YEARLY,1,1,0,2.0,100.0
TZI,IT,IT SWITCH,QUARTERLY,1,0,1,48.0,0.0
TZI,TELECOM,CCTV,HALF YEARLY,59,9,50,13.9,15.3
TZI,TELECOM,CCTV,MONTHLY,12,4,8,9.7,33.3
TZI,TELECOM,CCTV,QUARTERLY,216,129,87,8.2,59.7
TZI,TELECOM,CCTV,YEARLY,1,1,0,-351.0,100.0
TZI,TELECOM,CLOCK,HALF YEARLY,8,1,7,13.2,12.5
TZI,TELECOM,CLOCK,QUARTERLY,54,40,14,-10.1,74.1
TZI,TELECOM,EPABX,HALF YEARLY,9,3,6,20.4,33.3
TZI,TELECOM,EPABX,MONTHLY,28,12,16,23.0,42.9
TZI,TELECOM,EPABX,QUARTERLY,16,7,9,-11.6,43.8
TZI,TELECOM,EPABX,YEARLY,1,1,0,-339.0,100.0
TZI,TELECOM,PAS/PIDS,HALF YEARLY,152,102,50,-86.2,67.1
TZI,TELECOM,PAS/PIDS,MONTHLY,83,3,80,104.9,3.6
TZI,TELECOM,PAS/PIDS,QUARTERLY,201,176,25,-20.8,87.6
TZI,TELECOM,PAS/PIDS,YEARLY,1,1,0,-320.0,100.0
TZI,TELECOM,RADIO,MONTHLY,9,7,2,-1.1,77.8
TZI,TELECOM,SDH/MPLS,HALF YEARLY,2,2,0,-104.0,100.0
TZI,TELECOM,SDH/MPLS,MONTHLY,3,1,2,32.3,33.3
TZI,TELECOM,SDH/MPLS,QUARTERLY,3,3,0,-19.3,100.0
TZI,TELECOM,SDH/MPLS,YEARLY,1,1,0,-347.0,100.0
TZI,TELECOM,SMPS,MONTHLY,24,16,8,4.4,66.7
TZI,TELECOM,TELE SWITCH,QUARTERLY,2,0,2,69.0,0.0
TZI,TELECOM,TER ROOM,MONTHLY,1,1,0,-1.0,100.0
UB,AFC,AFC SWITCH,QUARTERLY,6,3,3,5.5,50.0
UB,AFC,AVM,MONTHLY,50,20,30,12.8,40.0
UB,AFC,EC,QUARTERLY,1,0,1,130.0,0.0
UB,AFC,EFO,QUARTERLY,9,5,4,-14.2,55.6
UB,AFC,EMERGENCY SWITCH,MONTHLY,4,2,2,80.0,50.0
UB,AFC,GATE,MONTHLY,148,50,98,17.3,33.8
UB,AFC,SC,HALF YEARLY,1,0,1,38.0,0.0
UB,AFC,SWING BARRIER,MONTHLY,20,8,12,12.8,40.0
UB,AFC,TOM,QUARTERLY,8,4,4,-4.8,50.0
UB,AFC,TVM,MONTHLY,33,18,15,5.5,54.5
UB,TELECOM,CCTV,QUARTERLY,4,4,0,-74.0,100.0
UB,TELECOM,CLOCK,HALF YEARLY,2,0,2,40.0,0.0
UB,TELECOM,CLOCK,QUARTERLY,28,4,24,98.6,14.3
UB,TELECOM,EPABX,HALF YEARLY,1,0,1,38.0,0.0
UB,TELECOM,EPABX,MONTHLY,26,10,16,17.2,38.5
UB,TELECOM,EPABX,QUARTERLY,3,2,1,-17.3,66.7
UB,TELECOM,EPABX,YEARLY,1,1,0,-273.0,100.0
UB,TELECOM,PAS/PIDS,HALF YEARLY,3,3,0,-166.0,100.0
UB,TELECOM,PAS/PIDS,MONTHLY,12,6,6,11.5,50.0
UB,TELECOM,PAS/PIDS,QUARTERLY,5,5,0,-80.0,100.0
UB,TELECOM,RADIO,HALF YEARLY,2,0,2,50.0,0.0
UB,TELECOM,RADIO,MONTHLY,5,1,4,31.4,20.0
UB,TELECOM,SDH/MPLS,QUARTERLY,1,0,1,140.0,0.0
UB,TELECOM,SMPS,MONTHLY,20,12,8,11.3,60.0
UB,TELECOM,TELE SWITCH,QUARTERLY,2,0,2,140.0,0.0
UB,TELECOM,UPS,HALF YEARLY,2,2,0,-180.0,100.0
UB,TELECOM,UPS,MONTHLY,9,0,9,49.3,0.0
UNE,AFC,AFC SWITCH,QUARTERLY,8,8,0,-32.0,100.0
UNE,AFC,AVM,MONTHLY,18,6,12,27.2,33.3
UNE,AFC,EC,HALF YEARLY,8,7,1,-115.2,87.5
UNE,AFC,EC,QUARTERLY,10,2,8,-2.2,20.0
UNE,AFC,EFO,QUARTERLY,2,0,2,47.0,0.0
UNE,AFC,EMERGENCY SWITCH,MONTHLY,4,1,3,51.2,25.0
UNE,AFC,GATE,MONTHLY,121,40,81,22.7,33.1
UNE,AFC,SWING BARRIER,MONTHLY,7,3,4,19.4,42.9
UNE,AFC,TOM,QUARTERLY,24,16,8,-22.3,66.7
UNE,AFC,TVM,BI-WEEKLY,67,28,39,13.6,41.8
UNE,AFC,TVM,MONTHLY,31,19,12,29.6,61.3
UNE,IT,IT SWITCH,QUARTERLY,2,0,2,16.0,0.0
UNE,TELECOM,CCTV,MONTHLY,2,2,0,-29.0,100.0
UNE,TELECOM,CCTV,QUARTERLY,158,95,63,-11.4,60.1
UNE,TELECOM,CLOCK,QUARTERLY,67,50,17,-25.7,74.6
UNE,TELECOM,EPABX,MONTHLY,8,0,8,65.5,0.0
UNE,TELECOM,EPABX,QUARTERLY,2,1,1,-28.0,50.0
UNE,TELECOM,NETWORKING,QUARTERLY,1,0,1,50.0,0.0
UNE,TELECOM,PAS/PIDS,QUARTERLY,646,394,252,-16.7,61.0
UNE,TELECOM,RADIO,MONTHLY,3,0,3,33.7,0.0
UNE,TELECOM,SMPS,MONTHLY,23,9,14,14.0,39.1
UNE,TELECOM,TELE SWITCH,QUARTERLY,2,0,2,45.0,0.0
UNE,TELECOM,TER ROOM,MONTHLY,1,0,1,14.0,0.0
UNE,TELECOM,UPS,HALF YEARLY,1,1,0,-180.0,100.0
UNE,TELECOM,UPS,MONTHLY,5,2,3,64.4,40.0
UNGR,AFC,AFC SWITCH,QUARTERLY,3,3,0,-59.0,100.0
UNGR,AFC,AVM,MONTHLY,6,3,3,1.7,50.0
UNGR,AFC,EC,QUARTERLY,4,4,0,-59.0,100.0
UNGR,AFC,EFO,QUARTERLY,4,2,2,-17.5,50.0
UNGR,AFC,EMERGENCY SWITCH,MONTHLY,2,0,2,16.0,0.0
UNGR,AFC,GATE,MONTHLY,34,9,25,31.3,26.5
UNGR,AFC,SWING BARRIER,MONTHLY,2,0,2,16.0,0.0
UNGR,AFC,TOM,QUARTERLY,4,4,0,-17.5,100.0
UNGR,AFC,TVM,MONTHLY,21,18,3,0.1,85.7
UNGR,TELECOM,CCTV,QUARTERLY,79,38,41,8.9,48.1
UNGR,TELECOM,CLOCK,QUARTERLY,16,8,8,10.1,50.0
UNGR,TELECOM,EARTH PIT,QUARTERLY,2,2,0,-11.0,100.0
UNGR,TELECOM,EPABX,MONTHLY,20,12,8,-0.4,60.0
UNGR,TELECOM,EPABX,QUARTERLY,3,2,1,-38.3,66.7
UNGR,TELECOM,PAS/PIDS,MONTHLY,6,2,4,5.7,33.3
UNGR,TELECOM,PAS/PIDS,QUARTERLY,203,136,67,-2.7,67.0
UNGR,TELECOM,PEST CONTROL,MONTHLY,4,1,3,7.0,25.0
UNGR,TELECOM,RADIO,MONTHLY,5,2,3,-0.4,40.0
UNGR,TELECOM,SDH/MPLS,QUARTERLY,1,1,0,-20.0,100.0
UNGR,TELECOM,SMPS,MONTHLY,7,4,3,-1.3,57.1
UNGR,TELECOM,TELE ROUTER,QUARTERLY,2,2,0,-20.0,100.0
UNGR,TELECOM,TELE SWITCH,QUARTERLY,2,2,0,-20.0,100.0
UNGR,TELECOM,UPS,MONTHLY,8,3,5,16.5,37.5
UNW,AFC,AFC SWITCH,QUARTERLY,3,0,3,87.0,0.0
UNW,AFC,AVM,MONTHLY,32,24,8,-2.1,75.0
UNW,AFC,EC,QUARTERLY,7,0,7,10.0,0.0
UNW,AFC,EFO,QUARTERLY,2,0,2,59.0,0.0
UNW,AFC,EMERGENCY SWITCH,MONTHLY,6,4,2,20.0,66.7
UNW,AFC,GATE,MONTHLY,147,106,41,4.7,72.1
UNW,AFC,SWING BARRIER,MONTHLY,14,12,2,1.9,85.7
UNW,AFC,TOM,QUARTERLY,4,0,4,102.0,0.0
UNW,AFC,TVM,BI-WEEKLY,112,48,64,5.7,42.9
UNW,AFC,TVM,MONTHLY,80,48,32,-2.4,60.0
UNW,TELECOM,CCTV,MONTHLY,4,0,4,21.0,0.0
UNW,TELECOM,CCTV,QUARTERLY,69,8,61,44.9,11.6
UNW,TELECOM,CLOCK,QUARTERLY,24,3,21,47.5,12.5
UNW,TELECOM,EPABX,MONTHLY,6,0,6,32.0,0.0
UNW,TELECOM,EPABX,QUARTERLY,1,0,1,28.0,0.0
UNW,TELECOM,NETWORKING,QUARTERLY,1,1,0,-79.0,100.0
UNW,TELECOM,PAS/PIDS,HALF YEARLY,20,16,4,-132.6,80.0
UNW,TELECOM,PAS/PIDS,QUARTERLY,471,347,124,-31.0,73.7
UNW,TELECOM,RADIO,MONTHLY,4,1,3,25.8,25.0
UNW,TELECOM,SDH/MPLS,QUARTERLY,1,0,1,62.0,0.0
UNW,TELECOM,SMPS,HALF YEARLY,2,0,2,93.0,0.0
UNW,TELECOM,SMPS,MONTHLY,20,12,8,16.3,60.0
UNW,TELECOM,TELE SWITCH,QUARTERLY,6,2,4,66.0,33.3
UNW,TELECOM,UPS,HALF YEARLY,8,7,1,-132.5,87.5
UNW,TELECOM,UPS,MONTHLY,13,5,8,42.3,38.5
VASI,AFC,AFC SWITCH,QUARTERLY,16,8,8,27.5,50.0
VASI,AFC,AVM,MONTHLY,35,28,7,25.0,80.0
VASI,AFC,EC,HALF YEARLY,7,0,7,9.0,0.0
VASI,AFC,EFO,QUARTERLY,12,9,3,-0.2,75.0
VASI,AFC,EMERGENCY SWITCH,MONTHLY,2,0,2,224.5,0.0
VASI,AFC,GATE,MONTHLY,304,188,116,2.1,61.8
VASI,AFC,SWING BARRIER,MONTHLY,2,0,2,230.0,0.0
VASI,AFC,TOM,QUARTERLY,25,15,10,4.0,60.0
VASI,AFC,TVM,BI-WEEKLY,78,36,42,18.8,46.2
VASI,AFC,TVM,MONTHLY,60,30,30,16.5,50.0
VASI,TELECOM,CCTV,QUARTERLY,210,79,131,40.4,37.6
VASI,TELECOM,CLOCK,HALF YEARLY,4,2,2,2.0,50.0
VASI,TELECOM,CLOCK,QUARTERLY,86,44,42,1.2,51.2
VASI,TELECOM,EARTH PIT,QUARTERLY,2,1,1,47.5,50.0
VASI,TELECOM,EPABX,HALF YEARLY,2,1,1,2.0,50.0
VASI,TELECOM,EPABX,MONTHLY,48,28,20,5.7,58.3
VASI,TELECOM,EPABX,QUARTERLY,2,1,1,82.5,50.0
VASI,TELECOM,EPABX,YEARLY,1,0,1,15.0,0.0
VASI,TELECOM,PAS/PIDS,HALF YEARLY,14,10,4,-46.1,71.4
VASI,TELECOM,PAS/PIDS,QUARTERLY,562,406,156,-7.3,72.2
VASI,TELECOM,PAS/PIDS,YEARLY,9,0,9,41.0,0.0
VASI,TELECOM,RADIO,HALF YEARLY,2,1,1,2.0,50.0
VASI,TELECOM,RADIO,MONTHLY,13,8,5,7.4,61.5
VASI,TELECOM,SDH/MPLS,HALF YEARLY,2,2,0,-93.0,100.0
VASI,TELECOM,SDH/MPLS,QUARTERLY,1,1,0,-21.0,100.0
VASI,TELECOM,SMPS,HALF YEARLY,4,0,4,7.5,0.0
VASI,TELECOM,SMPS,MONTHLY,34,20,14,-1.0,58.8
VASI,TELECOM,TELE SWITCH,HALF YEARLY,2,2,0,-6.0,100.0
VASI,TELECOM,TELE SWITCH,QUARTERLY,4,2,2,39.0,50.0
VASI,TELECOM,TELE SWITCH,YEARLY,2,0,2,13.0,0.0
VENT,AFC,AFC SWITCH,QUARTERLY,3,0,3,37.0,0.0
VENT,AFC,AVM,MONTHLY,10,2,8,16.4,20.0
VENT,AFC,EC,QUARTERLY,6,6,0,-33.0,100.0
VENT,AFC,EFO,QUARTERLY,5,4,1,-7.4,80.0
VENT,AFC,EMERGENCY SWITCH,MONTHLY,5,1,4,16.4,20.0
VENT,AFC,GATE,MONTHLY,156,124,32,-3.8,79.5
VENT,AFC,RCTM,BI-WEEKLY,17,9,8,13.8,52.9
VENT,AFC,RCTM,MONTHLY,10,8,2,13.3,80.0
VENT,AFC,SWING BARRIER,MONTHLY,3,0,3,47.3,0.0
VENT,AFC,TOM,QUARTERLY,4,2,2,13.2,50.0
VENT,AFC,TVM,BI-WEEKLY,54,27,27,12.2,50.0
VENT,AFC,TVM,MONTHLY,33,27,6,10.6,81.8
VENT,TELECOM,CCTV,HALF YEARLY,143,118,25,-72.2,82.5
VENT,TELECOM,CCTV,QUARTERLY,701,667,34,-51.6,95.1
VENT,TELECOM,CLOCK,QUARTERLY,162,149,13,-52.9,92.0
VENT,TELECOM,EARTH PIT,QUARTERLY,8,0,8,26.0,0.0
VENT,TELECOM,EPABX,HALF YEARLY,8,4,4,5.5,50.0
VENT,TELECOM,EPABX,MONTHLY,24,8,16,37.8,33.3
VENT,TELECOM,EPABX,QUARTERLY,46,30,16,-25.8,65.2
VENT,TELECOM,PAS/PIDS,HALF YEARLY,26,13,13,-39.1,50.0
VENT,TELECOM,PAS/PIDS,QUARTERLY,910,884,26,-53.1,97.1
VENT,TELECOM,PAS/PIDS,YEARLY,4,4,0,-225.0,100.0
VENT,TELECOM,RADIO,MONTHLY,9,3,6,21.4,33.3
VENT,TELECOM,SDH/MPLS,QUARTERLY,2,0,2,165.0,0.0
VENT,TELECOM,SMPS,HALF YEARLY,4,2,2,54.5,50.0
VENT,TELECOM,SMPS,MONTHLY,42,30,12,-5.7,71.4
VENT,TELECOM,TER ROOM,MONTHLY,1,0,1,4.0,0.0
VENT,TELECOM,UPS,MONTHLY,14,3,11,37.9,21.4
VNNR,AFC,AFC ROUTER,QUARTERLY,2,1,1,51.0,50.0
VNNR,AFC,AFC SWITCH,QUARTERLY,15,11,4,-12.4,73.3
VNNR,AFC,AVM,MONTHLY,37,20,17,10.2,54.1
VNNR,AFC,EC,HALF YEARLY,4,0,4,42.0,0.0
VNNR,AFC,EFO,QUARTERLY,12,10,2,-19.3,83.3
VNNR,AFC,EMERGENCY SWITCH,MONTHLY,4,0,4,104.5,0.0
VNNR,AFC,GATE,MONTHLY,144,104,40,-1.2,72.2
VNNR,AFC,RCTM,BI-WEEKLY,13,5,8,18.4,38.5
VNNR,AFC,RCTM,MONTHLY,14,10,4,3.9,71.4
VNNR,AFC,SC,HALF YEARLY,1,0,1,6.0,0.0
VNNR,AFC,SWING BARRIER,MONTHLY,10,6,4,15.6,60.0
VNNR,AFC,TOM,QUARTERLY,14,12,2,-29.4,85.7
VNNR,AFC,TVM,BI-WEEKLY,48,24,24,14.8,50.0
VNNR,AFC,TVM,MONTHLY,39,30,9,6.5,76.9
VNNR,TELECOM,CCTV,HALF YEARLY,38,38,0,-81.7,100.0
VNNR,TELECOM,CCTV,QUARTERLY,706,674,32,-52.7,95.5
VNNR,TELECOM,CLOCK,HALF YEARLY,4,4,0,-95.0,100.0
VNNR,TELECOM,CLOCK,QUARTERLY,97,82,15,-35.7,84.5
VNNR,TELECOM,EARTH PIT,QUARTERLY,8,0,8,98.0,0.0
VNNR,TELECOM,EPABX,HALF YEARLY,5,5,0,-75.2,100.0
VNNR,TELECOM,EPABX,MONTHLY,13,0,13,89.0,0.0
VNNR,TELECOM,EPABX,QUARTERLY,37,37,0,-51.8,100.0
VNNR,TELECOM,PAS/PIDS,HALF YEARLY,16,6,10,76.5,37.5
VNNR,TELECOM,PAS/PIDS,MONTHLY,249,99,150,42.8,39.8
VNNR,TELECOM,PAS/PIDS,QUARTERLY,494,394,100,-26.5,79.8
VNNR,TELECOM,RADIO,MONTHLY,8,3,5,28.0,37.5
VNNR,TELECOM,SDH/MPLS,HALF YEARLY,2,1,1,-47.5,50.0
VNNR,TELECOM,SDH/MPLS,QUARTERLY,2,0,2,78.0,0.0
VNNR,TELECOM,SMPS,HALF YEARLY,2,0,2,178.0,0.0
VNNR,TELECOM,SMPS,MONTHLY,67,55,12,-15.1,82.1
VNNR,TELECOM,SMPS,YEARLY,2,2,0,-251.0,100.0
VNNR,TELECOM,UPS,HALF YEARLY,6,6,0,-163.2,100.0
VNNR,TELECOM,UPS,MONTHLY,6,0,6,58.5,0.0
VNNR,TELECOM,UPS,QUARTERLY,1,0,1,154.0,0.0
VNNRD,IT,IT SWITCH,QUARTERLY,25,21,4,-53.1,84.0
VNNRD,TELECOM,CCTV,MONTHLY,98,45,53,17.7,45.9
VNNRD,TELECOM,CCTV,QUARTERLY,128,81,47,-3.5,63.3
VNNRD,TELECOM,CLOCK,QUARTERLY,48,21,27,-6.1,43.8
VNNRD,TELECOM,EARTH PIT,QUARTERLY,20,18,2,-63.8,90.0
VNNRD,TELECOM,EPABX,HALF YEARLY,12,10,2,-68.1,83.3
VNNRD,TELECOM,EPABX,QUARTERLY,16,13,3,-15.7,81.2
VNNRD,TELECOM,EPABX,YEARLY,1,1,0,-301.0,100.0
VNNRD,TELECOM,PAS/PIDS,HALF YEARLY,9,0,9,177.0,0.0
VNNRD,TELECOM,PAS/PIDS,MONTHLY,209,27,182,95.8,12.9
VNNRD,TELECOM,PAS/PIDS,QUARTERLY,117,117,0,-67.7,100.0
VNNRD,TELECOM,RADIO,HALF YEARLY,103,75,28,-78.8,72.8
VNNRD,TELECOM,RADIO,MONTHLY,137,42,95,16.7,30.7
VNNRD,TELECOM,SDH/MPLS,HALF YEARLY,1,0,1,97.0,0.0
VNNRD,TELECOM,SDH/MPLS,QUARTERLY,1,0,1,43.0,0.0
VNNRD,TELECOM,SMPS,HALF YEARLY,4,2,2,-30.5,50.0
VNNRD,TELECOM,SMPS,MONTHLY,48,40,8,-9.9,83.3
VNNRD,TELECOM,SMPS,YEARLY,2,2,0,-328.0,100.0
VNNRD,TELECOM,TER ROOM,MONTHLY,1,0,1,5.0,0.0
VNPI,AFC,AFC SWITCH,QUARTERLY,35,21,14,-11.8,60.0
VNPI,AFC,AVM,MONTHLY,46,14,32,12.0,30.4
VNPI,AFC,EC,QUARTERLY,20,14,6,0.2,70.0
VNPI,AFC,EMERGENCY SWITCH,MONTHLY,18,6,12,23.7,33.3
VNPI,AFC,GATE,MONTHLY,381,241,140,-4.6,63.3
VNPI,AFC,RCTM,BI-WEEKLY,30,16,14,16.1,53.3
VNPI,AFC,RCTM,MONTHLY,22,14,8,12.9,63.6
VNPI,AFC,SWING BARRIER,MONTHLY,24,10,14,10.2,41.7
VNPI,AFC,TOM,QUARTERLY,32,28,4,-38.9,87.5
VNPI,AFC,TVM,BI-WEEKLY,252,129,123,14.5,51.2
VNPI,AFC,TVM,MONTHLY,173,118,55,13.6,68.2
VNPI,TELECOM,CCTV,QUARTERLY,330,235,95,-8.5,71.2
VNPI,TELECOM,CCTV,YEARLY,2,2,0,-247.0,100.0
VNPI,TELECOM,CLOCK,HALF YEARLY,2,1,1,-31.0,50.0
VNPI,TELECOM,CLOCK,QUARTERLY,104,69,35,-18.6,66.3
VNPI,TELECOM,EPABX,HALF YEARLY,57,39,18,-67.3,68.4
VNPI,TELECOM,EPABX,MONTHLY,26,9,17,24.0,34.6
VNPI,TELECOM,EPABX,QUARTERLY,108,66,42,0.3,61.1
VNPI,TELECOM,PAS/PIDS,HALF YEARLY,32,17,15,-26.1,53.1
VNPI,TELECOM,PAS/PIDS,MONTHLY,106,0,106,183.6,0.0
VNPI,TELECOM,PAS/PIDS,QUARTERLY,298,88,210,57.1,29.5
VNPI,TELECOM,PAS/PIDS,YEARLY,4,4,0,-281.0,100.0
VNPI,TELECOM,RADIO,HALF YEARLY,10,10,0,-97.6,100.0
VNPI,TELECOM,RADIO,MONTHLY,11,4,7,9.5,36.4
VNPI,TELECOM,SDH/MPLS,HALF YEARLY,2,1,1,-73.0,50.0
VNPI,TELECOM,SDH/MPLS,QUARTERLY,3,2,1,-1.0,66.7
VNPI,TELECOM,SMPS,HALF YEARLY,2,0,2,27.0,0.0
VNPI,TELECOM,SMPS,MONTHLY,25,9,16,9.2,36.0
VNPI,TELECOM,UPS,HALF YEARLY,2,2,0,-180.0,100.0
VNPI,TELECOM,UPS,MONTHLY,1,0,1,130.0,0.0
VS,AFC,AFC SWITCH,QUARTERLY,5,3,2,-36.2,60.0
VS,AFC,AFC SWITCH,YEARLY,1,1,0,-192.0,100.0
VS,AFC,AVM,MONTHLY,14,8,6,3.2,57.1
VS,AFC,EC,HALF YEARLY,3,0,3,6.0,0.0
VS,AFC,EFO,QUARTERLY,8,4,4,-0.6,50.0
VS,AFC,EMERGENCY SWITCH,MONTHLY,2,0,2,67.0,0.0
VS,AFC,GATE,MONTHLY,132,79,53,0.7,59.8
VS,AFC,SC,HALF YEARLY,1,0,1,22.0,0.0
VS,AFC,SWING BARRIER,MONTHLY,5,1,4,56.4,20.0
VS,AFC,TOM,QUARTERLY,8,4,4,-0.6,50.0
VS,AFC,TVM,MONTHLY,45,27,18,0.3,60.0
VS,TELECOM,CCTV,HALF YEARLY,47,0,47,6.4,0.0
VS,TELECOM,CCTV,QUARTERLY,137,52,85,22.7,38.0
VS,TELECOM,CLOCK,HALF YEARLY,2,1,1,-41.0,50.0
VS,TELECOM,CLOCK,QUARTERLY,56,13,43,24.1,23.2
VS,TELECOM,EPABX,HALF YEARLY,21,21,0,-80.3,100.0
VS,TELECOM,EPABX,MONTHLY,24,15,9,13.7,62.5
VS,TELECOM,EPABX,QUARTERLY,9,7,2,-41.4,77.8
VS,TELECOM,PAS/PIDS,HALF YEARLY,11,0,11,91.9,0.0
VS,TELECOM,PAS/PIDS,MONTHLY,24,14,10,-2.0,58.3
VS,TELECOM,PAS/PIDS,QUARTERLY,267,107,160,20.0,40.1
VS,TELECOM,RADIO,MONTHLY,21,16,5,-0.7,76.2
VS,TELECOM,SDH/MPLS,HALF YEARLY,1,0,1,7.0,0.0
VS,TELECOM,SDH/MPLS,QUARTERLY,3,2,1,-14.3,66.7
VS,TELECOM,SMPS,HALF YEARLY,2,0,2,6.0,0.0
VS,TELECOM,SMPS,MONTHLY,30,16,14,1.4,53.3
VS,TELECOM,TELE ROUTER,QUARTERLY,1,0,1,244.0,0.0
VS,TELECOM,TELE SWITCH,HALF YEARLY,2,0,2,7.0,0.0
VS,TELECOM,UPS,HALF YEARLY,1,1,0,-173.0,100.0
VS,TELECOM,UPS,MONTHLY,29,16,13,1.9,55.2
VTVR,AFC,AVM,MONTHLY,16,8,8,87.5,50.0
VTVR,AFC,EFO,QUARTERLY,4,0,4,89.5,0.0
VTVR,AFC,GATE,MONTHLY,177,77,100,12.4,43.5
VTVR,AFC,RCTM,BI-WEEKLY,23,7,16,24.7,30.4
VTVR,AFC,RCTM,MONTHLY,20,7,13,16.5,35.0
VTVR,AFC,SC,HALF YEARLY,1,1,0,-82.0,100.0
VTVR,AFC,SWING BARRIER,MONTHLY,12,2,10,50.7,16.7
VTVR,AFC,TOM,QUARTERLY,4,1,3,89.5,25.0
VTVR,AFC,TVM,BI-WEEKLY,115,33,82,22.4,28.7
VTVR,AFC,TVM,MONTHLY,81,24,57,18.0,29.6
VTVR,TELECOM,CCTV,QUARTERLY,221,141,80,5.8,63.8
VTVR,TELECOM,CLOCK,HALF YEARLY,1,1,0,-29.0,100.0
VTVR,TELECOM,CLOCK,QUARTERLY,6,6,0,-58.2,100.0
VTVR,TELECOM,EPABX,HALF YEARLY,2,2,0,-104.5,100.0
VTVR,TELECOM,EPABX,MONTHLY,26,3,23,67.0,11.5
VTVR,TELECOM,EPABX,QUARTERLY,6,4,2,-15.0,66.7
VTVR,TELECOM,PAS/PIDS,MONTHLY,13,4,9,37.3,30.8
VTVR,TELECOM,PAS/PIDS,QUARTERLY,10,10,0,-3.0,100.0
VTVR,TELECOM,PAS/PIDS,YEARLY,1,1,0,-365.0,100.0
VTVR,TELECOM,RADIO,MONTHLY,5,1,4,64.2,20.0
VTVR,TELECOM,SDH/MPLS,QUARTERLY,2,1,1,19.5,50.0
VTVR,TELECOM,SMPS,HALF YEARLY,6,4,2,-28.3,66.7
VTVR,TELECOM,SMPS,MONTHLY,26,16,10,5.0,61.5
VTVR,TELECOM,UPS,MONTHLY,1,0,1,61.0,0.0
VW,AFC,AFC SWITCH,QUARTERLY,4,2,2,-14.0,50.0
VW,AFC,AVM,MONTHLY,50,19,31,5.7,38.0
VW,AFC,EC,HALF YEARLY,7,0,7,83.0,0.0
VW,AFC,EFO,QUARTERLY,18,14,4,-14.7,77.8
VW,AFC,EMERGENCY SWITCH,MONTHLY,6,0,6,39.7,0.0
VW,AFC,GATE,MONTHLY,434,245,189,1.2,56.5
VW,AFC,SWING BARRIER,MONTHLY,10,5,5,19.7,50.0
VW,AFC,TOM,QUARTERLY,16,11,5,-8.2,68.8
VW,AFC,TVM,MONTHLY,101,77,24,-2.6,76.2
VW,IT,IT SWITCH,QUARTERLY,1,1,0,-68.0,100.0
VW,TELECOM,CCTV,QUARTERLY,201,67,134,20.0,33.3
VW,TELECOM,CLOCK,HALF YEARLY,2,2,0,-54.0,100.0
VW,TELECOM,CLOCK,QUARTERLY,102,76,26,-27.7,74.5
VW,TELECOM,EPABX,MONTHLY,28,16,12,7.4,57.1
VW,TELECOM,EPABX,QUARTERLY,152,104,48,-36.0,68.4
VW,TELECOM,PAS/PIDS,HALF YEARLY,6,0,6,24.0,0.0
VW,TELECOM,PAS/PIDS,MONTHLY,55,18,37,123.3,32.7
VW,TELECOM,PAS/PIDS,QUARTERLY,693,508,185,-25.5,73.3
VW,TELECOM,RADIO,HALF YEARLY,3,3,0,-180.0,100.0
VW,TELECOM,RADIO,MONTHLY,23,11,12,3.3,47.8
VW,TELECOM,SDH/MPLS,QUARTERLY,5,4,1,-41.2,80.0
VW,TELECOM,SMPS,HALF YEARLY,2,0,2,46.0,0.0
VW,TELECOM,SMPS,MONTHLY,36,26,10,-2.0,72.2
VW,TELECOM,TER ROOM,MONTHLY,1,1,0,-23.0,100.0
WC1,AFC,AFC SWITCH,QUARTERLY,9,6,3,-1.3,66.7
WC1,AFC,AVM,MONTHLY,28,18,10,4.1,64.3
WC1,AFC,EC,QUARTERLY,10,5,5,-8.5,50.0
WC1,AFC,EFO,QUARTERLY,17,16,1,-59.9,94.1
WC1,AFC,GATE,MONTHLY,204,138,66,-2.4,67.6
WC1,AFC,SC,HALF YEARLY,1,0,1,8.0,0.0
WC1,AFC,SWING BARRIER,MONTHLY,5,1,4,28.6,20.0
WC1,AFC,TOM,QUARTERLY,26,24,2,-52.4,92.3
WC1,AFC,TVM,BI-WEEKLY,92,6,86,17.0,6.5
WC1,AFC,TVM,MONTHLY,35,20,15,20.3,57.1
WC1,IT,IT SWITCH,QUARTERLY,1,1,0,-7.0,100.0
WC1,TELECOM,CCTV,MONTHLY,4,4,0,-30.0,100.0
WC1,TELECOM,CCTV,QUARTERLY,84,46,38,23.3,54.8
WC1,TELECOM,CLOCK,QUARTERLY,32,17,15,-4.1,53.1
WC1,TELECOM,EARTH PIT,QUARTERLY,10,6,4,-7.2,60.0
WC1,TELECOM,EPABX,HALF YEARLY,1,0,1,31.0,0.0
WC1,TELECOM,EPABX,MONTHLY,56,40,16,-4.4,71.4
WC1,TELECOM,EPABX,QUARTERLY,21,18,3,-40.8,85.7
WC1,TELECOM,PAS/PIDS,HALF YEARLY,4,4,0,-42.0,100.0
WC1,TELECOM,PAS/PIDS,QUARTERLY,162,8,154,79.1,4.9
WC1,TELECOM,RADIO,HALF YEARLY,3,2,1,-44.7,66.7
WC1,TELECOM,RADIO,MONTHLY,13,8,5,-3.5,61.5
WC1,TELECOM,SDH/MPLS,HALF YEARLY,1,0,1,15.0,0.0
WC1,TELECOM,SMPS,HALF YEARLY,4,2,2,11.5,50.0
WC1,TELECOM,SMPS,MONTHLY,32,18,14,1.6,56.2
WC1,TELECOM,TELE SWITCH,QUARTERLY,4,2,2,65.0,50.0
WC1,TELECOM,UPS,HALF YEARLY,3,3,0,-121.7,100.0
WC1,TELECOM,UPS,MONTHLY,35,19,16,-0.8,54.3
WC7,AFC,AFC ROUTER,QUARTERLY,3,3,0,-41.0,100.0
WC7,AFC,AFC SWITCH,QUARTERLY,9,9,0,-40.6,100.0
WC7,AFC,AVM,MONTHLY,6,0,6,41.0,0.0
WC7,AFC,EC,QUARTERLY,2,0,2,12.0,0.0
WC7,AFC,EFO,QUARTERLY,3,0,3,20.7,0.0
WC7,AFC,EMERGENCY SWITCH,MONTHLY,3,0,3,39.7,0.0
WC7,AFC,GATE,MONTHLY,70,46,24,-2.3,65.7
WC7,AFC,RCTM,BI-WEEKLY,19,11,8,10.9,57.9
WC7,AFC,RCTM,MONTHLY,14,9,5,4.6,64.3
WC7,AFC,SC,HALF YEARLY,1,1,0,-76.0,100.0
WC7,AFC,SWING BARRIER,MONTHLY,4,1,3,24.5,25.0
WC7,AFC,TOM,QUARTERLY,5,2,3,-4.0,40.0
WC7,AFC,TVM,BI-WEEKLY,38,20,18,10.9,52.6
WC7,AFC,TVM,MONTHLY,26,18,8,7.2,69.2
WC7,TELECOM,CCTV,HALF YEARLY,55,4,51,112.1,7.3
WC7,TELECOM,CCTV,QUARTERLY,297,209,88,-7.0,70.4
WC7,TELECOM,CLOCK,QUARTERLY,106,91,15,-47.7,85.8
WC7,TELECOM,EARTH PIT,QUARTERLY,16,12,4,-36.8,75.0
WC7,TELECOM,EPABX,HALF YEARLY,4,0,4,70.0,0.0
WC7,TELECOM,EPABX,MONTHLY,27,11,16,35.2,40.7
WC7,TELECOM,EPABX,QUARTERLY,22,8,14,28.9,36.4
WC7,TELECOM,PAS/PIDS,HALF YEARLY,25,25,0,-180.0,100.0
WC7,TELECOM,PAS/PIDS,MONTHLY,306,148,158,30.0,48.4
WC7,TELECOM,PAS/PIDS,QUARTERLY,693,606,87,-54.3,87.4
WC7,TELECOM,PAS/PIDS,YEARLY,4,4,0,-352.0,100.0
WC7,TELECOM,RADIO,MONTHLY,9,3,6,22.9,33.3
WC7,TELECOM,SDH/MPLS,HALF YEARLY,1,1,0,0.0,100.0
WC7,TELECOM,SMPS,HALF YEARLY,2,0,2,148.0,0.0
WC7,TELECOM,SMPS,MONTHLY,46,34,12,-9.0,73.9
WC7,TELECOM,UPS,MONTHLY,7,2,5,87.6,28.6
YB,AFC,AFC ROUTER,QUARTERLY,1,0,1,71.0,0.0
YB,AFC,AFC SWITCH,QUARTERLY,2,0,2,176.0,0.0
YB,AFC,AFC SWITCH,YEARLY,2,2,0,-197.0,100.0
YB,AFC,AVM,MONTHLY,1,0,1,100.0,0.0
YB,AFC,EMERGENCY SWITCH,MONTHLY,2,1,1,-4.5,50.0
YB,AFC,GATE,MONTHLY,78,42,36,2.5,53.8
YB,AFC,SWING BARRIER,MONTHLY,3,1,2,17.0,33.3
YB,AFC,TOM,QUARTERLY,3,1,2,31.3,33.3
YB,TELECOM,CCTV,QUARTERLY,124,51,73,46.0,41.1
YB,TELECOM,CLOCK,QUARTERLY,81,50,31,4.5,61.7
YB,TELECOM,CLOCK,YEARLY,6,6,0,-347.3,100.0
YB,TELECOM,EPABX,MONTHLY,8,2,6,64.2,25.0
YB,TELECOM,EPABX,QUARTERLY,8,5,3,-43.5,62.5
YB,TELECOM,PAS/PIDS,HALF YEARLY,7,5,2,-62.9,71.4
YB,TELECOM,PAS/PIDS,MONTHLY,11,0,11,92.7,0.0
YB,TELECOM,PAS/PIDS,QUARTERLY,358,229,129,19.9,64.0
YB,TELECOM,PAS/PIDS,YEARLY,18,17,1,-344.4,94.4
YB,TELECOM,RADIO,MONTHLY,15,6,9,29.9,40.0
YB,TELECOM,SDH/MPLS,HALF YEARLY,2,2,0,-180.0,100.0
YB,TELECOM,SDH/MPLS,QUARTERLY,2,0,2,99.0,0.0
YB,TELECOM,SMPS,MONTHLY,26,14,12,9.8,53.8
YB,TELECOM,SMPS,YEARLY,2,2,0,-365.0,100.0
YB,TELECOM,TELE ROUTER,YEARLY,2,1,1,-141.0,50.0
YB,TELECOM,TELE SWITCH,YEARLY,2,0,2,83.0,0.0
YBD,TELECOM,CCTV,HALF YEARLY,2,2,0,-126.0,100.0
YBD,TELECOM,CCTV,QUARTERLY,12,7,5,-12.6,58.3
YBD,TELECOM,CLOCK,HALF YEARLY,2,2,0,-78.5,100.0
YBD,TELECOM,CLOCK,QUARTERLY,7,5,2,-41.0,71.4
YBD,TELECOM,EARTH PIT,QUARTERLY,13,13,0,-38.3,100.0
YBD,TELECOM,EPABX,QUARTERLY,6,4,2,31.7,66.7
YBD,TELECOM,NETWORKING,YEARLY,2,2,0,-294.0,100.0
YBD,TELECOM,PAS/PIDS,HALF YEARLY,2,2,0,-26.0,100.0
YBD,TELECOM,PAS/PIDS,MONTHLY,27,4,23,42.4,14.8
YBD,TELECOM,PAS/PIDS,QUARTERLY,24,22,2,-79.2,91.7
YBD,TELECOM,PAS/PIDS,YEARLY,20,20,0,-230.0,100.0
YBD,TELECOM,RADIO,HALF YEARLY,92,92,0,-55.1,100.0
YBD,TELECOM,RADIO,MONTHLY,16,9,7,16.1,56.2
YBD,TELECOM,SDH/MPLS,HALF YEARLY,1,1,0,-104.0,100.0
YBD,TELECOM,SDH/MPLS,QUARTERLY,1,1,0,-8.0,100.0
YBD,TELECOM,SMPS,MONTHLY,26,16,10,3.1,61.5
YBD,TELECOM,TRAIN RADIO,HALF YEARLY,19,19,0,-120.3,100.0
YMVR,AFC,CSM,MONTHLY,2,2,0,-6.0,100.0
YMVR,AFC,GATE,MONTHLY,12,12,0,-9.0,100.0
YMVR,AFC,TIM,BI-WEEKLY,3,0,3,7.0,0.0
YMVR,AFC,TIM,MONTHLY,3,3,0,-9.0,100.0
YMVR,TELECOM,PAS/PIDS,QUARTERLY,43,43,0,-90.0,100.0
YMVR,TELECOM,TER ROOM,MONTHLY,1,1,0,-30.0,100.0
